[2026-05-21T15:46:10.333Z] === APP STARTED ===
[2026-05-21T15:46:10.338Z] DB: smartaqu_skripsi_db
[2026-05-21T15:46:10.535Z] Database Connected
[2026-05-21T15:46:11.236Z] MQTT Connected
[2026-05-21T15:46:11.421Z] Subscribed: aquaponic/device/data
[2026-05-21T15:46:13.425Z] Topic: aquaponic/device/data
[2026-05-21T15:46:13.426Z] Payload: {"mac_address":"ESP:32:AA:BB:CC:01","sensors":{"temperature":15.1,"humidity":70,"ph":6.8}}
[2026-05-21T15:46:13.435Z] temperature => 15.1
[2026-05-21T15:46:13.436Z] humidity => 70
[2026-05-21T15:46:13.437Z] ph => 6.8
[2026-05-21T15:46:13.451Z] temperature: 15.1 saved
[2026-05-21T15:46:13.464Z] humidity: 70 saved
[2026-05-21T15:46:13.477Z] ph: 6.8 saved
[2026-05-21T15:46:23.462Z] Topic: aquaponic/device/data
[2026-05-21T15:46:23.463Z] Payload: {"mac_address":"ESP:32:AA:BB:CC:01","sensors":{"temperature":28.2,"humidity":72.4,"ph":5}}
[2026-05-21T15:46:23.466Z] temperature => 28.2
[2026-05-21T15:46:23.467Z] humidity => 72.4
[2026-05-21T15:46:23.467Z] ph => 5
[2026-05-21T15:46:23.477Z] temperature: 28.2 saved
[2026-05-21T15:46:23.487Z] humidity: 72.4 saved
[2026-05-21T15:46:23.505Z] ph: 5 saved
[2026-05-22T00:20:24.637Z] === APP STARTED ===
[2026-05-22T00:20:24.909Z] Database Connected
[2026-05-22T00:20:25.586Z] MQTT Connected
[2026-05-22T00:20:25.769Z] Subscribed: aquaponic/device/data
[2026-05-22T00:20:48.915Z] === APP STARTED ===
[2026-05-22T00:20:49.142Z] Database Connected
[2026-05-22T00:20:49.910Z] MQTT Connected
[2026-05-22T00:20:50.097Z] Subscribed: aquaponic/device/data
[2026-05-22T00:40:16.522Z] APP STARTED
[2026-05-22T00:40:17.616Z] MQTT Connected
[2026-05-22T00:40:17.618Z] Subscribed
[2026-05-22T00:40:30.430Z] APP STARTED
[2026-05-22T00:40:31.281Z] MQTT Connected
[2026-05-22T00:40:31.283Z] Subscribed
[2026-05-22T00:40:35.963Z] APP STARTED
[2026-05-22T00:40:36.837Z] MQTT Connected
[2026-05-22T00:40:36.839Z] Subscribed
[2026-05-22T00:42:04.377Z] Topic: aquaponic/device/data
[2026-05-22T00:42:04.377Z] {
    "mac_address":"AA:BB:CC:DD",
    "site_id":1,
    "sensors":{
      "ph":6.8,
      "temp":27.5
    }
  }
[2026-05-22T00:42:04.377Z] Topic: aquaponic/device/data
[2026-05-22T00:42:04.377Z] Payload: {"mac_address":"AA:BB:CC:DD","site_id":1,"sensors":{"ph":6.8,"temp":27.5}}
[2026-05-22T00:42:04.386Z] Device not found
[2026-05-22T00:42:14.367Z] Topic: aquaponic/device/data
[2026-05-22T00:42:14.367Z] Topic: aquaponic/device/data
[2026-05-22T00:42:14.367Z] {
    "mac_address":"AA:BB:CC:DD",
    "site_id":1,
    "sensors":{
      "ph":6.8,
      "temp":27.5
    }
  }
[2026-05-22T00:42:14.368Z] Payload: {"mac_address":"AA:BB:CC:DD","site_id":1,"sensors":{"ph":6.8,"temp":27.5}}
[2026-05-22T00:42:14.369Z] Device not found
[2026-05-22T00:42:24.378Z] Topic: aquaponic/device/data
[2026-05-22T00:42:24.378Z] Topic: aquaponic/device/data
[2026-05-22T00:42:24.378Z] Payload: {"mac_address":"AA:BB:CC:DD","site_id":1,"sensors":{"ph":6.8,"temp":27.5}}
[2026-05-22T00:42:24.379Z] {
    "mac_address":"AA:BB:CC:DD",
    "site_id":1,
    "sensors":{
      "ph":6.8,
      "temp":27.5
    }
  }
[2026-05-22T00:42:24.380Z] Device not found
[2026-05-22T00:42:34.371Z] Topic: aquaponic/device/data
[2026-05-22T00:42:34.371Z] Payload: {"mac_address":"AA:BB:CC:DD","site_id":1,"sensors":{"ph":6.8,"temp":27.5}}
[2026-05-22T00:42:34.371Z] Topic: aquaponic/device/data
[2026-05-22T00:42:34.372Z] {
    "mac_address":"AA:BB:CC:DD",
    "site_id":1,
    "sensors":{
      "ph":6.8,
      "temp":27.5
    }
  }
[2026-05-22T00:42:34.373Z] Device not found
[2026-05-22T00:42:44.371Z] Topic: aquaponic/device/data
[2026-05-22T00:42:44.372Z] {
    "mac_address":"AA:BB:CC:DD",
    "site_id":1,
    "sensors":{
      "ph":6.8,
      "temp":27.5
    }
  }
[2026-05-22T00:42:44.372Z] Topic: aquaponic/device/data
[2026-05-22T00:42:44.373Z] Payload: {"mac_address":"AA:BB:CC:DD","site_id":1,"sensors":{"ph":6.8,"temp":27.5}}
[2026-05-22T00:42:44.374Z] Device not found
[2026-05-22T00:42:54.374Z] Topic: aquaponic/device/data
[2026-05-22T00:42:54.374Z] Payload: {"mac_address":"AA:BB:CC:DD","site_id":1,"sensors":{"ph":6.8,"temp":27.5}}
[2026-05-22T00:42:54.375Z] Topic: aquaponic/device/data
[2026-05-22T00:42:54.376Z] {
    "mac_address":"AA:BB:CC:DD",
    "site_id":1,
    "sensors":{
      "ph":6.8,
      "temp":27.5
    }
  }
[2026-05-22T00:42:54.376Z] Device not found
[2026-05-22T00:43:04.375Z] Topic: aquaponic/device/data
[2026-05-22T00:43:04.375Z] Topic: aquaponic/device/data
[2026-05-22T00:43:04.375Z] {
    "mac_address":"AA:BB:CC:DD",
    "site_id":1,
    "sensors":{
      "ph":6.8,
      "temp":27.5
    }
  }
[2026-05-22T00:43:04.375Z] Payload: {"mac_address":"AA:BB:CC:DD","site_id":1,"sensors":{"ph":6.8,"temp":27.5}}
[2026-05-22T00:43:04.376Z] Device not found
[2026-05-22T00:43:14.375Z] Topic: aquaponic/device/data
[2026-05-22T00:43:14.375Z] {
    "mac_address":"AA:BB:CC:DD",
    "site_id":1,
    "sensors":{
      "ph":6.8,
      "temp":27.5
    }
  }
[2026-05-22T00:43:14.376Z] Topic: aquaponic/device/data
[2026-05-22T00:43:14.376Z] Payload: {"mac_address":"AA:BB:CC:DD","site_id":1,"sensors":{"ph":6.8,"temp":27.5}}
[2026-05-22T00:43:14.377Z] Device not found
[2026-05-22T00:43:24.379Z] Topic: aquaponic/device/data
[2026-05-22T00:43:24.380Z] {
    "mac_address":"AA:BB:CC:DD",
    "site_id":1,
    "sensors":{
      "ph":6.8,
      "temp":27.5
    }
  }
[2026-05-22T00:43:24.380Z] Topic: aquaponic/device/data
[2026-05-22T00:43:24.380Z] Payload: {"mac_address":"AA:BB:CC:DD","site_id":1,"sensors":{"ph":6.8,"temp":27.5}}
[2026-05-22T00:43:24.381Z] Device not found
[2026-05-22T00:43:34.375Z] Topic: aquaponic/device/data
[2026-05-22T00:43:34.375Z] {
    "mac_address":"AA:BB:CC:DD",
    "site_id":1,
    "sensors":{
      "ph":6.8,
      "temp":27.5
    }
  }
[2026-05-22T00:43:34.376Z] Topic: aquaponic/device/data
[2026-05-22T00:43:34.376Z] Payload: {"mac_address":"AA:BB:CC:DD","site_id":1,"sensors":{"ph":6.8,"temp":27.5}}
[2026-05-22T00:43:34.377Z] Device not found
[2026-05-22T00:43:44.377Z] Topic: aquaponic/device/data
[2026-05-22T00:43:44.378Z] Payload: {"mac_address":"AA:BB:CC:DD","site_id":1,"sensors":{"ph":6.8,"temp":27.5}}
[2026-05-22T00:43:44.379Z] Device not found
[2026-05-22T00:43:44.379Z] Topic: aquaponic/device/data
[2026-05-22T00:43:44.379Z] {
    "mac_address":"AA:BB:CC:DD",
    "site_id":1,
    "sensors":{
      "ph":6.8,
      "temp":27.5
    }
  }
[2026-05-22T00:43:54.382Z] Topic: aquaponic/device/data
[2026-05-22T00:43:54.382Z] {
    "mac_address":"AA:BB:CC:DD",
    "site_id":1,
    "sensors":{
      "ph":6.8,
      "temp":27.5
    }
  }
[2026-05-22T00:43:54.385Z] Topic: aquaponic/device/data
[2026-05-22T00:43:54.385Z] Payload: {"mac_address":"AA:BB:CC:DD","site_id":1,"sensors":{"ph":6.8,"temp":27.5}}
[2026-05-22T00:43:54.386Z] Device not found
[2026-05-22T00:44:04.381Z] Topic: aquaponic/device/data
[2026-05-22T00:44:04.381Z] {
    "mac_address":"AA:BB:CC:DD",
    "site_id":1,
    "sensors":{
      "ph":6.8,
      "temp":27.5
    }
  }
[2026-05-22T00:44:04.381Z] Topic: aquaponic/device/data
[2026-05-22T00:44:04.381Z] Payload: {"mac_address":"AA:BB:CC:DD","site_id":1,"sensors":{"ph":6.8,"temp":27.5}}
[2026-05-22T00:44:04.382Z] Device not found
[2026-05-22T00:45:32.976Z] Topic: aquaponic/device/data
[2026-05-22T00:45:32.976Z] Payload: {"mac_address":"ESP:32:AA:BB:CC:01","sensors":{"temperature":25.9,"humidity":82.1,"ph":6.6}}
[2026-05-22T00:45:32.981Z] temperature => 25.9
[2026-05-22T00:45:32.995Z] temperature: 25.9 saved
[2026-05-22T00:45:32.995Z] humidity => 82.1
[2026-05-22T00:45:33.006Z] humidity: 82.1 saved
[2026-05-22T00:45:33.006Z] ph => 6.6
[2026-05-22T00:45:33.018Z] ph: 6.6 saved
[2026-05-22T00:45:42.987Z] Topic: aquaponic/device/data
[2026-05-22T00:45:42.987Z] Payload: {"mac_address":"ESP:32:AA:BB:CC:01","sensors":{"temperature":28.3,"humidity":70.7,"ph":6.4}}
[2026-05-22T00:45:42.989Z] temperature => 28.3
[2026-05-22T00:45:43.003Z] temperature: 28.3 saved
[2026-05-22T00:45:43.003Z] humidity => 70.7
[2026-05-22T00:45:43.016Z] humidity: 70.7 saved
[2026-05-22T00:45:43.017Z] ph => 6.4
[2026-05-22T00:45:43.032Z] ph: 6.4 saved
[2026-05-22T00:45:43.508Z] === APP STARTED ===
[2026-05-22T00:45:43.525Z] HTTP Server Running on undefined
[2026-05-22T00:45:43.608Z] Database Connected
[2026-05-22T00:45:44.261Z] MQTT Connected
[2026-05-22T00:45:45.169Z] === APP STARTED ===
[2026-05-22T00:45:45.210Z] HTTP Server Running on undefined
[2026-05-22T00:45:45.302Z] Database Connected
[2026-05-22T00:45:45.948Z] MQTT Connected
[2026-05-22T00:45:46.136Z] Subscribed: aquaponic/device/data
[2026-05-22T00:45:53.000Z] Topic: aquaponic/device/data
[2026-05-22T00:45:53.001Z] Payload: {"mac_address":"ESP:32:AA:BB:CC:01","sensors":{"temperature":35.5,"humidity":35.7,"ph":6.1}}
[2026-05-22T00:45:53.001Z] Topic: aquaponic/device/data
[2026-05-22T00:45:53.002Z] Payload: {"mac_address":"ESP:32:AA:BB:CC:01","sensors":{"temperature":35.5,"humidity":35.7,"ph":6.1}}
[2026-05-22T00:45:53.003Z] temperature => 35.5
[2026-05-22T00:45:53.014Z] temperature => 35.5
[2026-05-22T00:45:53.016Z] temperature: 35.5 saved
[2026-05-22T00:45:53.024Z] temperature: 35.5 saved
[2026-05-22T00:45:53.030Z] Notification saved
[2026-05-22T00:45:53.030Z] humidity => 35.7
[2026-05-22T00:45:53.048Z] Notification saved
[2026-05-22T00:45:53.048Z] humidity => 35.7
[2026-05-22T00:45:53.050Z] humidity: 35.7 saved
[2026-05-22T00:45:53.087Z] Notification saved
[2026-05-22T00:45:53.087Z] ph => 6.1
[2026-05-22T00:45:53.094Z] humidity: 35.7 saved
[2026-05-22T00:45:53.102Z] ph: 6.1 saved
[2026-05-22T00:45:53.118Z] Notification saved
[2026-05-22T00:45:53.119Z] ph => 6.1
[2026-05-22T00:45:53.126Z] ph: 6.1 saved
[2026-05-22T00:46:03.018Z] Topic: aquaponic/device/data
[2026-05-22T00:46:03.018Z] Payload: {"mac_address":"ESP:32:AA:BB:CC:01","sensors":{"temperature":31,"humidity":48.2,"ph":4.5}}
[2026-05-22T00:46:03.019Z] Topic: aquaponic/device/data
[2026-05-22T00:46:03.019Z] Payload: {"mac_address":"ESP:32:AA:BB:CC:01","sensors":{"temperature":31,"humidity":48.2,"ph":4.5}}
[2026-05-22T00:46:03.021Z] temperature => 31
[2026-05-22T00:46:03.025Z] temperature => 31
[2026-05-22T00:46:03.070Z] temperature: 31 saved
[2026-05-22T00:46:03.070Z] humidity => 48.2
[2026-05-22T00:46:03.084Z] temperature: 31 saved
[2026-05-22T00:46:03.084Z] humidity => 48.2
[2026-05-22T00:46:03.092Z] humidity: 48.2 saved
[2026-05-22T00:46:03.092Z] ph => 4.5
[2026-05-22T00:46:03.106Z] humidity: 48.2 saved
[2026-05-22T00:46:03.107Z] ph => 4.5
[2026-05-22T00:46:03.124Z] ph: 4.5 saved
[2026-05-22T00:46:03.135Z] ph: 4.5 saved
[2026-05-22T00:46:03.154Z] Notification saved
[2026-05-22T00:46:03.165Z] Notification saved
[2026-05-22T00:46:13.028Z] Topic: aquaponic/device/data
[2026-05-22T00:46:13.028Z] Payload: {"mac_address":"ESP:32:AA:BB:CC:01","sensors":{"temperature":17.8,"humidity":42.8,"ph":4.2}}
[2026-05-22T00:46:13.029Z] Topic: aquaponic/device/data
[2026-05-22T00:46:13.029Z] Payload: {"mac_address":"ESP:32:AA:BB:CC:01","sensors":{"temperature":17.8,"humidity":42.8,"ph":4.2}}
[2026-05-22T00:46:13.030Z] temperature => 17.8
[2026-05-22T00:46:13.031Z] temperature => 17.8
[2026-05-22T00:46:13.040Z] temperature: 17.8 saved
[2026-05-22T00:46:13.043Z] temperature: 17.8 saved
[2026-05-22T00:46:13.050Z] Notification saved
[2026-05-22T00:46:13.050Z] humidity => 42.8
[2026-05-22T00:46:13.066Z] Notification saved
[2026-05-22T00:46:13.066Z] humidity => 42.8
[2026-05-22T00:46:13.073Z] humidity: 42.8 saved
[2026-05-22T00:46:13.073Z] ph => 4.2
[2026-05-22T00:46:13.079Z] humidity: 42.8 saved
[2026-05-22T00:46:13.079Z] ph => 4.2
[2026-05-22T00:46:13.096Z] ph: 4.2 saved
[2026-05-22T00:46:13.105Z] ph: 4.2 saved
[2026-05-22T00:46:13.131Z] Notification saved
[2026-05-22T00:46:13.134Z] Notification saved
[2026-05-22T00:46:23.040Z] Topic: aquaponic/device/data
[2026-05-22T00:46:23.041Z] Payload: {"mac_address":"ESP:32:AA:BB:CC:01","sensors":{"temperature":25.3,"humidity":87.5,"ph":6.6}}
[2026-05-22T00:46:23.042Z] temperature => 25.3
[2026-05-22T00:46:23.044Z] Topic: aquaponic/device/data
[2026-05-22T00:46:23.044Z] Payload: {"mac_address":"ESP:32:AA:BB:CC:01","sensors":{"temperature":25.3,"humidity":87.5,"ph":6.6}}
[2026-05-22T00:46:23.045Z] temperature => 25.3
[2026-05-22T00:46:23.052Z] temperature: 25.3 saved
[2026-05-22T00:46:23.052Z] humidity => 87.5
[2026-05-22T00:46:23.059Z] temperature: 25.3 saved
[2026-05-22T00:46:23.059Z] humidity => 87.5
[2026-05-22T00:46:23.077Z] humidity: 87.5 saved
[2026-05-22T00:46:23.077Z] humidity: 87.5 saved
[2026-05-22T00:46:23.095Z] Notification saved
[2026-05-22T00:46:23.095Z] Notification saved
[2026-05-22T00:46:23.095Z] ph => 6.6
[2026-05-22T00:46:23.095Z] ph => 6.6
[2026-05-22T00:46:23.102Z] ph: 6.6 saved
[2026-05-22T00:46:23.102Z] ph: 6.6 saved
[2026-05-22T00:46:43.220Z] Topic: aquaponic/device/data
[2026-05-22T00:46:43.220Z] Payload: {"mac_address":"ESP:32:AA:BB:CC:01","sensors":{"temperature":20.2,"humidity":88.9,"ph":4.9}}
[2026-05-22T00:46:43.220Z] Topic: aquaponic/device/data
[2026-05-22T00:46:43.221Z] Payload: {"mac_address":"ESP:32:AA:BB:CC:01","sensors":{"temperature":20.2,"humidity":88.9,"ph":4.9}}
[2026-05-22T00:46:43.222Z] temperature => 20.2
[2026-05-22T00:46:43.222Z] temperature => 20.2
[2026-05-22T00:46:43.237Z] temperature: 20.2 saved
[2026-05-22T00:46:43.237Z] humidity => 88.9
[2026-05-22T00:46:43.237Z] temperature: 20.2 saved
[2026-05-22T00:46:43.237Z] humidity => 88.9
[2026-05-22T00:46:43.245Z] humidity: 88.9 saved
[2026-05-22T00:46:43.248Z] humidity: 88.9 saved
[2026-05-22T00:46:43.255Z] Notification saved
[2026-05-22T00:46:43.256Z] ph => 4.9
[2026-05-22T00:46:43.271Z] Notification saved
[2026-05-22T00:46:43.271Z] ph => 4.9
[2026-05-22T00:46:43.274Z] ph: 4.9 saved
[2026-05-22T00:46:43.282Z] ph: 4.9 saved
[2026-05-22T00:46:43.288Z] Notification saved
[2026-05-22T00:46:43.292Z] Notification saved
[2026-05-22T00:46:53.233Z] Topic: aquaponic/device/data
[2026-05-22T00:46:53.233Z] Payload: {"mac_address":"ESP:32:AA:BB:CC:01","sensors":{"temperature":26.6,"humidity":84.8,"ph":6.9}}
[2026-05-22T00:46:53.234Z] Topic: aquaponic/device/data
[2026-05-22T00:46:53.235Z] Payload: {"mac_address":"ESP:32:AA:BB:CC:01","sensors":{"temperature":26.6,"humidity":84.8,"ph":6.9}}
[2026-05-22T00:46:53.235Z] temperature => 26.6
[2026-05-22T00:46:53.236Z] temperature => 26.6
[2026-05-22T00:46:53.247Z] temperature: 26.6 saved
[2026-05-22T00:46:53.247Z] humidity => 84.8
[2026-05-22T00:46:53.264Z] temperature: 26.6 saved
[2026-05-22T00:46:53.264Z] humidity => 84.8
[2026-05-22T00:46:53.272Z] humidity: 84.8 saved
[2026-05-22T00:46:53.272Z] ph => 6.9
[2026-05-22T00:46:53.286Z] humidity: 84.8 saved
[2026-05-22T00:46:53.286Z] ph => 6.9
[2026-05-22T00:46:53.298Z] ph: 6.9 saved
[2026-05-22T00:46:53.314Z] ph: 6.9 saved
[2026-05-22T00:47:03.288Z] Topic: aquaponic/device/data
[2026-05-22T00:47:03.288Z] Payload: {"mac_address":"ESP:32:AA:BB:CC:01","sensors":{"temperature":17.7,"humidity":33.6,"ph":6.1}}
[2026-05-22T00:47:03.289Z] Topic: aquaponic/device/data
[2026-05-22T00:47:03.289Z] Payload: {"mac_address":"ESP:32:AA:BB:CC:01","sensors":{"temperature":17.7,"humidity":33.6,"ph":6.1}}
[2026-05-22T00:47:03.290Z] temperature => 17.7
[2026-05-22T00:47:03.291Z] temperature => 17.7
[2026-05-22T00:47:03.299Z] temperature: 17.7 saved
[2026-05-22T00:47:03.309Z] temperature: 17.7 saved
[2026-05-22T00:47:03.321Z] Notification saved
[2026-05-22T00:47:03.322Z] humidity => 33.6
[2026-05-22T00:47:03.359Z] Notification saved
[2026-05-22T00:47:03.359Z] humidity => 33.6
[2026-05-22T00:47:03.362Z] humidity: 33.6 saved
[2026-05-22T00:47:03.369Z] humidity: 33.6 saved
[2026-05-22T00:47:03.389Z] Notification saved
[2026-05-22T00:47:03.389Z] ph => 6.1
[2026-05-22T00:47:03.392Z] Notification saved
[2026-05-22T00:47:03.393Z] ph => 6.1
[2026-05-22T00:47:03.410Z] ph: 6.1 saved
[2026-05-22T00:47:03.433Z] ph: 6.1 saved
[2026-05-22T00:47:13.257Z] Topic: aquaponic/device/data
[2026-05-22T00:47:13.257Z] Payload: {"mac_address":"ESP:32:AA:BB:CC:01","sensors":{"temperature":29.4,"humidity":66.7,"ph":8.2}}
[2026-05-22T00:47:13.258Z] Topic: aquaponic/device/data
[2026-05-22T00:47:13.258Z] Payload: {"mac_address":"ESP:32:AA:BB:CC:01","sensors":{"temperature":29.4,"humidity":66.7,"ph":8.2}}
[2026-05-22T00:47:13.259Z] temperature => 29.4
[2026-05-22T00:47:13.260Z] temperature => 29.4
[2026-05-22T00:47:13.275Z] temperature: 29.4 saved
[2026-05-22T00:47:13.275Z] humidity => 66.7
[2026-05-22T00:47:13.278Z] temperature: 29.4 saved
[2026-05-22T00:47:13.279Z] humidity => 66.7
[2026-05-22T00:47:13.285Z] humidity: 66.7 saved
[2026-05-22T00:47:13.286Z] ph => 8.2
[2026-05-22T00:47:13.294Z] humidity: 66.7 saved
[2026-05-22T00:47:13.294Z] ph => 8.2
[2026-05-22T00:47:13.302Z] ph: 8.2 saved
[2026-05-22T00:47:13.317Z] ph: 8.2 saved
[2026-05-22T00:47:13.332Z] Notification saved
[2026-05-22T00:47:13.332Z] Notification saved
[2026-05-22T00:47:23.268Z] Topic: aquaponic/device/data
[2026-05-22T00:47:23.269Z] Payload: {"mac_address":"ESP:32:AA:BB:CC:01","sensors":{"temperature":15.8,"humidity":45.3,"ph":7.6}}
[2026-05-22T00:47:23.270Z] Topic: aquaponic/device/data
[2026-05-22T00:47:23.270Z] Payload: {"mac_address":"ESP:32:AA:BB:CC:01","sensors":{"temperature":15.8,"humidity":45.3,"ph":7.6}}
[2026-05-22T00:47:23.271Z] temperature => 15.8
[2026-05-22T00:47:23.272Z] temperature => 15.8
[2026-05-22T00:47:23.293Z] temperature: 15.8 saved
[2026-05-22T00:47:23.297Z] temperature: 15.8 saved
[2026-05-22T00:47:23.305Z] Notification saved
[2026-05-22T00:47:23.305Z] humidity => 45.3
[2026-05-22T00:47:23.327Z] Notification saved
[2026-05-22T00:47:23.327Z] humidity => 45.3
[2026-05-22T00:47:23.330Z] humidity: 45.3 saved
[2026-05-22T00:47:23.330Z] ph => 7.6
[2026-05-22T00:47:23.340Z] humidity: 45.3 saved
[2026-05-22T00:47:23.341Z] ph => 7.6
[2026-05-22T00:47:23.349Z] ph: 7.6 saved
[2026-05-22T00:47:23.370Z] ph: 7.6 saved
[2026-05-22T00:47:23.373Z] Notification saved
[2026-05-22T00:47:23.385Z] Notification saved
[2026-05-22T00:47:33.285Z] Topic: aquaponic/device/data
[2026-05-22T00:47:33.285Z] Payload: {"mac_address":"ESP:32:AA:BB:CC:01","sensors":{"temperature":21.2,"humidity":79.5,"ph":5.5}}
[2026-05-22T00:47:33.286Z] Topic: aquaponic/device/data
[2026-05-22T00:47:33.286Z] Payload: {"mac_address":"ESP:32:AA:BB:CC:01","sensors":{"temperature":21.2,"humidity":79.5,"ph":5.5}}
[2026-05-22T00:47:33.287Z] temperature => 21.2
[2026-05-22T00:47:33.287Z] temperature => 21.2
[2026-05-22T00:47:33.301Z] temperature: 21.2 saved
[2026-05-22T00:47:33.301Z] humidity => 79.5
[2026-05-22T00:47:33.309Z] temperature: 21.2 saved
[2026-05-22T00:47:33.310Z] humidity => 79.5
[2026-05-22T00:47:33.330Z] humidity: 79.5 saved
[2026-05-22T00:47:33.330Z] ph => 5.5
[2026-05-22T00:47:33.341Z] humidity: 79.5 saved
[2026-05-22T00:47:33.341Z] ph => 5.5
[2026-05-22T00:47:33.355Z] ph: 5.5 saved
[2026-05-22T00:47:33.362Z] ph: 5.5 saved
[2026-05-22T00:47:43.296Z] Topic: aquaponic/device/data
[2026-05-22T00:47:43.296Z] Payload: {"mac_address":"ESP:32:AA:BB:CC:01","sensors":{"temperature":17.3,"humidity":43.3,"ph":8}}
[2026-05-22T00:47:43.296Z] Topic: aquaponic/device/data
[2026-05-22T00:47:43.297Z] Payload: {"mac_address":"ESP:32:AA:BB:CC:01","sensors":{"temperature":17.3,"humidity":43.3,"ph":8}}
[2026-05-22T00:47:43.298Z] temperature => 17.3
[2026-05-22T00:47:43.299Z] temperature => 17.3
[2026-05-22T00:47:43.317Z] temperature: 17.3 saved
[2026-05-22T00:47:43.321Z] temperature: 17.3 saved
[2026-05-22T00:47:43.330Z] Notification saved
[2026-05-22T00:47:43.330Z] humidity => 43.3
[2026-05-22T00:47:43.345Z] Notification saved
[2026-05-22T00:47:43.345Z] humidity => 43.3
[2026-05-22T00:47:43.356Z] humidity: 43.3 saved
[2026-05-22T00:47:43.356Z] ph => 8
[2026-05-22T00:47:43.380Z] humidity: 43.3 saved
[2026-05-22T00:47:43.381Z] ph => 8
[2026-05-22T00:47:43.389Z] ph: 8 saved
[2026-05-22T00:47:43.408Z] ph: 8 saved
[2026-05-22T00:47:43.410Z] Notification saved
[2026-05-22T00:47:43.418Z] Notification saved
[2026-05-22T00:47:53.306Z] Topic: aquaponic/device/data
[2026-05-22T00:47:53.306Z] Topic: aquaponic/device/data
[2026-05-22T00:47:53.306Z] Payload: {"mac_address":"ESP:32:AA:BB:CC:01","sensors":{"temperature":30.5,"humidity":43.8,"ph":5.5}}
[2026-05-22T00:47:53.306Z] Payload: {"mac_address":"ESP:32:AA:BB:CC:01","sensors":{"temperature":30.5,"humidity":43.8,"ph":5.5}}
[2026-05-22T00:47:53.308Z] temperature => 30.5
[2026-05-22T00:47:53.308Z] temperature => 30.5
[2026-05-22T00:47:53.321Z] temperature: 30.5 saved
[2026-05-22T00:47:53.321Z] humidity => 43.8
[2026-05-22T00:47:53.324Z] temperature: 30.5 saved
[2026-05-22T00:47:53.325Z] humidity => 43.8
[2026-05-22T00:47:53.333Z] humidity: 43.8 saved
[2026-05-22T00:47:53.333Z] ph => 5.5
[2026-05-22T00:47:53.349Z] humidity: 43.8 saved
[2026-05-22T00:47:53.350Z] ph => 5.5
[2026-05-22T00:47:53.359Z] ph: 5.5 saved
[2026-05-22T00:47:53.370Z] ph: 5.5 saved
[2026-05-22T00:48:03.318Z] Topic: aquaponic/device/data
[2026-05-22T00:48:03.319Z] Payload: {"mac_address":"ESP:32:AA:BB:CC:01","sensors":{"temperature":29,"humidity":87,"ph":5.9}}
[2026-05-22T00:48:03.320Z] temperature => 29
[2026-05-22T00:48:03.358Z] temperature: 29 saved
[2026-05-22T00:48:03.358Z] humidity => 87
[2026-05-22T00:48:03.382Z] humidity: 87 saved
[2026-05-22T00:48:03.393Z] Notification saved
[2026-05-22T00:48:03.393Z] ph => 5.9
[2026-05-22T00:48:03.402Z] ph: 5.9 saved
[2026-05-22T00:48:03.850Z] Topic: aquaponic/device/data
[2026-05-22T00:48:03.850Z] Payload: {"mac_address":"ESP:32:AA:BB:CC:01","sensors":{"temperature":29,"humidity":87,"ph":5.9}}
[2026-05-22T00:48:03.852Z] temperature => 29
[2026-05-22T00:48:03.867Z] temperature: 29 saved
[2026-05-22T00:48:03.867Z] humidity => 87
[2026-05-22T00:48:03.889Z] humidity: 87 saved
[2026-05-22T00:48:03.901Z] Notification saved
[2026-05-22T00:48:03.901Z] ph => 5.9
[2026-05-22T00:48:03.909Z] ph: 5.9 saved
[2026-05-22T00:48:13.347Z] Topic: aquaponic/device/data
[2026-05-22T00:48:13.347Z] Payload: {"mac_address":"ESP:32:AA:BB:CC:01","sensors":{"temperature":34.6,"humidity":85.3,"ph":4.6}}
[2026-05-22T00:48:13.348Z] temperature => 34.6
[2026-05-22T00:48:13.351Z] Topic: aquaponic/device/data
[2026-05-22T00:48:13.351Z] Payload: {"mac_address":"ESP:32:AA:BB:CC:01","sensors":{"temperature":34.6,"humidity":85.3,"ph":4.6}}
[2026-05-22T00:48:13.353Z] temperature => 34.6
[2026-05-22T00:48:13.360Z] temperature: 34.6 saved
[2026-05-22T00:48:13.380Z] temperature: 34.6 saved
[2026-05-22T00:48:13.381Z] Notification saved
[2026-05-22T00:48:13.381Z] humidity => 85.3
[2026-05-22T00:48:13.393Z] Notification saved
[2026-05-22T00:48:13.393Z] humidity => 85.3
[2026-05-22T00:48:13.396Z] humidity: 85.3 saved
[2026-05-22T00:48:13.405Z] humidity: 85.3 saved
[2026-05-22T00:48:13.414Z] Notification saved
[2026-05-22T00:48:13.414Z] ph => 4.6
[2026-05-22T00:48:13.431Z] Notification saved
[2026-05-22T00:48:13.431Z] ph => 4.6
[2026-05-22T00:48:13.434Z] ph: 4.6 saved
[2026-05-22T00:48:13.448Z] ph: 4.6 saved
[2026-05-22T00:48:13.458Z] Notification saved
[2026-05-22T00:48:13.473Z] Notification saved
[2026-05-22T00:48:23.342Z] Topic: aquaponic/device/data
[2026-05-22T00:48:23.342Z] Payload: {"mac_address":"ESP:32:AA:BB:CC:01","sensors":{"temperature":28.8,"humidity":90.5,"ph":4.3}}
[2026-05-22T00:48:23.344Z] temperature => 28.8
[2026-05-22T00:48:23.353Z] Topic: aquaponic/device/data
[2026-05-22T00:48:23.353Z] Payload: {"mac_address":"ESP:32:AA:BB:CC:01","sensors":{"temperature":28.8,"humidity":90.5,"ph":4.3}}
[2026-05-22T00:48:23.355Z] temperature => 28.8
[2026-05-22T00:48:23.355Z] temperature: 28.8 saved
[2026-05-22T00:48:23.356Z] humidity => 90.5
[2026-05-22T00:48:23.388Z] temperature: 28.8 saved
[2026-05-22T00:48:23.388Z] humidity => 90.5
[2026-05-22T00:48:23.391Z] humidity: 90.5 saved
[2026-05-22T00:48:23.403Z] humidity: 90.5 saved
[2026-05-22T00:48:23.424Z] Notification saved
[2026-05-22T00:48:23.424Z] ph => 4.3
[2026-05-22T00:48:23.430Z] Notification saved
[2026-05-22T00:48:23.430Z] ph => 4.3
[2026-05-22T00:48:23.451Z] ph: 4.3 saved
[2026-05-22T00:48:23.458Z] ph: 4.3 saved
[2026-05-22T00:48:23.469Z] Notification saved
[2026-05-22T00:48:23.482Z] Notification saved
[2026-05-22T00:48:33.355Z] Topic: aquaponic/device/data
[2026-05-22T00:48:33.355Z] Payload: {"mac_address":"ESP:32:AA:BB:CC:01","sensors":{"temperature":18.3,"humidity":60.4,"ph":4.7}}
[2026-05-22T00:48:33.355Z] Topic: aquaponic/device/data
[2026-05-22T00:48:33.355Z] Payload: {"mac_address":"ESP:32:AA:BB:CC:01","sensors":{"temperature":18.3,"humidity":60.4,"ph":4.7}}
[2026-05-22T00:48:33.357Z] temperature => 18.3
[2026-05-22T00:48:33.357Z] temperature => 18.3
[2026-05-22T00:48:33.372Z] temperature: 18.3 saved
[2026-05-22T00:48:33.372Z] temperature: 18.3 saved
[2026-05-22T00:48:33.372Z] humidity => 60.4
[2026-05-22T00:48:33.372Z] humidity => 60.4
[2026-05-22T00:48:33.390Z] humidity: 60.4 saved
[2026-05-22T00:48:33.390Z] humidity: 60.4 saved
[2026-05-22T00:48:33.390Z] ph => 4.7
[2026-05-22T00:48:33.390Z] ph => 4.7
[2026-05-22T00:48:33.400Z] ph: 4.7 saved
[2026-05-22T00:48:33.400Z] ph: 4.7 saved
[2026-05-22T00:48:33.413Z] Notification saved
[2026-05-22T00:48:33.413Z] Notification saved
[2026-05-22T00:48:43.369Z] Topic: aquaponic/device/data
[2026-05-22T00:48:43.369Z] Payload: {"mac_address":"ESP:32:AA:BB:CC:01","sensors":{"temperature":15,"humidity":72.3,"ph":6.9}}
[2026-05-22T00:48:43.370Z] Topic: aquaponic/device/data
[2026-05-22T00:48:43.370Z] Payload: {"mac_address":"ESP:32:AA:BB:CC:01","sensors":{"temperature":15,"humidity":72.3,"ph":6.9}}
[2026-05-22T00:48:43.371Z] temperature => 15
[2026-05-22T00:48:43.372Z] temperature => 15
[2026-05-22T00:48:43.388Z] temperature: 15 saved
[2026-05-22T00:48:43.391Z] temperature: 15 saved
[2026-05-22T00:48:43.407Z] Notification saved
[2026-05-22T00:48:43.407Z] humidity => 72.3
[2026-05-22T00:48:43.417Z] Notification saved
[2026-05-22T00:48:43.417Z] humidity => 72.3
[2026-05-22T00:48:43.424Z] humidity: 72.3 saved
[2026-05-22T00:48:43.424Z] ph => 6.9
[2026-05-22T00:48:43.436Z] humidity: 72.3 saved
[2026-05-22T00:48:43.436Z] ph => 6.9
[2026-05-22T00:48:43.452Z] ph: 6.9 saved
[2026-05-22T00:48:43.462Z] ph: 6.9 saved
[2026-05-22T00:48:53.378Z] Topic: aquaponic/device/data
[2026-05-22T00:48:53.379Z] Payload: {"mac_address":"ESP:32:AA:BB:CC:01","sensors":{"temperature":31.6,"humidity":71.7,"ph":5.5}}
[2026-05-22T00:48:53.379Z] Topic: aquaponic/device/data
[2026-05-22T00:48:53.379Z] Payload: {"mac_address":"ESP:32:AA:BB:CC:01","sensors":{"temperature":31.6,"humidity":71.7,"ph":5.5}}
[2026-05-22T00:48:53.381Z] temperature => 31.6
[2026-05-22T00:48:53.381Z] temperature => 31.6
[2026-05-22T00:48:53.391Z] temperature: 31.6 saved
[2026-05-22T00:48:53.391Z] humidity => 71.7
[2026-05-22T00:48:53.394Z] temperature: 31.6 saved
[2026-05-22T00:48:53.394Z] humidity => 71.7
[2026-05-22T00:48:53.409Z] humidity: 71.7 saved
[2026-05-22T00:48:53.409Z] ph => 5.5
[2026-05-22T00:48:53.427Z] humidity: 71.7 saved
[2026-05-22T00:48:53.427Z] ph => 5.5
[2026-05-22T00:48:53.432Z] ph: 5.5 saved
[2026-05-22T00:48:53.439Z] ph: 5.5 saved
[2026-05-22T00:49:03.415Z] Topic: aquaponic/device/data
[2026-05-22T00:49:03.416Z] Payload: {"mac_address":"ESP:32:AA:BB:CC:01","sensors":{"temperature":20.7,"humidity":85.9,"ph":7.6}}
[2026-05-22T00:49:03.416Z] Topic: aquaponic/device/data
[2026-05-22T00:49:03.416Z] Payload: {"mac_address":"ESP:32:AA:BB:CC:01","sensors":{"temperature":20.7,"humidity":85.9,"ph":7.6}}
[2026-05-22T00:49:03.418Z] temperature => 20.7
[2026-05-22T00:49:03.418Z] temperature => 20.7
[2026-05-22T00:49:03.441Z] temperature: 20.7 saved
[2026-05-22T00:49:03.441Z] humidity => 85.9
[2026-05-22T00:49:03.449Z] temperature: 20.7 saved
[2026-05-22T00:49:03.450Z] humidity => 85.9
[2026-05-22T00:49:03.466Z] humidity: 85.9 saved
[2026-05-22T00:49:03.476Z] humidity: 85.9 saved
[2026-05-22T00:49:03.488Z] Notification saved
[2026-05-22T00:49:03.488Z] ph => 7.6
[2026-05-22T00:49:03.508Z] Notification saved
[2026-05-22T00:49:03.509Z] ph => 7.6
[2026-05-22T00:49:03.536Z] ph: 7.6 saved
[2026-05-22T00:49:03.536Z] ph: 7.6 saved
[2026-05-22T00:49:03.545Z] Notification saved
[2026-05-22T00:49:03.545Z] Notification saved
[2026-05-22T00:49:13.492Z] Topic: aquaponic/device/data
[2026-05-22T00:49:13.492Z] Payload: {"mac_address":"ESP:32:AA:BB:CC:01","sensors":{"temperature":20.4,"humidity":87.2,"ph":4.7}}
[2026-05-22T00:49:13.492Z] Topic: aquaponic/device/data
[2026-05-22T00:49:13.493Z] Payload: {"mac_address":"ESP:32:AA:BB:CC:01","sensors":{"temperature":20.4,"humidity":87.2,"ph":4.7}}
[2026-05-22T00:49:13.494Z] temperature => 20.4
[2026-05-22T00:49:13.494Z] temperature => 20.4
[2026-05-22T00:49:13.520Z] temperature: 20.4 saved
[2026-05-22T00:49:13.520Z] temperature: 20.4 saved
[2026-05-22T00:49:13.521Z] humidity => 87.2
[2026-05-22T00:49:13.521Z] humidity => 87.2
[2026-05-22T00:49:13.533Z] humidity: 87.2 saved
[2026-05-22T00:49:13.533Z] humidity: 87.2 saved
[2026-05-22T00:49:13.547Z] Notification saved
[2026-05-22T00:49:13.547Z] Notification saved
[2026-05-22T00:49:13.547Z] ph => 4.7
[2026-05-22T00:49:13.547Z] ph => 4.7
[2026-05-22T00:49:13.567Z] ph: 4.7 saved
[2026-05-22T00:49:13.567Z] ph: 4.7 saved
[2026-05-22T00:49:13.577Z] Notification saved
[2026-05-22T00:49:13.577Z] Notification saved
[2026-05-22T00:49:23.414Z] Topic: aquaponic/device/data
[2026-05-22T00:49:23.414Z] Payload: {"mac_address":"ESP:32:AA:BB:CC:01","sensors":{"temperature":24.6,"humidity":80.6,"ph":7.7}}
[2026-05-22T00:49:23.415Z] Topic: aquaponic/device/data
[2026-05-22T00:49:23.415Z] Payload: {"mac_address":"ESP:32:AA:BB:CC:01","sensors":{"temperature":24.6,"humidity":80.6,"ph":7.7}}
[2026-05-22T00:49:23.416Z] temperature => 24.6
[2026-05-22T00:49:23.416Z] temperature => 24.6
[2026-05-22T00:49:23.425Z] temperature: 24.6 saved
[2026-05-22T00:49:23.425Z] humidity => 80.6
[2026-05-22T00:49:23.428Z] temperature: 24.6 saved
[2026-05-22T00:49:23.428Z] humidity => 80.6
[2026-05-22T00:49:23.438Z] humidity: 80.6 saved
[2026-05-22T00:49:23.438Z] ph => 7.7
[2026-05-22T00:49:23.512Z] ph: 7.7 saved
[2026-05-22T00:49:23.512Z] humidity: 80.6 saved
[2026-05-22T00:49:23.512Z] ph => 7.7
[2026-05-22T00:49:23.524Z] ph: 7.7 saved
[2026-05-22T00:49:23.524Z] Notification saved
[2026-05-22T00:49:23.535Z] Notification saved
[2026-05-22T00:49:33.428Z] Topic: aquaponic/device/data
[2026-05-22T00:49:33.428Z] Payload: {"mac_address":"ESP:32:AA:BB:CC:01","sensors":{"temperature":17.7,"humidity":33.1,"ph":6.2}}
[2026-05-22T00:49:33.428Z] Topic: aquaponic/device/data
[2026-05-22T00:49:33.429Z] Payload: {"mac_address":"ESP:32:AA:BB:CC:01","sensors":{"temperature":17.7,"humidity":33.1,"ph":6.2}}
[2026-05-22T00:49:33.429Z] temperature => 17.7
[2026-05-22T00:49:33.430Z] temperature => 17.7
[2026-05-22T00:49:33.441Z] temperature: 17.7 saved
[2026-05-22T00:49:33.445Z] temperature: 17.7 saved
[2026-05-22T00:49:33.455Z] Notification saved
[2026-05-22T00:49:33.455Z] humidity => 33.1
[2026-05-22T00:49:33.466Z] Notification saved
[2026-05-22T00:49:33.466Z] humidity => 33.1
[2026-05-22T00:49:33.473Z] humidity: 33.1 saved
[2026-05-22T00:49:33.491Z] humidity: 33.1 saved
[2026-05-22T00:49:33.497Z] Notification saved
[2026-05-22T00:49:33.497Z] ph => 6.2
[2026-05-22T00:49:33.509Z] Notification saved
[2026-05-22T00:49:33.509Z] ph => 6.2
[2026-05-22T00:49:33.534Z] ph: 6.2 saved
[2026-05-22T00:49:33.537Z] ph: 6.2 saved
[2026-05-22T00:49:43.444Z] Topic: aquaponic/device/data
[2026-05-22T00:49:43.445Z] Payload: {"mac_address":"ESP:32:AA:BB:CC:01","sensors":{"temperature":15.9,"humidity":77.8,"ph":8.7}}
[2026-05-22T00:49:43.445Z] Topic: aquaponic/device/data
[2026-05-22T00:49:43.445Z] Payload: {"mac_address":"ESP:32:AA:BB:CC:01","sensors":{"temperature":15.9,"humidity":77.8,"ph":8.7}}
[2026-05-22T00:49:43.447Z] temperature => 15.9
[2026-05-22T00:49:43.447Z] temperature => 15.9
[2026-05-22T00:49:43.467Z] temperature: 15.9 saved
[2026-05-22T00:49:43.483Z] Notification saved
[2026-05-22T00:49:43.483Z] temperature: 15.9 saved
[2026-05-22T00:49:43.483Z] humidity => 77.8
[2026-05-22T00:49:43.493Z] humidity: 77.8 saved
[2026-05-22T00:49:43.493Z] Notification saved
[2026-05-22T00:49:43.493Z] ph => 8.7
[2026-05-22T00:49:43.493Z] humidity => 77.8
[2026-05-22T00:49:43.516Z] humidity: 77.8 saved
[2026-05-22T00:49:43.516Z] ph => 8.7
[2026-05-22T00:49:43.520Z] ph: 8.7 saved
[2026-05-22T00:49:43.533Z] ph: 8.7 saved
[2026-05-22T00:49:43.548Z] Notification saved
[2026-05-22T00:49:43.554Z] Notification saved
[2026-05-22T00:49:53.451Z] Topic: aquaponic/device/data
[2026-05-22T00:49:53.451Z] Payload: {"mac_address":"ESP:32:AA:BB:CC:01","sensors":{"temperature":16.9,"humidity":68.8,"ph":5.4}}
[2026-05-22T00:49:53.451Z] Topic: aquaponic/device/data
[2026-05-22T00:49:53.452Z] Payload: {"mac_address":"ESP:32:AA:BB:CC:01","sensors":{"temperature":16.9,"humidity":68.8,"ph":5.4}}
[2026-05-22T00:49:53.453Z] temperature => 16.9
[2026-05-22T00:49:53.453Z] temperature => 16.9
[2026-05-22T00:49:53.466Z] temperature: 16.9 saved
[2026-05-22T00:49:53.469Z] temperature: 16.9 saved
[2026-05-22T00:49:53.477Z] Notification saved
[2026-05-22T00:49:53.477Z] humidity => 68.8
[2026-05-22T00:49:53.488Z] Notification saved
[2026-05-22T00:49:53.488Z] humidity => 68.8
[2026-05-22T00:49:53.513Z] humidity: 68.8 saved
[2026-05-22T00:49:53.513Z] humidity: 68.8 saved
[2026-05-22T00:49:53.513Z] ph => 5.4
[2026-05-22T00:49:53.513Z] ph => 5.4
[2026-05-22T00:49:53.527Z] ph: 5.4 saved
[2026-05-22T00:49:53.527Z] ph: 5.4 saved
[2026-05-22T00:49:53.538Z] Notification saved
[2026-05-22T00:49:53.538Z] Notification saved
[2026-05-22T00:50:04.116Z] Topic: aquaponic/device/data
[2026-05-22T00:50:04.116Z] Payload: {"mac_address":"ESP:32:AA:BB:CC:01","sensors":{"temperature":27.1,"humidity":67.4,"ph":6.6}}
[2026-05-22T00:50:04.117Z] Topic: aquaponic/device/data
[2026-05-22T00:50:04.117Z] Payload: {"mac_address":"ESP:32:AA:BB:CC:01","sensors":{"temperature":27.1,"humidity":67.4,"ph":6.6}}
[2026-05-22T00:50:04.124Z] temperature => 27.1
[2026-05-22T00:50:04.132Z] temperature => 27.1
[2026-05-22T00:50:04.202Z] temperature: 27.1 saved
[2026-05-22T00:50:04.202Z] humidity => 67.4
[2026-05-22T00:50:04.226Z] temperature: 27.1 saved
[2026-05-22T00:50:04.226Z] humidity => 67.4
[2026-05-22T00:50:04.280Z] humidity: 67.4 saved
[2026-05-22T00:50:04.280Z] ph => 6.6
[2026-05-22T00:50:04.333Z] humidity: 67.4 saved
[2026-05-22T00:50:04.333Z] ph => 6.6
[2026-05-22T00:50:04.427Z] ph: 6.6 saved
[2026-05-22T00:50:04.437Z] ph: 6.6 saved
[2026-05-22T00:50:13.523Z] Topic: aquaponic/device/data
[2026-05-22T00:50:13.523Z] Payload: {"mac_address":"ESP:32:AA:BB:CC:01","sensors":{"temperature":31.5,"humidity":77.8,"ph":6}}
[2026-05-22T00:50:13.524Z] Topic: aquaponic/device/data
[2026-05-22T00:50:13.524Z] Payload: {"mac_address":"ESP:32:AA:BB:CC:01","sensors":{"temperature":31.5,"humidity":77.8,"ph":6}}
[2026-05-22T00:50:13.525Z] temperature => 31.5
[2026-05-22T00:50:13.526Z] temperature => 31.5
[2026-05-22T00:50:13.554Z] temperature: 31.5 saved
[2026-05-22T00:50:13.554Z] temperature: 31.5 saved
[2026-05-22T00:50:13.554Z] humidity => 77.8
[2026-05-22T00:50:13.554Z] humidity => 77.8
[2026-05-22T00:50:13.572Z] humidity: 77.8 saved
[2026-05-22T00:50:13.572Z] humidity: 77.8 saved
[2026-05-22T00:50:13.572Z] ph => 6
[2026-05-22T00:50:13.572Z] ph => 6
[2026-05-22T00:50:13.583Z] ph: 6 saved
[2026-05-22T00:50:13.583Z] ph: 6 saved
[2026-05-22T00:50:23.492Z] Topic: aquaponic/device/data
[2026-05-22T00:50:23.492Z] Payload: {"mac_address":"ESP:32:AA:BB:CC:01","sensors":{"temperature":26,"humidity":74.9,"ph":7.7}}
[2026-05-22T00:50:23.494Z] temperature => 26
[2026-05-22T00:50:23.497Z] Topic: aquaponic/device/data
[2026-05-22T00:50:23.497Z] Payload: {"mac_address":"ESP:32:AA:BB:CC:01","sensors":{"temperature":26,"humidity":74.9,"ph":7.7}}
[2026-05-22T00:50:23.498Z] temperature => 26
[2026-05-22T00:50:23.505Z] temperature: 26 saved
[2026-05-22T00:50:23.506Z] humidity => 74.9
[2026-05-22T00:50:23.522Z] temperature: 26 saved
[2026-05-22T00:50:23.522Z] humidity => 74.9
[2026-05-22T00:50:23.524Z] humidity: 74.9 saved
[2026-05-22T00:50:23.525Z] ph => 7.7
[2026-05-22T00:50:23.536Z] humidity: 74.9 saved
[2026-05-22T00:50:23.536Z] ph => 7.7
[2026-05-22T00:50:23.547Z] ph: 7.7 saved
[2026-05-22T00:50:23.556Z] ph: 7.7 saved
[2026-05-22T00:50:23.569Z] Notification saved
[2026-05-22T00:50:23.588Z] Notification saved
[2026-05-22T00:50:33.508Z] Topic: aquaponic/device/data
[2026-05-22T00:50:33.509Z] Payload: {"mac_address":"ESP:32:AA:BB:CC:01","sensors":{"temperature":20.5,"humidity":71.8,"ph":6.1}}
[2026-05-22T00:50:33.509Z] Topic: aquaponic/device/data
[2026-05-22T00:50:33.509Z] Payload: {"mac_address":"ESP:32:AA:BB:CC:01","sensors":{"temperature":20.5,"humidity":71.8,"ph":6.1}}
[2026-05-22T00:50:33.510Z] temperature => 20.5
[2026-05-22T00:50:33.510Z] temperature => 20.5
[2026-05-22T00:50:33.522Z] temperature: 20.5 saved
[2026-05-22T00:50:33.522Z] temperature: 20.5 saved
[2026-05-22T00:50:33.522Z] humidity => 71.8
[2026-05-22T00:50:33.522Z] humidity => 71.8
[2026-05-22T00:50:33.542Z] humidity: 71.8 saved
[2026-05-22T00:50:33.542Z] humidity: 71.8 saved
[2026-05-22T00:50:33.542Z] ph => 6.1
[2026-05-22T00:50:33.542Z] ph => 6.1
[2026-05-22T00:50:33.560Z] ph: 6.1 saved
[2026-05-22T00:50:33.560Z] ph: 6.1 saved
[2026-05-22T00:50:43.517Z] Topic: aquaponic/device/data
[2026-05-22T00:50:43.517Z] Payload: {"mac_address":"ESP:32:AA:BB:CC:01","sensors":{"temperature":26.8,"humidity":91,"ph":5.2}}
[2026-05-22T00:50:43.518Z] Topic: aquaponic/device/data
[2026-05-22T00:50:43.518Z] Payload: {"mac_address":"ESP:32:AA:BB:CC:01","sensors":{"temperature":26.8,"humidity":91,"ph":5.2}}
[2026-05-22T00:50:43.519Z] temperature => 26.8
[2026-05-22T00:50:43.520Z] temperature => 26.8
[2026-05-22T00:50:43.535Z] temperature: 26.8 saved
[2026-05-22T00:50:43.535Z] temperature: 26.8 saved
[2026-05-22T00:50:43.535Z] humidity => 91
[2026-05-22T00:50:43.535Z] humidity => 91
[2026-05-22T00:50:43.558Z] humidity: 91 saved
[2026-05-22T00:50:43.558Z] humidity: 91 saved
[2026-05-22T00:50:43.575Z] Notification saved
[2026-05-22T00:50:43.575Z] Notification saved
[2026-05-22T00:50:43.575Z] ph => 5.2
[2026-05-22T00:50:43.575Z] ph => 5.2
[2026-05-22T00:50:43.588Z] ph: 5.2 saved
[2026-05-22T00:50:43.588Z] ph: 5.2 saved
[2026-05-22T00:50:43.605Z] Notification saved
[2026-05-22T00:50:43.617Z] Notification saved
[2026-05-22T00:50:53.525Z] Topic: aquaponic/device/data
[2026-05-22T00:50:53.526Z] Payload: {"mac_address":"ESP:32:AA:BB:CC:01","sensors":{"temperature":23.5,"humidity":81.7,"ph":8.9}}
[2026-05-22T00:50:53.526Z] Topic: aquaponic/device/data
[2026-05-22T00:50:53.526Z] Payload: {"mac_address":"ESP:32:AA:BB:CC:01","sensors":{"temperature":23.5,"humidity":81.7,"ph":8.9}}
[2026-05-22T00:50:53.527Z] temperature => 23.5
[2026-05-22T00:50:53.527Z] temperature => 23.5
[2026-05-22T00:50:53.543Z] temperature: 23.5 saved
[2026-05-22T00:50:53.543Z] humidity => 81.7
[2026-05-22T00:50:53.546Z] temperature: 23.5 saved
[2026-05-22T00:50:53.546Z] humidity => 81.7
[2026-05-22T00:50:53.553Z] humidity: 81.7 saved
[2026-05-22T00:50:53.554Z] ph => 8.9
[2026-05-22T00:50:53.569Z] humidity: 81.7 saved
[2026-05-22T00:50:53.570Z] ph => 8.9
[2026-05-22T00:50:53.572Z] ph: 8.9 saved
[2026-05-22T00:50:53.583Z] ph: 8.9 saved
[2026-05-22T00:50:53.613Z] Notification saved
[2026-05-22T00:50:53.621Z] Notification saved
[2026-05-22T00:51:03.537Z] Topic: aquaponic/device/data
[2026-05-22T00:51:03.537Z] Payload: {"mac_address":"ESP:32:AA:BB:CC:01","sensors":{"temperature":25,"humidity":42.9,"ph":6.8}}
[2026-05-22T00:51:03.538Z] Topic: aquaponic/device/data
[2026-05-22T00:51:03.538Z] Payload: {"mac_address":"ESP:32:AA:BB:CC:01","sensors":{"temperature":25,"humidity":42.9,"ph":6.8}}
[2026-05-22T00:51:03.539Z] temperature => 25
[2026-05-22T00:51:03.540Z] temperature => 25
[2026-05-22T00:51:03.560Z] temperature: 25 saved
[2026-05-22T00:51:03.560Z] temperature: 25 saved
[2026-05-22T00:51:03.560Z] humidity => 42.9
[2026-05-22T00:51:03.560Z] humidity => 42.9
[2026-05-22T00:51:03.576Z] humidity: 42.9 saved
[2026-05-22T00:51:03.576Z] humidity: 42.9 saved
[2026-05-22T00:51:03.576Z] ph => 6.8
[2026-05-22T00:51:03.576Z] ph => 6.8
[2026-05-22T00:51:03.600Z] ph: 6.8 saved
[2026-05-22T00:51:03.600Z] ph: 6.8 saved
[2026-05-22T00:51:13.574Z] Topic: aquaponic/device/data
[2026-05-22T00:51:13.575Z] Payload: {"mac_address":"ESP:32:AA:BB:CC:01","sensors":{"temperature":30.8,"humidity":74.5,"ph":7.5}}
[2026-05-22T00:51:13.575Z] Topic: aquaponic/device/data
[2026-05-22T00:51:13.575Z] Payload: {"mac_address":"ESP:32:AA:BB:CC:01","sensors":{"temperature":30.8,"humidity":74.5,"ph":7.5}}
[2026-05-22T00:51:13.576Z] temperature => 30.8
[2026-05-22T00:51:13.577Z] temperature => 30.8
[2026-05-22T00:51:13.589Z] temperature: 30.8 saved
[2026-05-22T00:51:13.589Z] humidity => 74.5
[2026-05-22T00:51:13.592Z] temperature: 30.8 saved
[2026-05-22T00:51:13.592Z] humidity => 74.5
[2026-05-22T00:51:13.603Z] humidity: 74.5 saved
[2026-05-22T00:51:13.603Z] ph => 7.5
[2026-05-22T00:51:13.616Z] humidity: 74.5 saved
[2026-05-22T00:51:13.616Z] ph => 7.5
[2026-05-22T00:51:13.619Z] ph: 7.5 saved
[2026-05-22T00:51:13.627Z] ph: 7.5 saved
[2026-05-22T00:51:23.593Z] Topic: aquaponic/device/data
[2026-05-22T00:51:23.593Z] Payload: {"mac_address":"ESP:32:AA:BB:CC:01","sensors":{"temperature":26.6,"humidity":48.5,"ph":7.8}}
[2026-05-22T00:51:23.593Z] Topic: aquaponic/device/data
[2026-05-22T00:51:23.593Z] Payload: {"mac_address":"ESP:32:AA:BB:CC:01","sensors":{"temperature":26.6,"humidity":48.5,"ph":7.8}}
[2026-05-22T00:51:23.595Z] temperature => 26.6
[2026-05-22T00:51:23.596Z] temperature => 26.6
[2026-05-22T00:51:23.609Z] temperature: 26.6 saved
[2026-05-22T00:51:23.609Z] humidity => 48.5
[2026-05-22T00:51:23.626Z] temperature: 26.6 saved
[2026-05-22T00:51:23.626Z] humidity => 48.5
[2026-05-22T00:51:23.637Z] humidity: 48.5 saved
[2026-05-22T00:51:23.638Z] ph => 7.8
[2026-05-22T00:51:23.666Z] humidity: 48.5 saved
[2026-05-22T00:51:23.666Z] ph => 7.8
[2026-05-22T00:51:23.672Z] ph: 7.8 saved
[2026-05-22T00:51:23.683Z] ph: 7.8 saved
[2026-05-22T00:51:23.692Z] Notification saved
[2026-05-22T00:51:23.701Z] Notification saved
[2026-05-22T00:51:33.577Z] Topic: aquaponic/device/data
[2026-05-22T00:51:33.578Z] Payload: {"mac_address":"ESP:32:AA:BB:CC:01","sensors":{"temperature":29.4,"humidity":74.5,"ph":8.3}}
[2026-05-22T00:51:33.578Z] Topic: aquaponic/device/data
[2026-05-22T00:51:33.578Z] Payload: {"mac_address":"ESP:32:AA:BB:CC:01","sensors":{"temperature":29.4,"humidity":74.5,"ph":8.3}}
[2026-05-22T00:51:33.580Z] temperature => 29.4
[2026-05-22T00:51:33.580Z] temperature => 29.4
[2026-05-22T00:51:33.599Z] temperature: 29.4 saved
[2026-05-22T00:51:33.599Z] humidity => 74.5
[2026-05-22T00:51:33.605Z] temperature: 29.4 saved
[2026-05-22T00:51:33.605Z] humidity => 74.5
[2026-05-22T00:51:33.612Z] humidity: 74.5 saved
[2026-05-22T00:51:33.613Z] ph => 8.3
[2026-05-22T00:51:33.622Z] humidity: 74.5 saved
[2026-05-22T00:51:33.622Z] ph => 8.3
[2026-05-22T00:51:33.630Z] ph: 8.3 saved
[2026-05-22T00:51:33.637Z] ph: 8.3 saved
[2026-05-22T00:51:33.654Z] Notification saved
[2026-05-22T00:51:33.654Z] Notification saved
[2026-05-22T00:51:43.590Z] Topic: aquaponic/device/data
[2026-05-22T00:51:43.590Z] Payload: {"mac_address":"ESP:32:AA:BB:CC:01","sensors":{"temperature":30.3,"humidity":36,"ph":5.5}}
[2026-05-22T00:51:43.591Z] Topic: aquaponic/device/data
[2026-05-22T00:51:43.591Z] Payload: {"mac_address":"ESP:32:AA:BB:CC:01","sensors":{"temperature":30.3,"humidity":36,"ph":5.5}}
[2026-05-22T00:51:43.592Z] temperature => 30.3
[2026-05-22T00:51:43.593Z] temperature => 30.3
[2026-05-22T00:51:43.603Z] temperature: 30.3 saved
[2026-05-22T00:51:43.603Z] humidity => 36
[2026-05-22T00:51:43.615Z] temperature: 30.3 saved
[2026-05-22T00:51:43.615Z] humidity => 36
[2026-05-22T00:51:43.634Z] humidity: 36 saved
[2026-05-22T00:51:43.634Z] humidity: 36 saved
[2026-05-22T00:51:43.645Z] Notification saved
[2026-05-22T00:51:43.645Z] Notification saved
[2026-05-22T00:51:43.645Z] ph => 5.5
[2026-05-22T00:51:43.645Z] ph => 5.5
[2026-05-22T00:51:43.679Z] ph: 5.5 saved
[2026-05-22T00:51:43.679Z] ph: 5.5 saved
[2026-05-22T00:51:53.663Z] Topic: aquaponic/device/data
[2026-05-22T00:51:53.663Z] Payload: {"mac_address":"ESP:32:AA:BB:CC:01","sensors":{"temperature":19.2,"humidity":92,"ph":6.3}}
[2026-05-22T00:51:53.663Z] Topic: aquaponic/device/data
[2026-05-22T00:51:53.663Z] Payload: {"mac_address":"ESP:32:AA:BB:CC:01","sensors":{"temperature":19.2,"humidity":92,"ph":6.3}}
[2026-05-22T00:51:53.665Z] temperature => 19.2
[2026-05-22T00:51:53.665Z] temperature => 19.2
[2026-05-22T00:51:53.687Z] temperature: 19.2 saved
[2026-05-22T00:51:53.688Z] temperature: 19.2 saved
[2026-05-22T00:51:53.688Z] humidity => 92
[2026-05-22T00:51:53.688Z] humidity => 92
[2026-05-22T00:51:53.700Z] humidity: 92 saved
[2026-05-22T00:51:53.700Z] humidity: 92 saved
[2026-05-22T00:51:53.711Z] Notification saved
[2026-05-22T00:51:53.711Z] Notification saved
[2026-05-22T00:51:53.711Z] ph => 6.3
[2026-05-22T00:51:53.711Z] ph => 6.3
[2026-05-22T00:51:53.736Z] ph: 6.3 saved
[2026-05-22T00:51:53.739Z] ph: 6.3 saved
[2026-05-22T00:52:03.610Z] Topic: aquaponic/device/data
[2026-05-22T00:52:03.611Z] Payload: {"mac_address":"ESP:32:AA:BB:CC:01","sensors":{"temperature":22.5,"humidity":65.8,"ph":4.9}}
[2026-05-22T00:52:03.611Z] Topic: aquaponic/device/data
[2026-05-22T00:52:03.611Z] Payload: {"mac_address":"ESP:32:AA:BB:CC:01","sensors":{"temperature":22.5,"humidity":65.8,"ph":4.9}}
[2026-05-22T00:52:03.614Z] temperature => 22.5
[2026-05-22T00:52:03.614Z] temperature => 22.5
[2026-05-22T00:52:03.629Z] temperature: 22.5 saved
[2026-05-22T00:52:03.629Z] humidity => 65.8
[2026-05-22T00:52:03.634Z] temperature: 22.5 saved
[2026-05-22T00:52:03.634Z] humidity => 65.8
[2026-05-22T00:52:03.643Z] humidity: 65.8 saved
[2026-05-22T00:52:03.643Z] ph => 4.9
[2026-05-22T00:52:03.664Z] humidity: 65.8 saved
[2026-05-22T00:52:03.664Z] ph => 4.9
[2026-05-22T00:52:03.675Z] ph: 4.9 saved
[2026-05-22T00:52:03.696Z] ph: 4.9 saved
[2026-05-22T00:52:03.696Z] Notification saved
[2026-05-22T00:52:03.708Z] Notification saved
[2026-05-22T00:52:13.622Z] Topic: aquaponic/device/data
[2026-05-22T00:52:13.622Z] Payload: {"mac_address":"ESP:32:AA:BB:CC:01","sensors":{"temperature":24.6,"humidity":57.2,"ph":8}}
[2026-05-22T00:52:13.622Z] Topic: aquaponic/device/data
[2026-05-22T00:52:13.623Z] Payload: {"mac_address":"ESP:32:AA:BB:CC:01","sensors":{"temperature":24.6,"humidity":57.2,"ph":8}}
[2026-05-22T00:52:13.624Z] temperature => 24.6
[2026-05-22T00:52:13.624Z] temperature => 24.6
[2026-05-22T00:52:13.641Z] temperature: 24.6 saved
[2026-05-22T00:52:13.641Z] humidity => 57.2
[2026-05-22T00:52:13.645Z] temperature: 24.6 saved
[2026-05-22T00:52:13.645Z] humidity => 57.2
[2026-05-22T00:52:13.658Z] humidity: 57.2 saved
[2026-05-22T00:52:13.659Z] ph => 8
[2026-05-22T00:52:13.671Z] humidity: 57.2 saved
[2026-05-22T00:52:13.672Z] ph => 8
[2026-05-22T00:52:13.686Z] ph: 8 saved
[2026-05-22T00:52:13.692Z] ph: 8 saved
[2026-05-22T00:52:13.710Z] Notification saved
[2026-05-22T00:52:13.716Z] Notification saved
[2026-05-22T00:52:23.634Z] Topic: aquaponic/device/data
[2026-05-22T00:52:23.634Z] Payload: {"mac_address":"ESP:32:AA:BB:CC:01","sensors":{"temperature":23.1,"humidity":55.7,"ph":8.7}}
[2026-05-22T00:52:23.635Z] Topic: aquaponic/device/data
[2026-05-22T00:52:23.635Z] Payload: {"mac_address":"ESP:32:AA:BB:CC:01","sensors":{"temperature":23.1,"humidity":55.7,"ph":8.7}}
[2026-05-22T00:52:23.636Z] temperature => 23.1
[2026-05-22T00:52:23.637Z] temperature => 23.1
[2026-05-22T00:52:23.653Z] temperature: 23.1 saved
[2026-05-22T00:52:23.654Z] humidity => 55.7
[2026-05-22T00:52:23.660Z] temperature: 23.1 saved
[2026-05-22T00:52:23.660Z] humidity => 55.7
[2026-05-22T00:52:23.671Z] humidity: 55.7 saved
[2026-05-22T00:52:23.671Z] ph => 8.7
[2026-05-22T00:52:23.674Z] humidity: 55.7 saved
[2026-05-22T00:52:23.674Z] ph => 8.7
[2026-05-22T00:52:23.681Z] ph: 8.7 saved
[2026-05-22T00:52:23.690Z] ph: 8.7 saved
[2026-05-22T00:52:23.713Z] Notification saved
[2026-05-22T00:52:23.721Z] Notification saved
[2026-05-22T00:52:33.647Z] Topic: aquaponic/device/data
[2026-05-22T00:52:33.647Z] Payload: {"mac_address":"ESP:32:AA:BB:CC:01","sensors":{"temperature":18.1,"humidity":83.9,"ph":8.7}}
[2026-05-22T00:52:33.648Z] Topic: aquaponic/device/data
[2026-05-22T00:52:33.648Z] Payload: {"mac_address":"ESP:32:AA:BB:CC:01","sensors":{"temperature":18.1,"humidity":83.9,"ph":8.7}}
[2026-05-22T00:52:33.649Z] temperature => 18.1
[2026-05-22T00:52:33.649Z] temperature => 18.1
[2026-05-22T00:52:33.666Z] temperature: 18.1 saved
[2026-05-22T00:52:33.666Z] humidity => 83.9
[2026-05-22T00:52:33.669Z] temperature: 18.1 saved
[2026-05-22T00:52:33.669Z] humidity => 83.9
[2026-05-22T00:52:33.679Z] humidity: 83.9 saved
[2026-05-22T00:52:33.679Z] ph => 8.7
[2026-05-22T00:52:33.685Z] humidity: 83.9 saved
[2026-05-22T00:52:33.686Z] ph => 8.7
[2026-05-22T00:52:33.696Z] ph: 8.7 saved
[2026-05-22T00:52:33.709Z] ph: 8.7 saved
[2026-05-22T00:52:33.727Z] Notification saved
[2026-05-22T00:52:33.727Z] Notification saved
[2026-05-22T00:52:43.660Z] Topic: aquaponic/device/data
[2026-05-22T00:52:43.661Z] Payload: {"mac_address":"ESP:32:AA:BB:CC:01","sensors":{"temperature":31.2,"humidity":78.1,"ph":5.4}}
[2026-05-22T00:52:43.661Z] Topic: aquaponic/device/data
[2026-05-22T00:52:43.662Z] Payload: {"mac_address":"ESP:32:AA:BB:CC:01","sensors":{"temperature":31.2,"humidity":78.1,"ph":5.4}}
[2026-05-22T00:52:43.663Z] temperature => 31.2
[2026-05-22T00:52:43.663Z] temperature => 31.2
[2026-05-22T00:52:43.684Z] temperature: 31.2 saved
[2026-05-22T00:52:43.685Z] humidity => 78.1
[2026-05-22T00:52:43.689Z] temperature: 31.2 saved
[2026-05-22T00:52:43.690Z] humidity => 78.1
[2026-05-22T00:52:43.700Z] humidity: 78.1 saved
[2026-05-22T00:52:43.701Z] ph => 5.4
[2026-05-22T00:52:43.709Z] humidity: 78.1 saved
[2026-05-22T00:52:43.709Z] ph => 5.4
[2026-05-22T00:52:43.727Z] ph: 5.4 saved
[2026-05-22T00:52:43.735Z] ph: 5.4 saved
[2026-05-22T00:52:43.745Z] Notification saved
[2026-05-22T00:52:43.754Z] Notification saved
[2026-05-22T00:52:53.670Z] Topic: aquaponic/device/data
[2026-05-22T00:52:53.671Z] Payload: {"mac_address":"ESP:32:AA:BB:CC:01","sensors":{"temperature":32.6,"humidity":33.9,"ph":8.5}}
[2026-05-22T00:52:53.671Z] Topic: aquaponic/device/data
[2026-05-22T00:52:53.671Z] Payload: {"mac_address":"ESP:32:AA:BB:CC:01","sensors":{"temperature":32.6,"humidity":33.9,"ph":8.5}}
[2026-05-22T00:52:53.672Z] temperature => 32.6
[2026-05-22T00:52:53.672Z] temperature => 32.6
[2026-05-22T00:52:53.694Z] temperature: 32.6 saved
[2026-05-22T00:52:53.694Z] temperature: 32.6 saved
[2026-05-22T00:52:53.704Z] Notification saved
[2026-05-22T00:52:53.704Z] Notification saved
[2026-05-22T00:52:53.704Z] humidity => 33.9
[2026-05-22T00:52:53.704Z] humidity => 33.9
[2026-05-22T00:52:53.724Z] humidity: 33.9 saved
[2026-05-22T00:52:53.724Z] humidity: 33.9 saved
[2026-05-22T00:52:53.737Z] Notification saved
[2026-05-22T00:52:53.737Z] Notification saved
[2026-05-22T00:52:53.737Z] ph => 8.5
[2026-05-22T00:52:53.737Z] ph => 8.5
[2026-05-22T00:52:53.754Z] ph: 8.5 saved
[2026-05-22T00:52:53.754Z] ph: 8.5 saved
[2026-05-22T00:52:53.767Z] Notification saved
[2026-05-22T00:52:53.767Z] Notification saved
[2026-05-22T00:53:03.684Z] Topic: aquaponic/device/data
[2026-05-22T00:53:03.684Z] Payload: {"mac_address":"ESP:32:AA:BB:CC:01","sensors":{"temperature":16.5,"humidity":58.7,"ph":8.8}}
[2026-05-22T00:53:03.684Z] Topic: aquaponic/device/data
[2026-05-22T00:53:03.684Z] Payload: {"mac_address":"ESP:32:AA:BB:CC:01","sensors":{"temperature":16.5,"humidity":58.7,"ph":8.8}}
[2026-05-22T00:53:03.686Z] temperature => 16.5
[2026-05-22T00:53:03.686Z] temperature => 16.5
[2026-05-22T00:53:03.709Z] temperature: 16.5 saved
[2026-05-22T00:53:03.709Z] temperature: 16.5 saved
[2026-05-22T00:53:03.733Z] Notification saved
[2026-05-22T00:53:03.733Z] Notification saved
[2026-05-22T00:53:03.733Z] humidity => 58.7
[2026-05-22T00:53:03.733Z] humidity => 58.7
[2026-05-22T00:53:03.753Z] humidity: 58.7 saved
[2026-05-22T00:53:03.753Z] humidity: 58.7 saved
[2026-05-22T00:53:03.754Z] ph => 8.8
[2026-05-22T00:53:03.754Z] ph => 8.8
[2026-05-22T00:53:03.764Z] ph: 8.8 saved
[2026-05-22T00:53:03.767Z] ph: 8.8 saved
[2026-05-22T00:53:03.777Z] Notification saved
[2026-05-22T00:53:03.788Z] Notification saved
[2026-05-22T00:53:13.711Z] Topic: aquaponic/device/data
[2026-05-22T00:53:13.711Z] Payload: {"mac_address":"ESP:32:AA:BB:CC:01","sensors":{"temperature":22.8,"humidity":72.4,"ph":4.1}}
[2026-05-22T00:53:13.713Z] temperature => 22.8
[2026-05-22T00:53:13.720Z] Topic: aquaponic/device/data
[2026-05-22T00:53:13.720Z] Payload: {"mac_address":"ESP:32:AA:BB:CC:01","sensors":{"temperature":22.8,"humidity":72.4,"ph":4.1}}
[2026-05-22T00:53:13.722Z] temperature => 22.8
[2026-05-22T00:53:13.725Z] temperature: 22.8 saved
[2026-05-22T00:53:13.725Z] humidity => 72.4
[2026-05-22T00:53:13.734Z] temperature: 22.8 saved
[2026-05-22T00:53:13.734Z] humidity => 72.4
[2026-05-22T00:53:13.750Z] humidity: 72.4 saved
[2026-05-22T00:53:13.750Z] ph => 4.1
[2026-05-22T00:53:13.756Z] humidity: 72.4 saved
[2026-05-22T00:53:13.756Z] ph => 4.1
[2026-05-22T00:53:13.764Z] ph: 4.1 saved
[2026-05-22T00:53:13.774Z] ph: 4.1 saved
[2026-05-22T00:53:13.781Z] Notification saved
[2026-05-22T00:53:13.798Z] Notification saved
[2026-05-22T00:53:23.709Z] Topic: aquaponic/device/data
[2026-05-22T00:53:23.710Z] Payload: {"mac_address":"ESP:32:AA:BB:CC:01","sensors":{"temperature":33.6,"humidity":44.4,"ph":8.4}}
[2026-05-22T00:53:23.710Z] Topic: aquaponic/device/data
[2026-05-22T00:53:23.710Z] Payload: {"mac_address":"ESP:32:AA:BB:CC:01","sensors":{"temperature":33.6,"humidity":44.4,"ph":8.4}}
[2026-05-22T00:53:23.711Z] temperature => 33.6
[2026-05-22T00:53:23.712Z] temperature => 33.6
[2026-05-22T00:53:23.733Z] temperature: 33.6 saved
[2026-05-22T00:53:23.736Z] temperature: 33.6 saved
[2026-05-22T00:53:23.748Z] Notification saved
[2026-05-22T00:53:23.748Z] humidity => 44.4
[2026-05-22T00:53:23.767Z] Notification saved
[2026-05-22T00:53:23.767Z] humidity => 44.4
[2026-05-22T00:53:23.770Z] humidity: 44.4 saved
[2026-05-22T00:53:23.770Z] ph => 8.4
[2026-05-22T00:53:23.779Z] humidity: 44.4 saved
[2026-05-22T00:53:23.779Z] ph => 8.4
[2026-05-22T00:53:23.800Z] ph: 8.4 saved
[2026-05-22T00:53:23.800Z] ph: 8.4 saved
[2026-05-22T00:53:23.808Z] Notification saved
[2026-05-22T00:53:23.808Z] Notification saved
[2026-05-22T00:53:33.723Z] Topic: aquaponic/device/data
[2026-05-22T00:53:33.724Z] Payload: {"mac_address":"ESP:32:AA:BB:CC:01","sensors":{"temperature":28,"humidity":87.6,"ph":6.7}}
[2026-05-22T00:53:33.724Z] Topic: aquaponic/device/data
[2026-05-22T00:53:33.724Z] Payload: {"mac_address":"ESP:32:AA:BB:CC:01","sensors":{"temperature":28,"humidity":87.6,"ph":6.7}}
[2026-05-22T00:53:33.725Z] temperature => 28
[2026-05-22T00:53:33.726Z] temperature => 28
[2026-05-22T00:53:33.737Z] temperature: 28 saved
[2026-05-22T00:53:33.738Z] humidity => 87.6
[2026-05-22T00:53:33.741Z] temperature: 28 saved
[2026-05-22T00:53:33.741Z] humidity => 87.6
[2026-05-22T00:53:33.748Z] humidity: 87.6 saved
[2026-05-22T00:53:33.759Z] humidity: 87.6 saved
[2026-05-22T00:53:33.779Z] Notification saved
[2026-05-22T00:53:33.780Z] ph => 6.7
[2026-05-22T00:53:33.786Z] Notification saved
[2026-05-22T00:53:33.787Z] ph => 6.7
[2026-05-22T00:53:33.803Z] ph: 6.7 saved
[2026-05-22T00:53:33.810Z] ph: 6.7 saved
[2026-05-22T00:53:43.735Z] Topic: aquaponic/device/data
[2026-05-22T00:53:43.735Z] Payload: {"mac_address":"ESP:32:AA:BB:CC:01","sensors":{"temperature":21.6,"humidity":40.4,"ph":6.6}}
[2026-05-22T00:53:43.735Z] Topic: aquaponic/device/data
[2026-05-22T00:53:43.735Z] Payload: {"mac_address":"ESP:32:AA:BB:CC:01","sensors":{"temperature":21.6,"humidity":40.4,"ph":6.6}}
[2026-05-22T00:53:43.736Z] temperature => 21.6
[2026-05-22T00:53:43.737Z] temperature => 21.6
[2026-05-22T00:53:43.753Z] temperature: 21.6 saved
[2026-05-22T00:53:43.753Z] temperature: 21.6 saved
[2026-05-22T00:53:43.753Z] humidity => 40.4
[2026-05-22T00:53:43.753Z] humidity => 40.4
[2026-05-22T00:53:43.768Z] humidity: 40.4 saved
[2026-05-22T00:53:43.768Z] humidity: 40.4 saved
[2026-05-22T00:53:43.768Z] ph => 6.6
[2026-05-22T00:53:43.768Z] ph => 6.6
[2026-05-22T00:53:43.797Z] ph: 6.6 saved
[2026-05-22T00:53:43.797Z] ph: 6.6 saved
[2026-05-22T00:53:53.743Z] Topic: aquaponic/device/data
[2026-05-22T00:53:53.744Z] Payload: {"mac_address":"ESP:32:AA:BB:CC:01","sensors":{"temperature":24.9,"humidity":58.1,"ph":6.8}}
[2026-05-22T00:53:53.744Z] Topic: aquaponic/device/data
[2026-05-22T00:53:53.744Z] Payload: {"mac_address":"ESP:32:AA:BB:CC:01","sensors":{"temperature":24.9,"humidity":58.1,"ph":6.8}}
[2026-05-22T00:53:53.745Z] temperature => 24.9
[2026-05-22T00:53:53.746Z] temperature => 24.9
[2026-05-22T00:53:53.760Z] temperature: 24.9 saved
[2026-05-22T00:53:53.760Z] temperature: 24.9 saved
[2026-05-22T00:53:53.761Z] humidity => 58.1
[2026-05-22T00:53:53.761Z] humidity => 58.1
[2026-05-22T00:53:53.772Z] humidity: 58.1 saved
[2026-05-22T00:53:53.772Z] humidity: 58.1 saved
[2026-05-22T00:53:53.773Z] ph => 6.8
[2026-05-22T00:53:53.773Z] ph => 6.8
[2026-05-22T00:53:53.792Z] ph: 6.8 saved
[2026-05-22T00:53:53.792Z] ph: 6.8 saved
[2026-05-22T00:54:03.756Z] Topic: aquaponic/device/data
[2026-05-22T00:54:03.756Z] Payload: {"mac_address":"ESP:32:AA:BB:CC:01","sensors":{"temperature":32.5,"humidity":30.5,"ph":4.9}}
[2026-05-22T00:54:03.756Z] Topic: aquaponic/device/data
[2026-05-22T00:54:03.757Z] Payload: {"mac_address":"ESP:32:AA:BB:CC:01","sensors":{"temperature":32.5,"humidity":30.5,"ph":4.9}}
[2026-05-22T00:54:03.758Z] temperature => 32.5
[2026-05-22T00:54:03.758Z] temperature => 32.5
[2026-05-22T00:54:03.771Z] temperature: 32.5 saved
[2026-05-22T00:54:03.778Z] temperature: 32.5 saved
[2026-05-22T00:54:03.789Z] Notification saved
[2026-05-22T00:54:03.789Z] humidity => 30.5
[2026-05-22T00:54:03.797Z] Notification saved
[2026-05-22T00:54:03.797Z] humidity => 30.5
[2026-05-22T00:54:03.808Z] humidity: 30.5 saved
[2026-05-22T00:54:03.817Z] humidity: 30.5 saved
[2026-05-22T00:54:03.837Z] Notification saved
[2026-05-22T00:54:03.837Z] ph => 4.9
[2026-05-22T00:54:03.840Z] Notification saved
[2026-05-22T00:54:03.840Z] ph => 4.9
[2026-05-22T00:54:03.853Z] ph: 4.9 saved
[2026-05-22T00:54:03.860Z] ph: 4.9 saved
[2026-05-22T00:54:03.873Z] Notification saved
[2026-05-22T00:54:03.878Z] Notification saved
[2026-05-22T00:54:13.775Z] Topic: aquaponic/device/data
[2026-05-22T00:54:13.775Z] Payload: {"mac_address":"ESP:32:AA:BB:CC:01","sensors":{"temperature":34.4,"humidity":48.9,"ph":7.3}}
[2026-05-22T00:54:13.776Z] Topic: aquaponic/device/data
[2026-05-22T00:54:13.776Z] Payload: {"mac_address":"ESP:32:AA:BB:CC:01","sensors":{"temperature":34.4,"humidity":48.9,"ph":7.3}}
[2026-05-22T00:54:13.777Z] temperature => 34.4
[2026-05-22T00:54:13.778Z] temperature => 34.4
[2026-05-22T00:54:13.790Z] temperature: 34.4 saved
[2026-05-22T00:54:13.793Z] temperature: 34.4 saved
[2026-05-22T00:54:13.802Z] Notification saved
[2026-05-22T00:54:13.802Z] humidity => 48.9
[2026-05-22T00:54:13.815Z] Notification saved
[2026-05-22T00:54:13.815Z] humidity => 48.9
[2026-05-22T00:54:13.832Z] humidity: 48.9 saved
[2026-05-22T00:54:13.832Z] humidity: 48.9 saved
[2026-05-22T00:54:13.832Z] ph => 7.3
[2026-05-22T00:54:13.832Z] ph => 7.3
[2026-05-22T00:54:13.842Z] ph: 7.3 saved
[2026-05-22T00:54:13.845Z] ph: 7.3 saved
[2026-05-22T00:54:23.783Z] Topic: aquaponic/device/data
[2026-05-22T00:54:23.784Z] Payload: {"mac_address":"ESP:32:AA:BB:CC:01","sensors":{"temperature":26.3,"humidity":56.6,"ph":5.8}}
[2026-05-22T00:54:23.784Z] Topic: aquaponic/device/data
[2026-05-22T00:54:23.784Z] Payload: {"mac_address":"ESP:32:AA:BB:CC:01","sensors":{"temperature":26.3,"humidity":56.6,"ph":5.8}}
[2026-05-22T00:54:23.785Z] temperature => 26.3
[2026-05-22T00:54:23.786Z] temperature => 26.3
[2026-05-22T00:54:23.797Z] temperature: 26.3 saved
[2026-05-22T00:54:23.797Z] humidity => 56.6
[2026-05-22T00:54:23.805Z] temperature: 26.3 saved
[2026-05-22T00:54:23.805Z] humidity => 56.6
[2026-05-22T00:54:23.813Z] humidity: 56.6 saved
[2026-05-22T00:54:23.813Z] ph => 5.8
[2026-05-22T00:54:23.819Z] humidity: 56.6 saved
[2026-05-22T00:54:23.820Z] ph => 5.8
[2026-05-22T00:54:23.827Z] ph: 5.8 saved
[2026-05-22T00:54:23.846Z] ph: 5.8 saved
[2026-05-22T00:54:33.797Z] Topic: aquaponic/device/data
[2026-05-22T00:54:33.797Z] Payload: {"mac_address":"ESP:32:AA:BB:CC:01","sensors":{"temperature":28.2,"humidity":31.9,"ph":7.1}}
[2026-05-22T00:54:33.797Z] Topic: aquaponic/device/data
[2026-05-22T00:54:33.798Z] Payload: {"mac_address":"ESP:32:AA:BB:CC:01","sensors":{"temperature":28.2,"humidity":31.9,"ph":7.1}}
[2026-05-22T00:54:33.799Z] temperature => 28.2
[2026-05-22T00:54:33.799Z] temperature => 28.2
[2026-05-22T00:54:33.810Z] temperature: 28.2 saved
[2026-05-22T00:54:33.810Z] temperature: 28.2 saved
[2026-05-22T00:54:33.810Z] humidity => 31.9
[2026-05-22T00:54:33.810Z] humidity => 31.9
[2026-05-22T00:54:33.836Z] humidity: 31.9 saved
[2026-05-22T00:54:33.837Z] humidity: 31.9 saved
[2026-05-22T00:54:33.847Z] Notification saved
[2026-05-22T00:54:33.847Z] Notification saved
[2026-05-22T00:54:33.847Z] ph => 7.1
[2026-05-22T00:54:33.847Z] ph => 7.1
[2026-05-22T00:54:33.862Z] ph: 7.1 saved
[2026-05-22T00:54:33.865Z] ph: 7.1 saved
[2026-05-22T00:54:43.806Z] Topic: aquaponic/device/data
[2026-05-22T00:54:43.807Z] Payload: {"mac_address":"ESP:32:AA:BB:CC:01","sensors":{"temperature":34.5,"humidity":46.7,"ph":7.5}}
[2026-05-22T00:54:43.807Z] Topic: aquaponic/device/data
[2026-05-22T00:54:43.808Z] Payload: {"mac_address":"ESP:32:AA:BB:CC:01","sensors":{"temperature":34.5,"humidity":46.7,"ph":7.5}}
[2026-05-22T00:54:43.809Z] temperature => 34.5
[2026-05-22T00:54:43.809Z] temperature => 34.5
[2026-05-22T00:54:43.829Z] temperature: 34.5 saved
[2026-05-22T00:54:43.829Z] temperature: 34.5 saved
[2026-05-22T00:54:43.855Z] Notification saved
[2026-05-22T00:54:43.855Z] Notification saved
[2026-05-22T00:54:43.856Z] humidity => 46.7
[2026-05-22T00:54:43.856Z] humidity => 46.7
[2026-05-22T00:54:43.868Z] humidity: 46.7 saved
[2026-05-22T00:54:43.868Z] ph => 7.5
[2026-05-22T00:54:43.871Z] humidity: 46.7 saved
[2026-05-22T00:54:43.871Z] ph => 7.5
[2026-05-22T00:54:43.886Z] ph: 7.5 saved
[2026-05-22T00:54:43.895Z] ph: 7.5 saved
[2026-05-22T00:54:53.843Z] Topic: aquaponic/device/data
[2026-05-22T00:54:53.843Z] Topic: aquaponic/device/data
[2026-05-22T00:54:53.843Z] Payload: {"mac_address":"ESP:32:AA:BB:CC:01","sensors":{"temperature":25.8,"humidity":54,"ph":6.2}}
[2026-05-22T00:54:53.843Z] Payload: {"mac_address":"ESP:32:AA:BB:CC:01","sensors":{"temperature":25.8,"humidity":54,"ph":6.2}}
[2026-05-22T00:54:53.845Z] temperature => 25.8
[2026-05-22T00:54:53.845Z] temperature => 25.8
[2026-05-22T00:54:53.859Z] temperature: 25.8 saved
[2026-05-22T00:54:53.859Z] temperature: 25.8 saved
[2026-05-22T00:54:53.859Z] humidity => 54
[2026-05-22T00:54:53.859Z] humidity => 54
[2026-05-22T00:54:53.869Z] humidity: 54 saved
[2026-05-22T00:54:53.869Z] humidity: 54 saved
[2026-05-22T00:54:53.869Z] ph => 6.2
[2026-05-22T00:54:53.869Z] ph => 6.2
[2026-05-22T00:54:53.877Z] ph: 6.2 saved
[2026-05-22T00:54:53.877Z] ph: 6.2 saved
[2026-05-22T00:55:03.830Z] Topic: aquaponic/device/data
[2026-05-22T00:55:03.830Z] Payload: {"mac_address":"ESP:32:AA:BB:CC:01","sensors":{"temperature":30.4,"humidity":94.1,"ph":8.7}}
[2026-05-22T00:55:03.830Z] Topic: aquaponic/device/data
[2026-05-22T00:55:03.831Z] Payload: {"mac_address":"ESP:32:AA:BB:CC:01","sensors":{"temperature":30.4,"humidity":94.1,"ph":8.7}}
[2026-05-22T00:55:03.832Z] temperature => 30.4
[2026-05-22T00:55:03.832Z] temperature => 30.4
[2026-05-22T00:55:03.858Z] temperature: 30.4 saved
[2026-05-22T00:55:03.858Z] temperature: 30.4 saved
[2026-05-22T00:55:03.858Z] humidity => 94.1
[2026-05-22T00:55:03.858Z] humidity => 94.1
[2026-05-22T00:55:03.867Z] humidity: 94.1 saved
[2026-05-22T00:55:03.867Z] humidity: 94.1 saved
[2026-05-22T00:55:03.891Z] Notification saved
[2026-05-22T00:55:03.891Z] Notification saved
[2026-05-22T00:55:03.891Z] ph => 8.7
[2026-05-22T00:55:03.891Z] ph => 8.7
[2026-05-22T00:55:03.911Z] ph: 8.7 saved
[2026-05-22T00:55:03.911Z] ph: 8.7 saved
[2026-05-22T00:55:03.936Z] Notification saved
[2026-05-22T00:55:03.936Z] Notification saved
[2026-05-22T00:55:13.840Z] Topic: aquaponic/device/data
[2026-05-22T00:55:13.840Z] Payload: {"mac_address":"ESP:32:AA:BB:CC:01","sensors":{"temperature":20.7,"humidity":44.4,"ph":5.1}}
[2026-05-22T00:55:13.840Z] Topic: aquaponic/device/data
[2026-05-22T00:55:13.840Z] Payload: {"mac_address":"ESP:32:AA:BB:CC:01","sensors":{"temperature":20.7,"humidity":44.4,"ph":5.1}}
[2026-05-22T00:55:13.842Z] temperature => 20.7
[2026-05-22T00:55:13.842Z] temperature => 20.7
[2026-05-22T00:55:13.861Z] temperature: 20.7 saved
[2026-05-22T00:55:13.861Z] humidity => 44.4
[2026-05-22T00:55:13.864Z] temperature: 20.7 saved
[2026-05-22T00:55:13.865Z] humidity => 44.4
[2026-05-22T00:55:13.871Z] humidity: 44.4 saved
[2026-05-22T00:55:13.871Z] ph => 5.1
[2026-05-22T00:55:13.880Z] humidity: 44.4 saved
[2026-05-22T00:55:13.880Z] ph => 5.1
[2026-05-22T00:55:13.890Z] ph: 5.1 saved
[2026-05-22T00:55:13.910Z] ph: 5.1 saved
[2026-05-22T00:55:13.913Z] Notification saved
[2026-05-22T00:55:13.921Z] Notification saved
[2026-05-22T00:55:23.851Z] Topic: aquaponic/device/data
[2026-05-22T00:55:23.851Z] Payload: {"mac_address":"ESP:32:AA:BB:CC:01","sensors":{"temperature":29,"humidity":50.6,"ph":4.3}}
[2026-05-22T00:55:23.852Z] Topic: aquaponic/device/data
[2026-05-22T00:55:23.852Z] Payload: {"mac_address":"ESP:32:AA:BB:CC:01","sensors":{"temperature":29,"humidity":50.6,"ph":4.3}}
[2026-05-22T00:55:23.853Z] temperature => 29
[2026-05-22T00:55:23.854Z] temperature => 29
[2026-05-22T00:55:23.865Z] temperature: 29 saved
[2026-05-22T00:55:23.865Z] humidity => 50.6
[2026-05-22T00:55:23.868Z] temperature: 29 saved
[2026-05-22T00:55:23.868Z] humidity => 50.6
[2026-05-22T00:55:23.879Z] humidity: 50.6 saved
[2026-05-22T00:55:23.879Z] ph => 4.3
[2026-05-22T00:55:23.888Z] humidity: 50.6 saved
[2026-05-22T00:55:23.888Z] ph => 4.3
[2026-05-22T00:55:23.898Z] ph: 4.3 saved
[2026-05-22T00:55:23.907Z] ph: 4.3 saved
[2026-05-22T00:55:23.920Z] Notification saved
[2026-05-22T00:55:23.929Z] Notification saved
[2026-05-22T00:55:33.877Z] Topic: aquaponic/device/data
[2026-05-22T00:55:33.878Z] Payload: {"mac_address":"ESP:32:AA:BB:CC:01","sensors":{"temperature":16.8,"humidity":71.3,"ph":6.6}}
[2026-05-22T00:55:33.878Z] Topic: aquaponic/device/data
[2026-05-22T00:55:33.878Z] Payload: {"mac_address":"ESP:32:AA:BB:CC:01","sensors":{"temperature":16.8,"humidity":71.3,"ph":6.6}}
[2026-05-22T00:55:33.880Z] temperature => 16.8
[2026-05-22T00:55:33.880Z] temperature => 16.8
[2026-05-22T00:55:33.902Z] temperature: 16.8 saved
[2026-05-22T00:55:33.902Z] temperature: 16.8 saved
[2026-05-22T00:55:33.915Z] Notification saved
[2026-05-22T00:55:33.915Z] Notification saved
[2026-05-22T00:55:33.915Z] humidity => 71.3
[2026-05-22T00:55:33.915Z] humidity => 71.3
[2026-05-22T00:55:33.935Z] humidity: 71.3 saved
[2026-05-22T00:55:33.935Z] humidity: 71.3 saved
[2026-05-22T00:55:33.935Z] ph => 6.6
[2026-05-22T00:55:33.935Z] ph => 6.6
[2026-05-22T00:55:33.950Z] ph: 6.6 saved
[2026-05-22T00:55:33.950Z] ph: 6.6 saved
[2026-05-22T00:55:43.880Z] Topic: aquaponic/device/data
[2026-05-22T00:55:43.880Z] Topic: aquaponic/device/data
[2026-05-22T00:55:43.880Z] Payload: {"mac_address":"ESP:32:AA:BB:CC:01","sensors":{"temperature":23.2,"humidity":42.8,"ph":5.7}}
[2026-05-22T00:55:43.880Z] Payload: {"mac_address":"ESP:32:AA:BB:CC:01","sensors":{"temperature":23.2,"humidity":42.8,"ph":5.7}}
[2026-05-22T00:55:43.882Z] temperature => 23.2
[2026-05-22T00:55:43.882Z] temperature => 23.2
[2026-05-22T00:55:43.899Z] temperature: 23.2 saved
[2026-05-22T00:55:43.899Z] temperature: 23.2 saved
[2026-05-22T00:55:43.899Z] humidity => 42.8
[2026-05-22T00:55:43.899Z] humidity => 42.8
[2026-05-22T00:55:43.914Z] humidity: 42.8 saved
[2026-05-22T00:55:43.914Z] humidity: 42.8 saved
[2026-05-22T00:55:43.914Z] ph => 5.7
[2026-05-22T00:55:43.915Z] ph => 5.7
[2026-05-22T00:55:43.943Z] ph: 5.7 saved
[2026-05-22T00:55:43.943Z] ph: 5.7 saved
[2026-05-22T00:55:53.887Z] Topic: aquaponic/device/data
[2026-05-22T00:55:53.888Z] Payload: {"mac_address":"ESP:32:AA:BB:CC:01","sensors":{"temperature":21.8,"humidity":62.1,"ph":6}}
[2026-05-22T00:55:53.888Z] Topic: aquaponic/device/data
[2026-05-22T00:55:53.888Z] Payload: {"mac_address":"ESP:32:AA:BB:CC:01","sensors":{"temperature":21.8,"humidity":62.1,"ph":6}}
[2026-05-22T00:55:53.890Z] temperature => 21.8
[2026-05-22T00:55:53.890Z] temperature => 21.8
[2026-05-22T00:55:53.908Z] temperature: 21.8 saved
[2026-05-22T00:55:53.908Z] humidity => 62.1
[2026-05-22T00:55:53.917Z] temperature: 21.8 saved
[2026-05-22T00:55:53.918Z] humidity => 62.1
[2026-05-22T00:55:53.936Z] humidity: 62.1 saved
[2026-05-22T00:55:53.936Z] ph => 6
[2026-05-22T00:55:53.941Z] humidity: 62.1 saved
[2026-05-22T00:55:53.941Z] ph => 6
[2026-05-22T00:55:53.954Z] ph: 6 saved
[2026-05-22T00:55:53.966Z] ph: 6 saved
[2026-05-22T00:56:03.932Z] Topic: aquaponic/device/data
[2026-05-22T00:56:03.932Z] Topic: aquaponic/device/data
[2026-05-22T00:56:03.932Z] Payload: {"mac_address":"ESP:32:AA:BB:CC:01","sensors":{"temperature":20,"humidity":33.7,"ph":6.6}}
[2026-05-22T00:56:03.932Z] Payload: {"mac_address":"ESP:32:AA:BB:CC:01","sensors":{"temperature":20,"humidity":33.7,"ph":6.6}}
[2026-05-22T00:56:03.933Z] temperature => 20
[2026-05-22T00:56:03.934Z] temperature => 20
[2026-05-22T00:56:03.952Z] temperature: 20 saved
[2026-05-22T00:56:03.952Z] temperature: 20 saved
[2026-05-22T00:56:03.952Z] humidity => 33.7
[2026-05-22T00:56:03.952Z] humidity => 33.7
[2026-05-22T00:56:03.977Z] humidity: 33.7 saved
[2026-05-22T00:56:03.977Z] humidity: 33.7 saved
[2026-05-22T00:56:03.994Z] Notification saved
[2026-05-22T00:56:03.994Z] ph => 6.6
[2026-05-22T00:56:04.007Z] Notification saved
[2026-05-22T00:56:04.007Z] ph => 6.6
[2026-05-22T00:56:04.026Z] ph: 6.6 saved
[2026-05-22T00:56:04.026Z] ph: 6.6 saved
[2026-05-22T00:56:13.913Z] Topic: aquaponic/device/data
[2026-05-22T00:56:13.913Z] Payload: {"mac_address":"ESP:32:AA:BB:CC:01","sensors":{"temperature":16.9,"humidity":35.2,"ph":5.9}}
[2026-05-22T00:56:13.913Z] Topic: aquaponic/device/data
[2026-05-22T00:56:13.914Z] Payload: {"mac_address":"ESP:32:AA:BB:CC:01","sensors":{"temperature":16.9,"humidity":35.2,"ph":5.9}}
[2026-05-22T00:56:13.915Z] temperature => 16.9
[2026-05-22T00:56:13.915Z] temperature => 16.9
[2026-05-22T00:56:13.933Z] temperature: 16.9 saved
[2026-05-22T00:56:13.936Z] temperature: 16.9 saved
[2026-05-22T00:56:13.943Z] Notification saved
[2026-05-22T00:56:13.943Z] humidity => 35.2
[2026-05-22T00:56:13.952Z] Notification saved
[2026-05-22T00:56:13.952Z] humidity => 35.2
[2026-05-22T00:56:13.955Z] humidity: 35.2 saved
[2026-05-22T00:56:13.972Z] humidity: 35.2 saved
[2026-05-22T00:56:13.978Z] Notification saved
[2026-05-22T00:56:13.979Z] ph => 5.9
[2026-05-22T00:56:13.990Z] Notification saved
[2026-05-22T00:56:13.990Z] ph => 5.9
[2026-05-22T00:56:13.998Z] ph: 5.9 saved
[2026-05-22T00:56:14.007Z] ph: 5.9 saved
[2026-05-22T00:56:23.926Z] Topic: aquaponic/device/data
[2026-05-22T00:56:23.927Z] Payload: {"mac_address":"ESP:32:AA:BB:CC:01","sensors":{"temperature":28.7,"humidity":43.7,"ph":4.4}}
[2026-05-22T00:56:23.927Z] Topic: aquaponic/device/data
[2026-05-22T00:56:23.927Z] Payload: {"mac_address":"ESP:32:AA:BB:CC:01","sensors":{"temperature":28.7,"humidity":43.7,"ph":4.4}}
[2026-05-22T00:56:23.928Z] temperature => 28.7
[2026-05-22T00:56:23.929Z] temperature => 28.7
[2026-05-22T00:56:23.953Z] temperature: 28.7 saved
[2026-05-22T00:56:23.953Z] temperature: 28.7 saved
[2026-05-22T00:56:23.954Z] humidity => 43.7
[2026-05-22T00:56:23.954Z] humidity => 43.7
[2026-05-22T00:56:23.964Z] humidity: 43.7 saved
[2026-05-22T00:56:23.964Z] humidity: 43.7 saved
[2026-05-22T00:56:23.965Z] ph => 4.4
[2026-05-22T00:56:23.965Z] ph => 4.4
[2026-05-22T00:56:23.986Z] ph: 4.4 saved
[2026-05-22T00:56:23.986Z] ph: 4.4 saved
[2026-05-22T00:56:23.995Z] Notification saved
[2026-05-22T00:56:23.995Z] Notification saved
[2026-05-22T00:56:33.939Z] Topic: aquaponic/device/data
[2026-05-22T00:56:33.939Z] Payload: {"mac_address":"ESP:32:AA:BB:CC:01","sensors":{"temperature":23.9,"humidity":61.5,"ph":6.2}}
[2026-05-22T00:56:33.939Z] Topic: aquaponic/device/data
[2026-05-22T00:56:33.939Z] Payload: {"mac_address":"ESP:32:AA:BB:CC:01","sensors":{"temperature":23.9,"humidity":61.5,"ph":6.2}}
[2026-05-22T00:56:33.941Z] temperature => 23.9
[2026-05-22T00:56:33.941Z] temperature => 23.9
[2026-05-22T00:56:33.957Z] temperature: 23.9 saved
[2026-05-22T00:56:33.957Z] humidity => 61.5
[2026-05-22T00:56:33.966Z] temperature: 23.9 saved
[2026-05-22T00:56:33.966Z] humidity => 61.5
[2026-05-22T00:56:33.978Z] humidity: 61.5 saved
[2026-05-22T00:56:33.978Z] ph => 6.2
[2026-05-22T00:56:33.990Z] humidity: 61.5 saved
[2026-05-22T00:56:33.990Z] ph => 6.2
[2026-05-22T00:56:34.004Z] ph: 6.2 saved
[2026-05-22T00:56:34.007Z] ph: 6.2 saved
[2026-05-22T00:56:43.953Z] Topic: aquaponic/device/data
[2026-05-22T00:56:43.953Z] Payload: {"mac_address":"ESP:32:AA:BB:CC:01","sensors":{"temperature":21.8,"humidity":59.7,"ph":5.8}}
[2026-05-22T00:56:43.953Z] Topic: aquaponic/device/data
[2026-05-22T00:56:43.953Z] Payload: {"mac_address":"ESP:32:AA:BB:CC:01","sensors":{"temperature":21.8,"humidity":59.7,"ph":5.8}}
[2026-05-22T00:56:43.954Z] temperature => 21.8
[2026-05-22T00:56:43.955Z] temperature => 21.8
[2026-05-22T00:56:43.980Z] temperature: 21.8 saved
[2026-05-22T00:56:43.980Z] humidity => 59.7
[2026-05-22T00:56:43.984Z] temperature: 21.8 saved
[2026-05-22T00:56:43.985Z] humidity => 59.7
[2026-05-22T00:56:43.993Z] humidity: 59.7 saved
[2026-05-22T00:56:43.994Z] ph => 5.8
[2026-05-22T00:56:44.006Z] humidity: 59.7 saved
[2026-05-22T00:56:44.006Z] ph => 5.8
[2026-05-22T00:56:44.020Z] ph: 5.8 saved
[2026-05-22T00:56:44.027Z] ph: 5.8 saved
[2026-05-22T00:56:53.963Z] Topic: aquaponic/device/data
[2026-05-22T00:56:53.963Z] Payload: {"mac_address":"ESP:32:AA:BB:CC:01","sensors":{"temperature":33.6,"humidity":87.7,"ph":5.6}}
[2026-05-22T00:56:53.963Z] Topic: aquaponic/device/data
[2026-05-22T00:56:53.964Z] Payload: {"mac_address":"ESP:32:AA:BB:CC:01","sensors":{"temperature":33.6,"humidity":87.7,"ph":5.6}}
[2026-05-22T00:56:53.964Z] temperature => 33.6
[2026-05-22T00:56:53.965Z] temperature => 33.6
[2026-05-22T00:56:53.985Z] temperature: 33.6 saved
[2026-05-22T00:56:53.988Z] temperature: 33.6 saved
[2026-05-22T00:56:53.997Z] Notification saved
[2026-05-22T00:56:53.997Z] humidity => 87.7
[2026-05-22T00:56:54.017Z] Notification saved
[2026-05-22T00:56:54.018Z] humidity => 87.7
[2026-05-22T00:56:54.033Z] humidity: 87.7 saved
[2026-05-22T00:56:54.036Z] humidity: 87.7 saved
[2026-05-22T00:56:54.045Z] Notification saved
[2026-05-22T00:56:54.045Z] ph => 5.6
[2026-05-22T00:56:54.054Z] Notification saved
[2026-05-22T00:56:54.054Z] ph => 5.6
[2026-05-22T00:56:54.063Z] ph: 5.6 saved
[2026-05-22T00:56:54.076Z] ph: 5.6 saved
[2026-05-22T00:57:03.974Z] Topic: aquaponic/device/data
[2026-05-22T00:57:03.974Z] Payload: {"mac_address":"ESP:32:AA:BB:CC:01","sensors":{"temperature":17.5,"humidity":89.8,"ph":7.5}}
[2026-05-22T00:57:03.975Z] Topic: aquaponic/device/data
[2026-05-22T00:57:03.975Z] Payload: {"mac_address":"ESP:32:AA:BB:CC:01","sensors":{"temperature":17.5,"humidity":89.8,"ph":7.5}}
[2026-05-22T00:57:03.976Z] temperature => 17.5
[2026-05-22T00:57:03.976Z] temperature => 17.5
[2026-05-22T00:57:03.985Z] temperature: 17.5 saved
[2026-05-22T00:57:03.988Z] temperature: 17.5 saved
[2026-05-22T00:57:03.999Z] Notification saved
[2026-05-22T00:57:03.999Z] humidity => 89.8
[2026-05-22T00:57:04.008Z] Notification saved
[2026-05-22T00:57:04.008Z] humidity => 89.8
[2026-05-22T00:57:04.024Z] humidity: 89.8 saved
[2026-05-22T00:57:04.027Z] humidity: 89.8 saved
[2026-05-22T00:57:04.034Z] Notification saved
[2026-05-22T00:57:04.034Z] ph => 7.5
[2026-05-22T00:57:04.049Z] Notification saved
[2026-05-22T00:57:04.049Z] ph => 7.5
[2026-05-22T00:57:04.052Z] ph: 7.5 saved
[2026-05-22T00:57:04.064Z] ph: 7.5 saved
[2026-05-22T00:57:13.987Z] Topic: aquaponic/device/data
[2026-05-22T00:57:13.987Z] Payload: {"mac_address":"ESP:32:AA:BB:CC:01","sensors":{"temperature":21.3,"humidity":72.6,"ph":5.8}}
[2026-05-22T00:57:13.988Z] Topic: aquaponic/device/data
[2026-05-22T00:57:13.988Z] Payload: {"mac_address":"ESP:32:AA:BB:CC:01","sensors":{"temperature":21.3,"humidity":72.6,"ph":5.8}}
[2026-05-22T00:57:13.989Z] temperature => 21.3
[2026-05-22T00:57:13.989Z] temperature => 21.3
[2026-05-22T00:57:14.008Z] temperature: 21.3 saved
[2026-05-22T00:57:14.008Z] humidity => 72.6
[2026-05-22T00:57:14.016Z] temperature: 21.3 saved
[2026-05-22T00:57:14.016Z] humidity => 72.6
[2026-05-22T00:57:14.031Z] humidity: 72.6 saved
[2026-05-22T00:57:14.031Z] ph => 5.8
[2026-05-22T00:57:14.036Z] humidity: 72.6 saved
[2026-05-22T00:57:14.036Z] ph => 5.8
[2026-05-22T00:57:14.043Z] ph: 5.8 saved
[2026-05-22T00:57:14.066Z] ph: 5.8 saved
[2026-05-22T00:57:23.997Z] Topic: aquaponic/device/data
[2026-05-22T00:57:23.997Z] Payload: {"mac_address":"ESP:32:AA:BB:CC:01","sensors":{"temperature":20.2,"humidity":68.9,"ph":5.9}}
[2026-05-22T00:57:23.998Z] Topic: aquaponic/device/data
[2026-05-22T00:57:23.998Z] Payload: {"mac_address":"ESP:32:AA:BB:CC:01","sensors":{"temperature":20.2,"humidity":68.9,"ph":5.9}}
[2026-05-22T00:57:23.999Z] temperature => 20.2
[2026-05-22T00:57:24.000Z] temperature => 20.2
[2026-05-22T00:57:24.012Z] temperature: 20.2 saved
[2026-05-22T00:57:24.012Z] humidity => 68.9
[2026-05-22T00:57:24.022Z] temperature: 20.2 saved
[2026-05-22T00:57:24.022Z] humidity => 68.9
[2026-05-22T00:57:24.025Z] humidity: 68.9 saved
[2026-05-22T00:57:24.025Z] ph => 5.9
[2026-05-22T00:57:24.038Z] humidity: 68.9 saved
[2026-05-22T00:57:24.038Z] ph => 5.9
[2026-05-22T00:57:24.047Z] ph: 5.9 saved
[2026-05-22T00:57:24.055Z] ph: 5.9 saved
[2026-05-22T00:57:34.012Z] Topic: aquaponic/device/data
[2026-05-22T00:57:34.012Z] Payload: {"mac_address":"ESP:32:AA:BB:CC:01","sensors":{"temperature":25.5,"humidity":73.8,"ph":8.8}}
[2026-05-22T00:57:34.013Z] Topic: aquaponic/device/data
[2026-05-22T00:57:34.014Z] Payload: {"mac_address":"ESP:32:AA:BB:CC:01","sensors":{"temperature":25.5,"humidity":73.8,"ph":8.8}}
[2026-05-22T00:57:34.014Z] temperature => 25.5
[2026-05-22T00:57:34.015Z] temperature => 25.5
[2026-05-22T00:57:34.028Z] temperature: 25.5 saved
[2026-05-22T00:57:34.029Z] humidity => 73.8
[2026-05-22T00:57:34.044Z] temperature: 25.5 saved
[2026-05-22T00:57:34.044Z] humidity => 73.8
[2026-05-22T00:57:34.047Z] humidity: 73.8 saved
[2026-05-22T00:57:34.047Z] ph => 8.8
[2026-05-22T00:57:34.054Z] humidity: 73.8 saved
[2026-05-22T00:57:34.054Z] ph => 8.8
[2026-05-22T00:57:34.062Z] ph: 8.8 saved
[2026-05-22T00:57:34.073Z] ph: 8.8 saved
[2026-05-22T00:57:34.092Z] Notification saved
[2026-05-22T00:57:34.099Z] Notification saved
[2026-05-22T00:57:44.033Z] Topic: aquaponic/device/data
[2026-05-22T00:57:44.033Z] Payload: {"mac_address":"ESP:32:AA:BB:CC:01","sensors":{"temperature":20.8,"humidity":62.7,"ph":6.9}}
[2026-05-22T00:57:44.034Z] Topic: aquaponic/device/data
[2026-05-22T00:57:44.034Z] Payload: {"mac_address":"ESP:32:AA:BB:CC:01","sensors":{"temperature":20.8,"humidity":62.7,"ph":6.9}}
[2026-05-22T00:57:44.035Z] temperature => 20.8
[2026-05-22T00:57:44.036Z] temperature => 20.8
[2026-05-22T00:57:44.053Z] temperature: 20.8 saved
[2026-05-22T00:57:44.053Z] temperature: 20.8 saved
[2026-05-22T00:57:44.053Z] humidity => 62.7
[2026-05-22T00:57:44.053Z] humidity => 62.7
[2026-05-22T00:57:44.068Z] humidity: 62.7 saved
[2026-05-22T00:57:44.068Z] humidity: 62.7 saved
[2026-05-22T00:57:44.068Z] ph => 6.9
[2026-05-22T00:57:44.068Z] ph => 6.9
[2026-05-22T00:57:44.077Z] ph: 6.9 saved
[2026-05-22T00:57:44.087Z] ph: 6.9 saved
[2026-05-22T00:57:54.039Z] Topic: aquaponic/device/data
[2026-05-22T00:57:54.039Z] Topic: aquaponic/device/data
[2026-05-22T00:57:54.039Z] Payload: {"mac_address":"ESP:32:AA:BB:CC:01","sensors":{"temperature":19.2,"humidity":73.6,"ph":5.9}}
[2026-05-22T00:57:54.039Z] Payload: {"mac_address":"ESP:32:AA:BB:CC:01","sensors":{"temperature":19.2,"humidity":73.6,"ph":5.9}}
[2026-05-22T00:57:54.041Z] temperature => 19.2
[2026-05-22T00:57:54.041Z] temperature => 19.2
[2026-05-22T00:57:54.055Z] temperature: 19.2 saved
[2026-05-22T00:57:54.055Z] temperature: 19.2 saved
[2026-05-22T00:57:54.055Z] humidity => 73.6
[2026-05-22T00:57:54.055Z] humidity => 73.6
[2026-05-22T00:57:54.088Z] humidity: 73.6 saved
[2026-05-22T00:57:54.088Z] humidity: 73.6 saved
[2026-05-22T00:57:54.088Z] ph => 5.9
[2026-05-22T00:57:54.088Z] ph => 5.9
[2026-05-22T00:57:54.100Z] ph: 5.9 saved
[2026-05-22T00:57:54.100Z] ph: 5.9 saved
[2026-05-22T00:58:04.047Z] Topic: aquaponic/device/data
[2026-05-22T00:58:04.047Z] Payload: {"mac_address":"ESP:32:AA:BB:CC:01","sensors":{"temperature":22.9,"humidity":78.5,"ph":8.3}}
[2026-05-22T00:58:04.048Z] Topic: aquaponic/device/data
[2026-05-22T00:58:04.048Z] Payload: {"mac_address":"ESP:32:AA:BB:CC:01","sensors":{"temperature":22.9,"humidity":78.5,"ph":8.3}}
[2026-05-22T00:58:04.049Z] temperature => 22.9
[2026-05-22T00:58:04.050Z] temperature => 22.9
[2026-05-22T00:58:04.062Z] temperature: 22.9 saved
[2026-05-22T00:58:04.063Z] humidity => 78.5
[2026-05-22T00:58:04.079Z] temperature: 22.9 saved
[2026-05-22T00:58:04.079Z] humidity => 78.5
[2026-05-22T00:58:04.094Z] humidity: 78.5 saved
[2026-05-22T00:58:04.094Z] ph => 8.3
[2026-05-22T00:58:04.101Z] humidity: 78.5 saved
[2026-05-22T00:58:04.101Z] ph => 8.3
[2026-05-22T00:58:04.110Z] ph: 8.3 saved
[2026-05-22T00:58:04.128Z] Notification saved
[2026-05-22T00:58:04.128Z] ph: 8.3 saved
[2026-05-22T00:58:04.136Z] Notification saved
[2026-05-22T00:58:14.061Z] Topic: aquaponic/device/data
[2026-05-22T00:58:14.062Z] Payload: {"mac_address":"ESP:32:AA:BB:CC:01","sensors":{"temperature":19.1,"humidity":50.1,"ph":4.7}}
[2026-05-22T00:58:14.062Z] Topic: aquaponic/device/data
[2026-05-22T00:58:14.062Z] Payload: {"mac_address":"ESP:32:AA:BB:CC:01","sensors":{"temperature":19.1,"humidity":50.1,"ph":4.7}}
[2026-05-22T00:58:14.063Z] temperature => 19.1
[2026-05-22T00:58:14.064Z] temperature => 19.1
[2026-05-22T00:58:14.096Z] temperature: 19.1 saved
[2026-05-22T00:58:14.096Z] temperature: 19.1 saved
[2026-05-22T00:58:14.096Z] humidity => 50.1
[2026-05-22T00:58:14.096Z] humidity => 50.1
[2026-05-22T00:58:14.107Z] humidity: 50.1 saved
[2026-05-22T00:58:14.108Z] humidity: 50.1 saved
[2026-05-22T00:58:14.108Z] ph => 4.7
[2026-05-22T00:58:14.108Z] ph => 4.7
[2026-05-22T00:58:14.120Z] ph: 4.7 saved
[2026-05-22T00:58:14.121Z] ph: 4.7 saved
[2026-05-22T00:58:14.137Z] Notification saved
[2026-05-22T00:58:14.141Z] Notification saved
[2026-05-22T00:58:24.073Z] Topic: aquaponic/device/data
[2026-05-22T00:58:24.074Z] Payload: {"mac_address":"ESP:32:AA:BB:CC:01","sensors":{"temperature":27.6,"humidity":63.9,"ph":7.4}}
[2026-05-22T00:58:24.074Z] Topic: aquaponic/device/data
[2026-05-22T00:58:24.075Z] Payload: {"mac_address":"ESP:32:AA:BB:CC:01","sensors":{"temperature":27.6,"humidity":63.9,"ph":7.4}}
[2026-05-22T00:58:24.076Z] temperature => 27.6
[2026-05-22T00:58:24.076Z] temperature => 27.6
[2026-05-22T00:58:24.088Z] temperature: 27.6 saved
[2026-05-22T00:58:24.088Z] humidity => 63.9
[2026-05-22T00:58:24.097Z] temperature: 27.6 saved
[2026-05-22T00:58:24.097Z] humidity => 63.9
[2026-05-22T00:58:24.104Z] humidity: 63.9 saved
[2026-05-22T00:58:24.104Z] ph => 7.4
[2026-05-22T00:58:24.111Z] humidity: 63.9 saved
[2026-05-22T00:58:24.111Z] ph => 7.4
[2026-05-22T00:58:24.119Z] ph: 7.4 saved
[2026-05-22T00:58:24.141Z] ph: 7.4 saved
[2026-05-22T00:58:34.087Z] Topic: aquaponic/device/data
[2026-05-22T00:58:34.087Z] Payload: {"mac_address":"ESP:32:AA:BB:CC:01","sensors":{"temperature":18.8,"humidity":63.5,"ph":5.5}}
[2026-05-22T00:58:34.088Z] Topic: aquaponic/device/data
[2026-05-22T00:58:34.088Z] Payload: {"mac_address":"ESP:32:AA:BB:CC:01","sensors":{"temperature":18.8,"humidity":63.5,"ph":5.5}}
[2026-05-22T00:58:34.089Z] temperature => 18.8
[2026-05-22T00:58:34.090Z] temperature => 18.8
[2026-05-22T00:58:34.115Z] temperature: 18.8 saved
[2026-05-22T00:58:34.115Z] humidity => 63.5
[2026-05-22T00:58:34.118Z] temperature: 18.8 saved
[2026-05-22T00:58:34.119Z] humidity => 63.5
[2026-05-22T00:58:34.127Z] humidity: 63.5 saved
[2026-05-22T00:58:34.128Z] ph => 5.5
[2026-05-22T00:58:34.155Z] humidity: 63.5 saved
[2026-05-22T00:58:34.155Z] ph => 5.5
[2026-05-22T00:58:34.158Z] ph: 5.5 saved
[2026-05-22T00:58:34.167Z] ph: 5.5 saved
[2026-05-22T00:58:44.098Z] Topic: aquaponic/device/data
[2026-05-22T00:58:44.098Z] Payload: {"mac_address":"ESP:32:AA:BB:CC:01","sensors":{"temperature":19.5,"humidity":57.4,"ph":4.1}}
[2026-05-22T00:58:44.099Z] Topic: aquaponic/device/data
[2026-05-22T00:58:44.099Z] Payload: {"mac_address":"ESP:32:AA:BB:CC:01","sensors":{"temperature":19.5,"humidity":57.4,"ph":4.1}}
[2026-05-22T00:58:44.100Z] temperature => 19.5
[2026-05-22T00:58:44.101Z] temperature => 19.5
[2026-05-22T00:58:44.125Z] temperature: 19.5 saved
[2026-05-22T00:58:44.125Z] temperature: 19.5 saved
[2026-05-22T00:58:44.125Z] humidity => 57.4
[2026-05-22T00:58:44.125Z] humidity => 57.4
[2026-05-22T00:58:44.133Z] humidity: 57.4 saved
[2026-05-22T00:58:44.133Z] ph => 4.1
[2026-05-22T00:58:44.142Z] humidity: 57.4 saved
[2026-05-22T00:58:44.142Z] ph => 4.1
[2026-05-22T00:58:44.150Z] ph: 4.1 saved
[2026-05-22T00:58:44.162Z] ph: 4.1 saved
[2026-05-22T00:58:44.169Z] Notification saved
[2026-05-22T00:58:44.178Z] Notification saved
[2026-05-22T00:58:54.108Z] Topic: aquaponic/device/data
[2026-05-22T00:58:54.108Z] Payload: {"mac_address":"ESP:32:AA:BB:CC:01","sensors":{"temperature":30.4,"humidity":82.3,"ph":6.5}}
[2026-05-22T00:58:54.108Z] Topic: aquaponic/device/data
[2026-05-22T00:58:54.108Z] Payload: {"mac_address":"ESP:32:AA:BB:CC:01","sensors":{"temperature":30.4,"humidity":82.3,"ph":6.5}}
[2026-05-22T00:58:54.109Z] temperature => 30.4
[2026-05-22T00:58:54.109Z] temperature => 30.4
[2026-05-22T00:58:54.119Z] temperature: 30.4 saved
[2026-05-22T00:58:54.119Z] temperature: 30.4 saved
[2026-05-22T00:58:54.119Z] humidity => 82.3
[2026-05-22T00:58:54.119Z] humidity => 82.3
[2026-05-22T00:58:54.136Z] humidity: 82.3 saved
[2026-05-22T00:58:54.136Z] humidity: 82.3 saved
[2026-05-22T00:58:54.136Z] ph => 6.5
[2026-05-22T00:58:54.136Z] ph => 6.5
[2026-05-22T00:58:54.143Z] ph: 6.5 saved
[2026-05-22T00:58:54.144Z] ph: 6.5 saved
[2026-05-22T00:59:04.119Z] Topic: aquaponic/device/data
[2026-05-22T00:59:04.120Z] Payload: {"mac_address":"ESP:32:AA:BB:CC:01","sensors":{"temperature":22.5,"humidity":63.1,"ph":7.5}}
[2026-05-22T00:59:04.120Z] Topic: aquaponic/device/data
[2026-05-22T00:59:04.120Z] Payload: {"mac_address":"ESP:32:AA:BB:CC:01","sensors":{"temperature":22.5,"humidity":63.1,"ph":7.5}}
[2026-05-22T00:59:04.121Z] temperature => 22.5
[2026-05-22T00:59:04.122Z] temperature => 22.5
[2026-05-22T00:59:04.144Z] temperature: 22.5 saved
[2026-05-22T00:59:04.144Z] temperature: 22.5 saved
[2026-05-22T00:59:04.144Z] humidity => 63.1
[2026-05-22T00:59:04.144Z] humidity => 63.1
[2026-05-22T00:59:04.157Z] humidity: 63.1 saved
[2026-05-22T00:59:04.157Z] humidity: 63.1 saved
[2026-05-22T00:59:04.157Z] ph => 7.5
[2026-05-22T00:59:04.157Z] ph => 7.5
[2026-05-22T00:59:04.172Z] ph: 7.5 saved
[2026-05-22T00:59:04.172Z] ph: 7.5 saved
[2026-05-22T00:59:14.161Z] Topic: aquaponic/device/data
[2026-05-22T00:59:14.161Z] Payload: {"mac_address":"ESP:32:AA:BB:CC:01","sensors":{"temperature":24.9,"humidity":51.2,"ph":4.3}}
[2026-05-22T00:59:14.163Z] temperature => 24.9
[2026-05-22T00:59:14.181Z] temperature: 24.9 saved
[2026-05-22T00:59:14.181Z] humidity => 51.2
[2026-05-22T00:59:14.188Z] humidity: 51.2 saved
[2026-05-22T00:59:14.188Z] ph => 4.3
[2026-05-22T00:59:14.189Z] Topic: aquaponic/device/data
[2026-05-22T00:59:14.189Z] Payload: {"mac_address":"ESP:32:AA:BB:CC:01","sensors":{"temperature":24.9,"humidity":51.2,"ph":4.3}}
[2026-05-22T00:59:14.190Z] temperature => 24.9
[2026-05-22T00:59:14.199Z] ph: 4.3 saved
[2026-05-22T00:59:14.207Z] temperature: 24.9 saved
[2026-05-22T00:59:14.207Z] humidity => 51.2
[2026-05-22T00:59:14.223Z] Notification saved
[2026-05-22T00:59:14.228Z] humidity: 51.2 saved
[2026-05-22T00:59:14.228Z] ph => 4.3
[2026-05-22T00:59:14.243Z] ph: 4.3 saved
[2026-05-22T00:59:14.253Z] Notification saved
[2026-05-22T00:59:24.144Z] Topic: aquaponic/device/data
[2026-05-22T00:59:24.144Z] Topic: aquaponic/device/data
[2026-05-22T00:59:24.144Z] Payload: {"mac_address":"ESP:32:AA:BB:CC:01","sensors":{"temperature":21,"humidity":52.5,"ph":4.5}}
[2026-05-22T00:59:24.144Z] Payload: {"mac_address":"ESP:32:AA:BB:CC:01","sensors":{"temperature":21,"humidity":52.5,"ph":4.5}}
[2026-05-22T00:59:24.146Z] temperature => 21
[2026-05-22T00:59:24.146Z] temperature => 21
[2026-05-22T00:59:24.169Z] temperature: 21 saved
[2026-05-22T00:59:24.169Z] temperature: 21 saved
[2026-05-22T00:59:24.169Z] humidity => 52.5
[2026-05-22T00:59:24.169Z] humidity => 52.5
[2026-05-22T00:59:24.177Z] humidity: 52.5 saved
[2026-05-22T00:59:24.177Z] humidity: 52.5 saved
[2026-05-22T00:59:24.177Z] ph => 4.5
[2026-05-22T00:59:24.177Z] ph => 4.5
[2026-05-22T00:59:24.194Z] ph: 4.5 saved
[2026-05-22T00:59:24.198Z] ph: 4.5 saved
[2026-05-22T00:59:24.205Z] Notification saved
[2026-05-22T00:59:24.213Z] Notification saved
[2026-05-22T00:59:34.159Z] Topic: aquaponic/device/data
[2026-05-22T00:59:34.159Z] Payload: {"mac_address":"ESP:32:AA:BB:CC:01","sensors":{"temperature":27,"humidity":32.6,"ph":6.8}}
[2026-05-22T00:59:34.159Z] Topic: aquaponic/device/data
[2026-05-22T00:59:34.160Z] Payload: {"mac_address":"ESP:32:AA:BB:CC:01","sensors":{"temperature":27,"humidity":32.6,"ph":6.8}}
[2026-05-22T00:59:34.161Z] temperature => 27
[2026-05-22T00:59:34.161Z] temperature => 27
[2026-05-22T00:59:34.172Z] temperature: 27 saved
[2026-05-22T00:59:34.172Z] humidity => 32.6
[2026-05-22T00:59:34.176Z] temperature: 27 saved
[2026-05-22T00:59:34.176Z] humidity => 32.6
[2026-05-22T00:59:34.183Z] humidity: 32.6 saved
[2026-05-22T00:59:34.199Z] humidity: 32.6 saved
[2026-05-22T00:59:34.204Z] Notification saved
[2026-05-22T00:59:34.204Z] ph => 6.8
[2026-05-22T00:59:34.216Z] Notification saved
[2026-05-22T00:59:34.217Z] ph => 6.8
[2026-05-22T00:59:34.225Z] ph: 6.8 saved
[2026-05-22T00:59:34.238Z] ph: 6.8 saved
[2026-05-22T00:59:44.170Z] Topic: aquaponic/device/data
[2026-05-22T00:59:44.171Z] Payload: {"mac_address":"ESP:32:AA:BB:CC:01","sensors":{"temperature":31.7,"humidity":56.5,"ph":6.7}}
[2026-05-22T00:59:44.171Z] Topic: aquaponic/device/data
[2026-05-22T00:59:44.172Z] Payload: {"mac_address":"ESP:32:AA:BB:CC:01","sensors":{"temperature":31.7,"humidity":56.5,"ph":6.7}}
[2026-05-22T00:59:44.172Z] temperature => 31.7
[2026-05-22T00:59:44.173Z] temperature => 31.7
[2026-05-22T00:59:44.191Z] temperature: 31.7 saved
[2026-05-22T00:59:44.191Z] temperature: 31.7 saved
[2026-05-22T00:59:44.191Z] humidity => 56.5
[2026-05-22T00:59:44.191Z] humidity => 56.5
[2026-05-22T00:59:44.206Z] humidity: 56.5 saved
[2026-05-22T00:59:44.206Z] humidity: 56.5 saved
[2026-05-22T00:59:44.207Z] ph => 6.7
[2026-05-22T00:59:44.207Z] ph => 6.7
[2026-05-22T00:59:44.213Z] ph: 6.7 saved
[2026-05-22T00:59:44.219Z] ph: 6.7 saved
[2026-05-22T00:59:54.180Z] Topic: aquaponic/device/data
[2026-05-22T00:59:54.180Z] Payload: {"mac_address":"ESP:32:AA:BB:CC:01","sensors":{"temperature":35.3,"humidity":70.7,"ph":4.1}}
[2026-05-22T00:59:54.181Z] Topic: aquaponic/device/data
[2026-05-22T00:59:54.181Z] Payload: {"mac_address":"ESP:32:AA:BB:CC:01","sensors":{"temperature":35.3,"humidity":70.7,"ph":4.1}}
[2026-05-22T00:59:54.182Z] temperature => 35.3
[2026-05-22T00:59:54.182Z] temperature => 35.3
[2026-05-22T00:59:54.191Z] temperature: 35.3 saved
[2026-05-22T00:59:54.197Z] temperature: 35.3 saved
[2026-05-22T00:59:54.204Z] Notification saved
[2026-05-22T00:59:54.205Z] humidity => 70.7
[2026-05-22T00:59:54.213Z] Notification saved
[2026-05-22T00:59:54.213Z] humidity => 70.7
[2026-05-22T00:59:54.222Z] humidity: 70.7 saved
[2026-05-22T00:59:54.222Z] ph => 4.1
[2026-05-22T00:59:54.231Z] humidity: 70.7 saved
[2026-05-22T00:59:54.231Z] ph => 4.1
[2026-05-22T00:59:54.239Z] ph: 4.1 saved
[2026-05-22T00:59:54.268Z] Notification saved
[2026-05-22T00:59:54.274Z] ph: 4.1 saved
[2026-05-22T00:59:54.284Z] Notification saved
[2026-05-22T01:00:04.300Z] Topic: aquaponic/device/data
[2026-05-22T01:00:04.300Z] Payload: {"mac_address":"ESP:32:AA:BB:CC:01","sensors":{"temperature":20.5,"humidity":90.6,"ph":5}}
[2026-05-22T01:00:04.305Z] Topic: aquaponic/device/data
[2026-05-22T01:00:04.305Z] Payload: {"mac_address":"ESP:32:AA:BB:CC:01","sensors":{"temperature":20.5,"humidity":90.6,"ph":5}}
[2026-05-22T01:00:04.316Z] temperature => 20.5
[2026-05-22T01:00:04.327Z] temperature => 20.5
[2026-05-22T01:00:04.380Z] temperature: 20.5 saved
[2026-05-22T01:00:04.380Z] humidity => 90.6
[2026-05-22T01:00:04.410Z] temperature: 20.5 saved
[2026-05-22T01:00:04.410Z] humidity => 90.6
[2026-05-22T01:00:04.450Z] humidity: 90.6 saved
[2026-05-22T01:00:04.492Z] humidity: 90.6 saved
[2026-05-22T01:00:04.546Z] Notification saved
[2026-05-22T01:00:04.546Z] ph => 5
[2026-05-22T01:00:04.555Z] Notification saved
[2026-05-22T01:00:04.555Z] ph => 5
[2026-05-22T01:00:04.639Z] ph: 5 saved
[2026-05-22T01:00:04.644Z] ph: 5 saved
[2026-05-22T01:00:04.739Z] Notification saved
[2026-05-22T01:00:04.741Z] Notification saved
[2026-05-22T01:00:14.207Z] Topic: aquaponic/device/data
[2026-05-22T01:00:14.207Z] Topic: aquaponic/device/data
[2026-05-22T01:00:14.207Z] Payload: {"mac_address":"ESP:32:AA:BB:CC:01","sensors":{"temperature":20.8,"humidity":75.6,"ph":7}}
[2026-05-22T01:00:14.207Z] Payload: {"mac_address":"ESP:32:AA:BB:CC:01","sensors":{"temperature":20.8,"humidity":75.6,"ph":7}}
[2026-05-22T01:00:14.208Z] temperature => 20.8
[2026-05-22T01:00:14.208Z] temperature => 20.8
[2026-05-22T01:00:14.233Z] temperature: 20.8 saved
[2026-05-22T01:00:14.233Z] temperature: 20.8 saved
[2026-05-22T01:00:14.234Z] humidity => 75.6
[2026-05-22T01:00:14.234Z] humidity => 75.6
[2026-05-22T01:00:14.255Z] humidity: 75.6 saved
[2026-05-22T01:00:14.255Z] humidity: 75.6 saved
[2026-05-22T01:00:14.255Z] ph => 7
[2026-05-22T01:00:14.255Z] ph => 7
[2026-05-22T01:00:14.269Z] ph: 7 saved
[2026-05-22T01:00:14.276Z] ph: 7 saved
[2026-05-22T01:00:24.231Z] Topic: aquaponic/device/data
[2026-05-22T01:00:24.231Z] Payload: {"mac_address":"ESP:32:AA:BB:CC:01","sensors":{"temperature":33,"humidity":35.8,"ph":8.8}}
[2026-05-22T01:00:24.231Z] Topic: aquaponic/device/data
[2026-05-22T01:00:24.231Z] Payload: {"mac_address":"ESP:32:AA:BB:CC:01","sensors":{"temperature":33,"humidity":35.8,"ph":8.8}}
[2026-05-22T01:00:24.233Z] temperature => 33
[2026-05-22T01:00:24.233Z] temperature => 33
[2026-05-22T01:00:24.247Z] temperature: 33 saved
[2026-05-22T01:00:24.250Z] temperature: 33 saved
[2026-05-22T01:00:24.257Z] Notification saved
[2026-05-22T01:00:24.257Z] humidity => 35.8
[2026-05-22T01:00:24.278Z] Notification saved
[2026-05-22T01:00:24.278Z] humidity => 35.8
[2026-05-22T01:00:24.281Z] humidity: 35.8 saved
[2026-05-22T01:00:24.290Z] humidity: 35.8 saved
[2026-05-22T01:00:24.303Z] Notification saved
[2026-05-22T01:00:24.303Z] ph => 8.8
[2026-05-22T01:00:24.307Z] Notification saved
[2026-05-22T01:00:24.307Z] ph => 8.8
[2026-05-22T01:00:24.320Z] ph: 8.8 saved
[2026-05-22T01:00:24.334Z] ph: 8.8 saved
[2026-05-22T01:00:24.341Z] Notification saved
[2026-05-22T01:00:24.348Z] Notification saved
[2026-05-22T01:00:34.233Z] Topic: aquaponic/device/data
[2026-05-22T01:00:34.233Z] Payload: {"mac_address":"ESP:32:AA:BB:CC:01","sensors":{"temperature":17.3,"humidity":43.1,"ph":7.4}}
[2026-05-22T01:00:34.234Z] Topic: aquaponic/device/data
[2026-05-22T01:00:34.235Z] Payload: {"mac_address":"ESP:32:AA:BB:CC:01","sensors":{"temperature":17.3,"humidity":43.1,"ph":7.4}}
[2026-05-22T01:00:34.235Z] temperature => 17.3
[2026-05-22T01:00:34.236Z] temperature => 17.3
[2026-05-22T01:00:34.254Z] temperature: 17.3 saved
[2026-05-22T01:00:34.254Z] temperature: 17.3 saved
[2026-05-22T01:00:34.276Z] Notification saved
[2026-05-22T01:00:34.276Z] Notification saved
[2026-05-22T01:00:34.276Z] humidity => 43.1
[2026-05-22T01:00:34.276Z] humidity => 43.1
[2026-05-22T01:00:34.295Z] humidity: 43.1 saved
[2026-05-22T01:00:34.296Z] ph => 7.4
[2026-05-22T01:00:34.299Z] humidity: 43.1 saved
[2026-05-22T01:00:34.299Z] ph => 7.4
[2026-05-22T01:00:34.306Z] ph: 7.4 saved
[2026-05-22T01:00:34.318Z] ph: 7.4 saved
[2026-05-22T01:00:44.267Z] Topic: aquaponic/device/data
[2026-05-22T01:00:44.267Z] Payload: {"mac_address":"ESP:32:AA:BB:CC:01","sensors":{"temperature":22.7,"humidity":41.4,"ph":5.1}}
[2026-05-22T01:00:44.267Z] Topic: aquaponic/device/data
[2026-05-22T01:00:44.268Z] Payload: {"mac_address":"ESP:32:AA:BB:CC:01","sensors":{"temperature":22.7,"humidity":41.4,"ph":5.1}}
[2026-05-22T01:00:44.269Z] temperature => 22.7
[2026-05-22T01:00:44.269Z] temperature => 22.7
[2026-05-22T01:00:44.284Z] temperature: 22.7 saved
[2026-05-22T01:00:44.284Z] humidity => 41.4
[2026-05-22T01:00:44.309Z] temperature: 22.7 saved
[2026-05-22T01:00:44.309Z] humidity => 41.4
[2026-05-22T01:00:44.326Z] humidity: 41.4 saved
[2026-05-22T01:00:44.326Z] ph => 5.1
[2026-05-22T01:00:44.335Z] humidity: 41.4 saved
[2026-05-22T01:00:44.336Z] ph => 5.1
[2026-05-22T01:00:44.374Z] ph: 5.1 saved
[2026-05-22T01:00:44.374Z] ph: 5.1 saved
[2026-05-22T01:00:44.384Z] Notification saved
[2026-05-22T01:00:44.387Z] Notification saved
[2026-05-22T01:00:54.255Z] Topic: aquaponic/device/data
[2026-05-22T01:00:54.255Z] Payload: {"mac_address":"ESP:32:AA:BB:CC:01","sensors":{"temperature":27.3,"humidity":81.8,"ph":6.5}}
[2026-05-22T01:00:54.256Z] Topic: aquaponic/device/data
[2026-05-22T01:00:54.256Z] Payload: {"mac_address":"ESP:32:AA:BB:CC:01","sensors":{"temperature":27.3,"humidity":81.8,"ph":6.5}}
[2026-05-22T01:00:54.257Z] temperature => 27.3
[2026-05-22T01:00:54.258Z] temperature => 27.3
[2026-05-22T01:00:54.267Z] temperature: 27.3 saved
[2026-05-22T01:00:54.267Z] humidity => 81.8
[2026-05-22T01:00:54.289Z] temperature: 27.3 saved
[2026-05-22T01:00:54.289Z] humidity: 81.8 saved
[2026-05-22T01:00:54.289Z] ph => 6.5
[2026-05-22T01:00:54.289Z] humidity => 81.8
[2026-05-22T01:00:54.309Z] ph: 6.5 saved
[2026-05-22T01:00:54.309Z] humidity: 81.8 saved
[2026-05-22T01:00:54.309Z] ph => 6.5
[2026-05-22T01:00:54.325Z] ph: 6.5 saved
[2026-05-22T01:01:04.269Z] Topic: aquaponic/device/data
[2026-05-22T01:01:04.270Z] Payload: {"mac_address":"ESP:32:AA:BB:CC:01","sensors":{"temperature":24.6,"humidity":89.1,"ph":5.8}}
[2026-05-22T01:01:04.270Z] Topic: aquaponic/device/data
[2026-05-22T01:01:04.270Z] Payload: {"mac_address":"ESP:32:AA:BB:CC:01","sensors":{"temperature":24.6,"humidity":89.1,"ph":5.8}}
[2026-05-22T01:01:04.271Z] temperature => 24.6
[2026-05-22T01:01:04.272Z] temperature => 24.6
[2026-05-22T01:01:04.309Z] temperature: 24.6 saved
[2026-05-22T01:01:04.309Z] temperature: 24.6 saved
[2026-05-22T01:01:04.309Z] humidity => 89.1
[2026-05-22T01:01:04.309Z] humidity => 89.1
[2026-05-22T01:01:04.355Z] humidity: 89.1 saved
[2026-05-22T01:01:04.362Z] humidity: 89.1 saved
[2026-05-22T01:01:04.376Z] Notification saved
[2026-05-22T01:01:04.376Z] ph => 5.8
[2026-05-22T01:01:04.390Z] Notification saved
[2026-05-22T01:01:04.390Z] ph => 5.8
[2026-05-22T01:01:04.393Z] ph: 5.8 saved
[2026-05-22T01:01:04.402Z] ph: 5.8 saved
[2026-05-22T01:01:14.277Z] Topic: aquaponic/device/data
[2026-05-22T01:01:14.277Z] Payload: {"mac_address":"ESP:32:AA:BB:CC:01","sensors":{"temperature":35.7,"humidity":50.9,"ph":6.9}}
[2026-05-22T01:01:14.278Z] Topic: aquaponic/device/data
[2026-05-22T01:01:14.278Z] Payload: {"mac_address":"ESP:32:AA:BB:CC:01","sensors":{"temperature":35.7,"humidity":50.9,"ph":6.9}}
[2026-05-22T01:01:14.279Z] temperature => 35.7
[2026-05-22T01:01:14.279Z] temperature => 35.7
[2026-05-22T01:01:14.315Z] temperature: 35.7 saved
[2026-05-22T01:01:14.315Z] temperature: 35.7 saved
[2026-05-22T01:01:14.348Z] Notification saved
[2026-05-22T01:01:14.348Z] Notification saved
[2026-05-22T01:01:14.349Z] humidity => 50.9
[2026-05-22T01:01:14.349Z] humidity => 50.9
[2026-05-22T01:01:14.367Z] humidity: 50.9 saved
[2026-05-22T01:01:14.367Z] humidity: 50.9 saved
[2026-05-22T01:01:14.368Z] ph => 6.9
[2026-05-22T01:01:14.368Z] ph => 6.9
[2026-05-22T01:01:14.415Z] ph: 6.9 saved
[2026-05-22T01:01:14.415Z] ph: 6.9 saved
[2026-05-22T01:01:24.290Z] Topic: aquaponic/device/data
[2026-05-22T01:01:24.290Z] Payload: {"mac_address":"ESP:32:AA:BB:CC:01","sensors":{"temperature":25.2,"humidity":62.7,"ph":5.1}}
[2026-05-22T01:01:24.292Z] Topic: aquaponic/device/data
[2026-05-22T01:01:24.292Z] Payload: {"mac_address":"ESP:32:AA:BB:CC:01","sensors":{"temperature":25.2,"humidity":62.7,"ph":5.1}}
[2026-05-22T01:01:24.293Z] temperature => 25.2
[2026-05-22T01:01:24.294Z] temperature => 25.2
[2026-05-22T01:01:24.338Z] temperature: 25.2 saved
[2026-05-22T01:01:24.338Z] temperature: 25.2 saved
[2026-05-22T01:01:24.338Z] humidity => 62.7
[2026-05-22T01:01:24.338Z] humidity => 62.7
[2026-05-22T01:01:24.359Z] humidity: 62.7 saved
[2026-05-22T01:01:24.359Z] humidity: 62.7 saved
[2026-05-22T01:01:24.359Z] ph => 5.1
[2026-05-22T01:01:24.359Z] ph => 5.1
[2026-05-22T01:01:24.372Z] ph: 5.1 saved
[2026-05-22T01:01:24.372Z] ph: 5.1 saved
[2026-05-22T01:01:24.407Z] Notification saved
[2026-05-22T01:01:24.425Z] Notification saved
[2026-05-22T01:01:34.310Z] Topic: aquaponic/device/data
[2026-05-22T01:01:34.310Z] Payload: {"mac_address":"ESP:32:AA:BB:CC:01","sensors":{"temperature":30.2,"humidity":34.4,"ph":4.6}}
[2026-05-22T01:01:34.312Z] Topic: aquaponic/device/data
[2026-05-22T01:01:34.312Z] Payload: {"mac_address":"ESP:32:AA:BB:CC:01","sensors":{"temperature":30.2,"humidity":34.4,"ph":4.6}}
[2026-05-22T01:01:34.312Z] temperature => 30.2
[2026-05-22T01:01:34.314Z] temperature => 30.2
[2026-05-22T01:01:34.333Z] temperature: 30.2 saved
[2026-05-22T01:01:34.333Z] temperature: 30.2 saved
[2026-05-22T01:01:34.333Z] humidity => 34.4
[2026-05-22T01:01:34.333Z] humidity => 34.4
[2026-05-22T01:01:34.344Z] humidity: 34.4 saved
[2026-05-22T01:01:34.344Z] humidity: 34.4 saved
[2026-05-22T01:01:34.359Z] Notification saved
[2026-05-22T01:01:34.359Z] Notification saved
[2026-05-22T01:01:34.359Z] ph => 4.6
[2026-05-22T01:01:34.359Z] ph => 4.6
[2026-05-22T01:01:34.381Z] ph: 4.6 saved
[2026-05-22T01:01:34.383Z] ph: 4.6 saved
[2026-05-22T01:01:34.392Z] Notification saved
[2026-05-22T01:01:34.402Z] Notification saved
[2026-05-22T01:01:44.321Z] Topic: aquaponic/device/data
[2026-05-22T01:01:44.322Z] Payload: {"mac_address":"ESP:32:AA:BB:CC:01","sensors":{"temperature":18.6,"humidity":90.7,"ph":6.2}}
[2026-05-22T01:01:44.322Z] Topic: aquaponic/device/data
[2026-05-22T01:01:44.322Z] Payload: {"mac_address":"ESP:32:AA:BB:CC:01","sensors":{"temperature":18.6,"humidity":90.7,"ph":6.2}}
[2026-05-22T01:01:44.323Z] temperature => 18.6
[2026-05-22T01:01:44.324Z] temperature => 18.6
[2026-05-22T01:01:44.334Z] temperature: 18.6 saved
[2026-05-22T01:01:44.334Z] humidity => 90.7
[2026-05-22T01:01:44.340Z] temperature: 18.6 saved
[2026-05-22T01:01:44.340Z] humidity => 90.7
[2026-05-22T01:01:44.346Z] humidity: 90.7 saved
[2026-05-22T01:01:44.371Z] humidity: 90.7 saved
[2026-05-22T01:01:44.374Z] Notification saved
[2026-05-22T01:01:44.374Z] ph => 6.2
[2026-05-22T01:01:44.380Z] Notification saved
[2026-05-22T01:01:44.380Z] ph => 6.2
[2026-05-22T01:01:44.398Z] ph: 6.2 saved
[2026-05-22T01:01:44.411Z] ph: 6.2 saved
[2026-05-22T01:01:54.327Z] Topic: aquaponic/device/data
[2026-05-22T01:01:54.327Z] Topic: aquaponic/device/data
[2026-05-22T01:01:54.327Z] Payload: {"mac_address":"ESP:32:AA:BB:CC:01","sensors":{"temperature":16.3,"humidity":88.7,"ph":5}}
[2026-05-22T01:01:54.327Z] Payload: {"mac_address":"ESP:32:AA:BB:CC:01","sensors":{"temperature":16.3,"humidity":88.7,"ph":5}}
[2026-05-22T01:01:54.329Z] temperature => 16.3
[2026-05-22T01:01:54.329Z] temperature => 16.3
[2026-05-22T01:01:54.339Z] temperature: 16.3 saved
[2026-05-22T01:01:54.342Z] temperature: 16.3 saved
[2026-05-22T01:01:54.358Z] Notification saved
[2026-05-22T01:01:54.358Z] humidity => 88.7
[2026-05-22T01:01:54.373Z] Notification saved
[2026-05-22T01:01:54.373Z] humidity => 88.7
[2026-05-22T01:01:54.377Z] humidity: 88.7 saved
[2026-05-22T01:01:54.385Z] humidity: 88.7 saved
[2026-05-22T01:01:54.394Z] Notification saved
[2026-05-22T01:01:54.394Z] ph => 5
[2026-05-22T01:01:54.412Z] Notification saved
[2026-05-22T01:01:54.412Z] ph => 5
[2026-05-22T01:01:54.419Z] ph: 5 saved
[2026-05-22T01:01:54.431Z] ph: 5 saved
[2026-05-22T01:01:54.442Z] Notification saved
[2026-05-22T01:01:54.452Z] Notification saved
[2026-05-22T01:02:04.343Z] Topic: aquaponic/device/data
[2026-05-22T01:02:04.343Z] Topic: aquaponic/device/data
[2026-05-22T01:02:04.343Z] Payload: {"mac_address":"ESP:32:AA:BB:CC:01","sensors":{"temperature":24.3,"humidity":76.9,"ph":5.4}}
[2026-05-22T01:02:04.343Z] Payload: {"mac_address":"ESP:32:AA:BB:CC:01","sensors":{"temperature":24.3,"humidity":76.9,"ph":5.4}}
[2026-05-22T01:02:04.345Z] temperature => 24.3
[2026-05-22T01:02:04.345Z] temperature => 24.3
[2026-05-22T01:02:04.355Z] temperature: 24.3 saved
[2026-05-22T01:02:04.355Z] temperature: 24.3 saved
[2026-05-22T01:02:04.355Z] humidity => 76.9
[2026-05-22T01:02:04.355Z] humidity => 76.9
[2026-05-22T01:02:04.378Z] humidity: 76.9 saved
[2026-05-22T01:02:04.378Z] humidity: 76.9 saved
[2026-05-22T01:02:04.378Z] ph => 5.4
[2026-05-22T01:02:04.378Z] ph => 5.4
[2026-05-22T01:02:04.390Z] ph: 5.4 saved
[2026-05-22T01:02:04.390Z] ph: 5.4 saved
[2026-05-22T01:02:04.399Z] Notification saved
[2026-05-22T01:02:04.406Z] Notification saved
[2026-05-22T01:02:14.355Z] Topic: aquaponic/device/data
[2026-05-22T01:02:14.356Z] Payload: {"mac_address":"ESP:32:AA:BB:CC:01","sensors":{"temperature":22.9,"humidity":76,"ph":4.1}}
[2026-05-22T01:02:14.357Z] temperature => 22.9
[2026-05-22T01:02:14.357Z] Topic: aquaponic/device/data
[2026-05-22T01:02:14.357Z] Payload: {"mac_address":"ESP:32:AA:BB:CC:01","sensors":{"temperature":22.9,"humidity":76,"ph":4.1}}
[2026-05-22T01:02:14.359Z] temperature => 22.9
[2026-05-22T01:02:14.373Z] temperature: 22.9 saved
[2026-05-22T01:02:14.373Z] humidity => 76
[2026-05-22T01:02:14.386Z] temperature: 22.9 saved
[2026-05-22T01:02:14.386Z] humidity => 76
[2026-05-22T01:02:14.391Z] humidity: 76 saved
[2026-05-22T01:02:14.391Z] ph => 4.1
[2026-05-22T01:02:14.402Z] humidity: 76 saved
[2026-05-22T01:02:14.402Z] ph => 4.1
[2026-05-22T01:02:14.409Z] ph: 4.1 saved
[2026-05-22T01:02:14.431Z] ph: 4.1 saved
[2026-05-22T01:02:14.435Z] Notification saved
[2026-05-22T01:02:14.444Z] Notification saved
[2026-05-22T01:02:24.366Z] Topic: aquaponic/device/data
[2026-05-22T01:02:24.367Z] Topic: aquaponic/device/data
[2026-05-22T01:02:24.367Z] Payload: {"mac_address":"ESP:32:AA:BB:CC:01","sensors":{"temperature":23.6,"humidity":45.9,"ph":7.9}}
[2026-05-22T01:02:24.367Z] Payload: {"mac_address":"ESP:32:AA:BB:CC:01","sensors":{"temperature":23.6,"humidity":45.9,"ph":7.9}}
[2026-05-22T01:02:24.368Z] temperature => 23.6
[2026-05-22T01:02:24.368Z] temperature => 23.6
[2026-05-22T01:02:24.387Z] temperature: 23.6 saved
[2026-05-22T01:02:24.387Z] temperature: 23.6 saved
[2026-05-22T01:02:24.387Z] humidity => 45.9
[2026-05-22T01:02:24.387Z] humidity => 45.9
[2026-05-22T01:02:24.395Z] humidity: 45.9 saved
[2026-05-22T01:02:24.395Z] ph => 7.9
[2026-05-22T01:02:24.398Z] humidity: 45.9 saved
[2026-05-22T01:02:24.398Z] ph => 7.9
[2026-05-22T01:02:24.409Z] ph: 7.9 saved
[2026-05-22T01:02:24.427Z] ph: 7.9 saved
[2026-05-22T01:02:24.439Z] Notification saved
[2026-05-22T01:02:24.448Z] Notification saved
[2026-05-22T01:02:34.381Z] Topic: aquaponic/device/data
[2026-05-22T01:02:34.382Z] Payload: {"mac_address":"ESP:32:AA:BB:CC:01","sensors":{"temperature":20.4,"humidity":30.6,"ph":5.2}}
[2026-05-22T01:02:34.382Z] Topic: aquaponic/device/data
[2026-05-22T01:02:34.382Z] Payload: {"mac_address":"ESP:32:AA:BB:CC:01","sensors":{"temperature":20.4,"humidity":30.6,"ph":5.2}}
[2026-05-22T01:02:34.384Z] temperature => 20.4
[2026-05-22T01:02:34.384Z] temperature => 20.4
[2026-05-22T01:02:34.397Z] temperature: 20.4 saved
[2026-05-22T01:02:34.397Z] humidity => 30.6
[2026-05-22T01:02:34.400Z] temperature: 20.4 saved
[2026-05-22T01:02:34.400Z] humidity => 30.6
[2026-05-22T01:02:34.408Z] humidity: 30.6 saved
[2026-05-22T01:02:34.414Z] humidity: 30.6 saved
[2026-05-22T01:02:34.421Z] Notification saved
[2026-05-22T01:02:34.421Z] ph => 5.2
[2026-05-22T01:02:34.430Z] Notification saved
[2026-05-22T01:02:34.430Z] ph => 5.2
[2026-05-22T01:02:34.447Z] ph: 5.2 saved
[2026-05-22T01:02:34.455Z] ph: 5.2 saved
[2026-05-22T01:02:34.462Z] Notification saved
[2026-05-22T01:02:34.471Z] Notification saved
[2026-05-22T01:02:44.417Z] Topic: aquaponic/device/data
[2026-05-22T01:02:44.417Z] Payload: {"mac_address":"ESP:32:AA:BB:CC:01","sensors":{"temperature":33.8,"humidity":46.4,"ph":6.2}}
[2026-05-22T01:02:44.417Z] Topic: aquaponic/device/data
[2026-05-22T01:02:44.418Z] Payload: {"mac_address":"ESP:32:AA:BB:CC:01","sensors":{"temperature":33.8,"humidity":46.4,"ph":6.2}}
[2026-05-22T01:02:44.419Z] temperature => 33.8
[2026-05-22T01:02:44.419Z] temperature => 33.8
[2026-05-22T01:02:44.427Z] temperature: 33.8 saved
[2026-05-22T01:02:44.444Z] temperature: 33.8 saved
[2026-05-22T01:02:44.450Z] Notification saved
[2026-05-22T01:02:44.451Z] humidity => 46.4
[2026-05-22T01:02:44.470Z] Notification saved
[2026-05-22T01:02:44.470Z] humidity => 46.4
[2026-05-22T01:02:44.473Z] humidity: 46.4 saved
[2026-05-22T01:02:44.473Z] ph => 6.2
[2026-05-22T01:02:44.484Z] humidity: 46.4 saved
[2026-05-22T01:02:44.485Z] ph => 6.2
[2026-05-22T01:02:44.499Z] ph: 6.2 saved
[2026-05-22T01:02:44.502Z] ph: 6.2 saved
[2026-05-22T01:02:54.431Z] Topic: aquaponic/device/data
[2026-05-22T01:02:54.431Z] Payload: {"mac_address":"ESP:32:AA:BB:CC:01","sensors":{"temperature":21.7,"humidity":57.9,"ph":6.8}}
[2026-05-22T01:02:54.431Z] Topic: aquaponic/device/data
[2026-05-22T01:02:54.432Z] Payload: {"mac_address":"ESP:32:AA:BB:CC:01","sensors":{"temperature":21.7,"humidity":57.9,"ph":6.8}}
[2026-05-22T01:02:54.433Z] temperature => 21.7
[2026-05-22T01:02:54.433Z] temperature => 21.7
[2026-05-22T01:02:54.443Z] temperature: 21.7 saved
[2026-05-22T01:02:54.443Z] humidity => 57.9
[2026-05-22T01:02:54.449Z] temperature: 21.7 saved
[2026-05-22T01:02:54.450Z] humidity => 57.9
[2026-05-22T01:02:54.467Z] humidity: 57.9 saved
[2026-05-22T01:02:54.467Z] ph => 6.8
[2026-05-22T01:02:54.476Z] humidity: 57.9 saved
[2026-05-22T01:02:54.476Z] ph => 6.8
[2026-05-22T01:02:54.483Z] ph: 6.8 saved
[2026-05-22T01:02:54.494Z] ph: 6.8 saved
[2026-05-22T01:03:04.422Z] Topic: aquaponic/device/data
[2026-05-22T01:03:04.422Z] Payload: {"mac_address":"ESP:32:AA:BB:CC:01","sensors":{"temperature":21.8,"humidity":31.9,"ph":5.1}}
[2026-05-22T01:03:04.423Z] Topic: aquaponic/device/data
[2026-05-22T01:03:04.423Z] Payload: {"mac_address":"ESP:32:AA:BB:CC:01","sensors":{"temperature":21.8,"humidity":31.9,"ph":5.1}}
[2026-05-22T01:03:04.423Z] temperature => 21.8
[2026-05-22T01:03:04.424Z] temperature => 21.8
[2026-05-22T01:03:04.445Z] temperature: 21.8 saved
[2026-05-22T01:03:04.446Z] humidity => 31.9
[2026-05-22T01:03:04.449Z] temperature: 21.8 saved
[2026-05-22T01:03:04.449Z] humidity => 31.9
[2026-05-22T01:03:04.455Z] humidity: 31.9 saved
[2026-05-22T01:03:04.462Z] humidity: 31.9 saved
[2026-05-22T01:03:04.476Z] Notification saved
[2026-05-22T01:03:04.476Z] ph => 5.1
[2026-05-22T01:03:04.486Z] Notification saved
[2026-05-22T01:03:04.486Z] ph => 5.1
[2026-05-22T01:03:04.499Z] ph: 5.1 saved
[2026-05-22T01:03:04.505Z] ph: 5.1 saved
[2026-05-22T01:03:04.518Z] Notification saved
[2026-05-22T01:03:04.525Z] Notification saved
[2026-05-22T01:03:14.423Z] Topic: aquaponic/device/data
[2026-05-22T01:03:14.423Z] Payload: {"mac_address":"ESP:32:AA:BB:CC:01","sensors":{"temperature":15.5,"humidity":90,"ph":4.6}}
[2026-05-22T01:03:14.423Z] Topic: aquaponic/device/data
[2026-05-22T01:03:14.423Z] Payload: {"mac_address":"ESP:32:AA:BB:CC:01","sensors":{"temperature":15.5,"humidity":90,"ph":4.6}}
[2026-05-22T01:03:14.425Z] temperature => 15.5
[2026-05-22T01:03:14.425Z] temperature => 15.5
[2026-05-22T01:03:14.441Z] temperature: 15.5 saved
[2026-05-22T01:03:14.441Z] temperature: 15.5 saved
[2026-05-22T01:03:14.464Z] Notification saved
[2026-05-22T01:03:14.464Z] Notification saved
[2026-05-22T01:03:14.464Z] humidity => 90
[2026-05-22T01:03:14.464Z] humidity => 90
[2026-05-22T01:03:14.476Z] humidity: 90 saved
[2026-05-22T01:03:14.476Z] humidity: 90 saved
[2026-05-22T01:03:14.492Z] Notification saved
[2026-05-22T01:03:14.492Z] ph => 4.6
[2026-05-22T01:03:14.503Z] Notification saved
[2026-05-22T01:03:14.503Z] ph => 4.6
[2026-05-22T01:03:14.527Z] ph: 4.6 saved
[2026-05-22T01:03:14.531Z] ph: 4.6 saved
[2026-05-22T01:03:14.539Z] Notification saved
[2026-05-22T01:03:14.550Z] Notification saved
[2026-05-22T01:03:24.438Z] Topic: aquaponic/device/data
[2026-05-22T01:03:24.438Z] Payload: {"mac_address":"ESP:32:AA:BB:CC:01","sensors":{"temperature":16.9,"humidity":87.3,"ph":8.2}}
[2026-05-22T01:03:24.439Z] Topic: aquaponic/device/data
[2026-05-22T01:03:24.439Z] Payload: {"mac_address":"ESP:32:AA:BB:CC:01","sensors":{"temperature":16.9,"humidity":87.3,"ph":8.2}}
[2026-05-22T01:03:24.440Z] temperature => 16.9
[2026-05-22T01:03:24.441Z] temperature => 16.9
[2026-05-22T01:03:24.451Z] temperature: 16.9 saved
[2026-05-22T01:03:24.457Z] temperature: 16.9 saved
[2026-05-22T01:03:24.469Z] Notification saved
[2026-05-22T01:03:24.469Z] humidity => 87.3
[2026-05-22T01:03:24.487Z] Notification saved
[2026-05-22T01:03:24.487Z] humidity => 87.3
[2026-05-22T01:03:24.505Z] humidity: 87.3 saved
[2026-05-22T01:03:24.522Z] humidity: 87.3 saved
[2026-05-22T01:03:24.528Z] Notification saved
[2026-05-22T01:03:24.528Z] ph => 8.2
[2026-05-22T01:03:24.548Z] Notification saved
[2026-05-22T01:03:24.549Z] ph => 8.2
[2026-05-22T01:03:24.555Z] ph: 8.2 saved
[2026-05-22T01:03:24.568Z] ph: 8.2 saved
[2026-05-22T01:03:24.582Z] Notification saved
[2026-05-22T01:03:24.596Z] Notification saved
[2026-05-22T01:03:34.448Z] Topic: aquaponic/device/data
[2026-05-22T01:03:34.449Z] Payload: {"mac_address":"ESP:32:AA:BB:CC:01","sensors":{"temperature":35.7,"humidity":53.1,"ph":4.3}}
[2026-05-22T01:03:34.449Z] Topic: aquaponic/device/data
[2026-05-22T01:03:34.449Z] Payload: {"mac_address":"ESP:32:AA:BB:CC:01","sensors":{"temperature":35.7,"humidity":53.1,"ph":4.3}}
[2026-05-22T01:03:34.450Z] temperature => 35.7
[2026-05-22T01:03:34.451Z] temperature => 35.7
[2026-05-22T01:03:34.463Z] temperature: 35.7 saved
[2026-05-22T01:03:34.463Z] temperature: 35.7 saved
[2026-05-22T01:03:34.489Z] Notification saved
[2026-05-22T01:03:34.489Z] humidity => 53.1
[2026-05-22T01:03:34.496Z] Notification saved
[2026-05-22T01:03:34.496Z] humidity => 53.1
[2026-05-22T01:03:34.518Z] humidity: 53.1 saved
[2026-05-22T01:03:34.518Z] ph => 4.3
[2026-05-22T01:03:34.529Z] humidity: 53.1 saved
[2026-05-22T01:03:34.529Z] ph => 4.3
[2026-05-22T01:03:34.543Z] ph: 4.3 saved
[2026-05-22T01:03:34.568Z] ph: 4.3 saved
[2026-05-22T01:03:34.575Z] Notification saved
[2026-05-22T01:03:34.594Z] Notification saved
[2026-05-22T01:03:44.463Z] Topic: aquaponic/device/data
[2026-05-22T01:03:44.463Z] Topic: aquaponic/device/data
[2026-05-22T01:03:44.463Z] Payload: {"mac_address":"ESP:32:AA:BB:CC:01","sensors":{"temperature":16.3,"humidity":43.3,"ph":7.4}}
[2026-05-22T01:03:44.463Z] Payload: {"mac_address":"ESP:32:AA:BB:CC:01","sensors":{"temperature":16.3,"humidity":43.3,"ph":7.4}}
[2026-05-22T01:03:44.465Z] temperature => 16.3
[2026-05-22T01:03:44.465Z] temperature => 16.3
[2026-05-22T01:03:44.490Z] temperature: 16.3 saved
[2026-05-22T01:03:44.501Z] temperature: 16.3 saved
[2026-05-22T01:03:44.549Z] Notification saved
[2026-05-22T01:03:44.550Z] humidity => 43.3
[2026-05-22T01:03:44.568Z] Notification saved
[2026-05-22T01:03:44.568Z] humidity => 43.3
[2026-05-22T01:03:44.581Z] humidity: 43.3 saved
[2026-05-22T01:03:44.581Z] ph => 7.4
[2026-05-22T01:03:44.590Z] humidity: 43.3 saved
[2026-05-22T01:03:44.591Z] ph => 7.4
[2026-05-22T01:03:44.606Z] ph: 7.4 saved
[2026-05-22T01:03:44.667Z] ph: 7.4 saved
[2026-05-22T01:03:54.473Z] Topic: aquaponic/device/data
[2026-05-22T01:03:54.473Z] Payload: {"mac_address":"ESP:32:AA:BB:CC:01","sensors":{"temperature":20.5,"humidity":74.1,"ph":8.3}}
[2026-05-22T01:03:54.473Z] Topic: aquaponic/device/data
[2026-05-22T01:03:54.474Z] Payload: {"mac_address":"ESP:32:AA:BB:CC:01","sensors":{"temperature":20.5,"humidity":74.1,"ph":8.3}}
[2026-05-22T01:03:54.475Z] temperature => 20.5
[2026-05-22T01:03:54.475Z] temperature => 20.5
[2026-05-22T01:03:54.488Z] temperature: 20.5 saved
[2026-05-22T01:03:54.489Z] humidity => 74.1
[2026-05-22T01:03:54.503Z] temperature: 20.5 saved
[2026-05-22T01:03:54.503Z] humidity => 74.1
[2026-05-22T01:03:54.509Z] humidity: 74.1 saved
[2026-05-22T01:03:54.509Z] ph => 8.3
[2026-05-22T01:03:54.523Z] humidity: 74.1 saved
[2026-05-22T01:03:54.523Z] ph => 8.3
[2026-05-22T01:03:54.540Z] ph: 8.3 saved
[2026-05-22T01:03:54.559Z] ph: 8.3 saved
[2026-05-22T01:03:54.575Z] Notification saved
[2026-05-22T01:03:54.578Z] Notification saved
[2026-05-22T01:04:04.485Z] Topic: aquaponic/device/data
[2026-05-22T01:04:04.485Z] Payload: {"mac_address":"ESP:32:AA:BB:CC:01","sensors":{"temperature":20.3,"humidity":34.7,"ph":6.5}}
[2026-05-22T01:04:04.486Z] Topic: aquaponic/device/data
[2026-05-22T01:04:04.486Z] Payload: {"mac_address":"ESP:32:AA:BB:CC:01","sensors":{"temperature":20.3,"humidity":34.7,"ph":6.5}}
[2026-05-22T01:04:04.487Z] temperature => 20.3
[2026-05-22T01:04:04.488Z] temperature => 20.3
[2026-05-22T01:04:04.498Z] temperature: 20.3 saved
[2026-05-22T01:04:04.498Z] humidity => 34.7
[2026-05-22T01:04:04.504Z] temperature: 20.3 saved
[2026-05-22T01:04:04.504Z] humidity => 34.7
[2026-05-22T01:04:04.521Z] humidity: 34.7 saved
[2026-05-22T01:04:04.541Z] humidity: 34.7 saved
[2026-05-22T01:04:04.553Z] Notification saved
[2026-05-22T01:04:04.553Z] ph => 6.5
[2026-05-22T01:04:04.567Z] Notification saved
[2026-05-22T01:04:04.567Z] ph => 6.5
[2026-05-22T01:04:04.577Z] ph: 6.5 saved
[2026-05-22T01:04:04.580Z] ph: 6.5 saved
[2026-05-22T01:04:14.497Z] Topic: aquaponic/device/data
[2026-05-22T01:04:14.498Z] Payload: {"mac_address":"ESP:32:AA:BB:CC:01","sensors":{"temperature":29.3,"humidity":72.5,"ph":5.5}}
[2026-05-22T01:04:14.499Z] temperature => 29.3
[2026-05-22T01:04:14.513Z] Topic: aquaponic/device/data
[2026-05-22T01:04:14.513Z] Payload: {"mac_address":"ESP:32:AA:BB:CC:01","sensors":{"temperature":29.3,"humidity":72.5,"ph":5.5}}
[2026-05-22T01:04:14.515Z] temperature => 29.3
[2026-05-22T01:04:14.524Z] temperature: 29.3 saved
[2026-05-22T01:04:14.524Z] humidity => 72.5
[2026-05-22T01:04:14.546Z] temperature: 29.3 saved
[2026-05-22T01:04:14.546Z] humidity => 72.5
[2026-05-22T01:04:14.556Z] humidity: 72.5 saved
[2026-05-22T01:04:14.556Z] ph => 5.5
[2026-05-22T01:04:14.570Z] humidity: 72.5 saved
[2026-05-22T01:04:14.570Z] ph => 5.5
[2026-05-22T01:04:14.583Z] ph: 5.5 saved
[2026-05-22T01:04:14.590Z] ph: 5.5 saved
[2026-05-22T01:04:24.555Z] Topic: aquaponic/device/data
[2026-05-22T01:04:24.556Z] Payload: {"mac_address":"ESP:32:AA:BB:CC:01","sensors":{"temperature":34.7,"humidity":66.8,"ph":6.4}}
[2026-05-22T01:04:24.556Z] Topic: aquaponic/device/data
[2026-05-22T01:04:24.557Z] Payload: {"mac_address":"ESP:32:AA:BB:CC:01","sensors":{"temperature":34.7,"humidity":66.8,"ph":6.4}}
[2026-05-22T01:04:24.557Z] temperature => 34.7
[2026-05-22T01:04:24.558Z] temperature => 34.7
[2026-05-22T01:04:24.578Z] temperature: 34.7 saved
[2026-05-22T01:04:24.578Z] temperature: 34.7 saved
[2026-05-22T01:04:24.594Z] Notification saved
[2026-05-22T01:04:24.595Z] humidity => 66.8
[2026-05-22T01:04:24.602Z] Notification saved
[2026-05-22T01:04:24.602Z] humidity => 66.8
[2026-05-22T01:04:24.633Z] humidity: 66.8 saved
[2026-05-22T01:04:24.634Z] ph => 6.4
[2026-05-22T01:04:24.654Z] humidity: 66.8 saved
[2026-05-22T01:04:24.654Z] ph => 6.4
[2026-05-22T01:04:24.660Z] ph: 6.4 saved
[2026-05-22T01:04:24.679Z] ph: 6.4 saved
[2026-05-22T01:04:34.541Z] Topic: aquaponic/device/data
[2026-05-22T01:04:34.541Z] Payload: {"mac_address":"ESP:32:AA:BB:CC:01","sensors":{"temperature":26.8,"humidity":93,"ph":7.7}}
[2026-05-22T01:04:34.542Z] Topic: aquaponic/device/data
[2026-05-22T01:04:34.542Z] Payload: {"mac_address":"ESP:32:AA:BB:CC:01","sensors":{"temperature":26.8,"humidity":93,"ph":7.7}}
[2026-05-22T01:04:34.543Z] temperature => 26.8
[2026-05-22T01:04:34.544Z] temperature => 26.8
[2026-05-22T01:04:34.613Z] temperature: 26.8 saved
[2026-05-22T01:04:34.613Z] humidity => 93
[2026-05-22T01:04:34.624Z] temperature: 26.8 saved
[2026-05-22T01:04:34.624Z] humidity => 93
[2026-05-22T01:04:34.636Z] humidity: 93 saved
[2026-05-22T01:04:34.636Z] humidity: 93 saved
[2026-05-22T01:04:34.669Z] Notification saved
[2026-05-22T01:04:34.669Z] Notification saved
[2026-05-22T01:04:34.669Z] ph => 7.7
[2026-05-22T01:04:34.669Z] ph => 7.7
[2026-05-22T01:04:34.681Z] ph: 7.7 saved
[2026-05-22T01:04:34.681Z] ph: 7.7 saved
[2026-05-22T01:04:34.698Z] Notification saved
[2026-05-22T01:04:34.698Z] Notification saved
[2026-05-22T01:04:44.536Z] Topic: aquaponic/device/data
[2026-05-22T01:04:44.536Z] Payload: {"mac_address":"ESP:32:AA:BB:CC:01","sensors":{"temperature":31.8,"humidity":87.9,"ph":7.4}}
[2026-05-22T01:04:44.537Z] Topic: aquaponic/device/data
[2026-05-22T01:04:44.537Z] Payload: {"mac_address":"ESP:32:AA:BB:CC:01","sensors":{"temperature":31.8,"humidity":87.9,"ph":7.4}}
[2026-05-22T01:04:44.538Z] temperature => 31.8
[2026-05-22T01:04:44.538Z] temperature => 31.8
[2026-05-22T01:04:44.597Z] temperature: 31.8 saved
[2026-05-22T01:04:44.597Z] humidity => 87.9
[2026-05-22T01:04:44.606Z] temperature: 31.8 saved
[2026-05-22T01:04:44.606Z] humidity => 87.9
[2026-05-22T01:04:44.628Z] humidity: 87.9 saved
[2026-05-22T01:04:44.628Z] humidity: 87.9 saved
[2026-05-22T01:04:44.638Z] Notification saved
[2026-05-22T01:04:44.638Z] ph => 7.4
[2026-05-22T01:04:44.638Z] Notification saved
[2026-05-22T01:04:44.639Z] ph => 7.4
[2026-05-22T01:04:44.655Z] ph: 7.4 saved
[2026-05-22T01:04:44.658Z] ph: 7.4 saved
[2026-05-22T01:04:54.545Z] Topic: aquaponic/device/data
[2026-05-22T01:04:54.545Z] Payload: {"mac_address":"ESP:32:AA:BB:CC:01","sensors":{"temperature":28.4,"humidity":67.1,"ph":6.2}}
[2026-05-22T01:04:54.545Z] Topic: aquaponic/device/data
[2026-05-22T01:04:54.545Z] Payload: {"mac_address":"ESP:32:AA:BB:CC:01","sensors":{"temperature":28.4,"humidity":67.1,"ph":6.2}}
[2026-05-22T01:04:54.546Z] temperature => 28.4
[2026-05-22T01:04:54.547Z] temperature => 28.4
[2026-05-22T01:04:54.558Z] temperature: 28.4 saved
[2026-05-22T01:04:54.558Z] humidity => 67.1
[2026-05-22T01:04:54.564Z] temperature: 28.4 saved
[2026-05-22T01:04:54.565Z] humidity => 67.1
[2026-05-22T01:04:54.573Z] humidity: 67.1 saved
[2026-05-22T01:04:54.573Z] ph => 6.2
[2026-05-22T01:04:54.586Z] humidity: 67.1 saved
[2026-05-22T01:04:54.586Z] ph => 6.2
[2026-05-22T01:04:54.589Z] ph: 6.2 saved
[2026-05-22T01:04:54.597Z] ph: 6.2 saved
[2026-05-22T01:05:04.558Z] Topic: aquaponic/device/data
[2026-05-22T01:05:04.558Z] Payload: {"mac_address":"ESP:32:AA:BB:CC:01","sensors":{"temperature":26.3,"humidity":35.4,"ph":7.1}}
[2026-05-22T01:05:04.559Z] Topic: aquaponic/device/data
[2026-05-22T01:05:04.559Z] Payload: {"mac_address":"ESP:32:AA:BB:CC:01","sensors":{"temperature":26.3,"humidity":35.4,"ph":7.1}}
[2026-05-22T01:05:04.560Z] temperature => 26.3
[2026-05-22T01:05:04.561Z] temperature => 26.3
[2026-05-22T01:05:04.579Z] temperature: 26.3 saved
[2026-05-22T01:05:04.579Z] humidity => 35.4
[2026-05-22T01:05:04.579Z] temperature: 26.3 saved
[2026-05-22T01:05:04.579Z] humidity => 35.4
[2026-05-22T01:05:04.589Z] humidity: 35.4 saved
[2026-05-22T01:05:04.595Z] humidity: 35.4 saved
[2026-05-22T01:05:04.613Z] Notification saved
[2026-05-22T01:05:04.613Z] Notification saved
[2026-05-22T01:05:04.614Z] ph => 7.1
[2026-05-22T01:05:04.614Z] ph => 7.1
[2026-05-22T01:05:04.622Z] ph: 7.1 saved
[2026-05-22T01:05:04.626Z] ph: 7.1 saved
[2026-05-22T01:05:14.573Z] Topic: aquaponic/device/data
[2026-05-22T01:05:14.573Z] Payload: {"mac_address":"ESP:32:AA:BB:CC:01","sensors":{"temperature":31.6,"humidity":93.3,"ph":5.1}}
[2026-05-22T01:05:14.573Z] Topic: aquaponic/device/data
[2026-05-22T01:05:14.574Z] Payload: {"mac_address":"ESP:32:AA:BB:CC:01","sensors":{"temperature":31.6,"humidity":93.3,"ph":5.1}}
[2026-05-22T01:05:14.575Z] temperature => 31.6
[2026-05-22T01:05:14.575Z] temperature => 31.6
[2026-05-22T01:05:14.602Z] temperature: 31.6 saved
[2026-05-22T01:05:14.602Z] temperature: 31.6 saved
[2026-05-22T01:05:14.602Z] humidity => 93.3
[2026-05-22T01:05:14.602Z] humidity => 93.3
[2026-05-22T01:05:14.613Z] humidity: 93.3 saved
[2026-05-22T01:05:14.613Z] humidity: 93.3 saved
[2026-05-22T01:05:14.631Z] Notification saved
[2026-05-22T01:05:14.631Z] Notification saved
[2026-05-22T01:05:14.631Z] ph => 5.1
[2026-05-22T01:05:14.631Z] ph => 5.1
[2026-05-22T01:05:14.642Z] ph: 5.1 saved
[2026-05-22T01:05:14.645Z] ph: 5.1 saved
[2026-05-22T01:05:14.653Z] Notification saved
[2026-05-22T01:05:14.664Z] Notification saved
[2026-05-22T01:05:24.656Z] Topic: aquaponic/device/data
[2026-05-22T01:05:24.656Z] Payload: {"mac_address":"ESP:32:AA:BB:CC:01","sensors":{"temperature":16,"humidity":85.1,"ph":7}}
[2026-05-22T01:05:24.657Z] Topic: aquaponic/device/data
[2026-05-22T01:05:24.657Z] Payload: {"mac_address":"ESP:32:AA:BB:CC:01","sensors":{"temperature":16,"humidity":85.1,"ph":7}}
[2026-05-22T01:05:24.658Z] temperature => 16
[2026-05-22T01:05:24.659Z] temperature => 16
[2026-05-22T01:05:24.675Z] temperature: 16 saved
[2026-05-22T01:05:24.678Z] temperature: 16 saved
[2026-05-22T01:05:24.685Z] Notification saved
[2026-05-22T01:05:24.685Z] humidity => 85.1
[2026-05-22T01:05:24.691Z] Notification saved
[2026-05-22T01:05:24.691Z] humidity => 85.1
[2026-05-22T01:05:24.707Z] humidity: 85.1 saved
[2026-05-22T01:05:24.714Z] humidity: 85.1 saved
[2026-05-22T01:05:24.720Z] Notification saved
[2026-05-22T01:05:24.721Z] ph => 7
[2026-05-22T01:05:24.731Z] Notification saved
[2026-05-22T01:05:24.731Z] ph => 7
[2026-05-22T01:05:24.751Z] ph: 7 saved
[2026-05-22T01:05:24.785Z] ph: 7 saved
[2026-05-22T01:05:34.595Z] Topic: aquaponic/device/data
[2026-05-22T01:05:34.595Z] Payload: {"mac_address":"ESP:32:AA:BB:CC:01","sensors":{"temperature":29.9,"humidity":67.5,"ph":5.4}}
[2026-05-22T01:05:34.596Z] Topic: aquaponic/device/data
[2026-05-22T01:05:34.596Z] Payload: {"mac_address":"ESP:32:AA:BB:CC:01","sensors":{"temperature":29.9,"humidity":67.5,"ph":5.4}}
[2026-05-22T01:05:34.597Z] temperature => 29.9
[2026-05-22T01:05:34.597Z] temperature => 29.9
[2026-05-22T01:05:34.609Z] temperature: 29.9 saved
[2026-05-22T01:05:34.609Z] humidity => 67.5
[2026-05-22T01:05:34.615Z] temperature: 29.9 saved
[2026-05-22T01:05:34.616Z] humidity => 67.5
[2026-05-22T01:05:34.643Z] humidity: 67.5 saved
[2026-05-22T01:05:34.643Z] ph => 5.4
[2026-05-22T01:05:34.646Z] humidity: 67.5 saved
[2026-05-22T01:05:34.646Z] ph => 5.4
[2026-05-22T01:05:34.658Z] ph: 5.4 saved
[2026-05-22T01:05:34.667Z] ph: 5.4 saved
[2026-05-22T01:05:34.676Z] Notification saved
[2026-05-22T01:05:34.683Z] Notification saved
[2026-05-22T01:05:44.608Z] Topic: aquaponic/device/data
[2026-05-22T01:05:44.608Z] Payload: {"mac_address":"ESP:32:AA:BB:CC:01","sensors":{"temperature":30.5,"humidity":85.3,"ph":8.4}}
[2026-05-22T01:05:44.608Z] Topic: aquaponic/device/data
[2026-05-22T01:05:44.609Z] Payload: {"mac_address":"ESP:32:AA:BB:CC:01","sensors":{"temperature":30.5,"humidity":85.3,"ph":8.4}}
[2026-05-22T01:05:44.610Z] temperature => 30.5
[2026-05-22T01:05:44.610Z] temperature => 30.5
[2026-05-22T01:05:44.619Z] temperature: 30.5 saved
[2026-05-22T01:05:44.619Z] humidity => 85.3
[2026-05-22T01:05:44.624Z] temperature: 30.5 saved
[2026-05-22T01:05:44.624Z] humidity => 85.3
[2026-05-22T01:05:44.633Z] humidity: 85.3 saved
[2026-05-22T01:05:44.664Z] humidity: 85.3 saved
[2026-05-22T01:05:44.675Z] Notification saved
[2026-05-22T01:05:44.675Z] ph => 8.4
[2026-05-22T01:05:44.688Z] ph: 8.4 saved
[2026-05-22T01:05:44.688Z] Notification saved
[2026-05-22T01:05:44.688Z] ph => 8.4
[2026-05-22T01:05:44.700Z] Notification saved
[2026-05-22T01:05:44.700Z] ph: 8.4 saved
[2026-05-22T01:05:44.716Z] Notification saved
[2026-05-22T01:05:54.618Z] Topic: aquaponic/device/data
[2026-05-22T01:05:54.618Z] Payload: {"mac_address":"ESP:32:AA:BB:CC:01","sensors":{"temperature":31.1,"humidity":66.6,"ph":8.7}}
[2026-05-22T01:05:54.619Z] Topic: aquaponic/device/data
[2026-05-22T01:05:54.619Z] Payload: {"mac_address":"ESP:32:AA:BB:CC:01","sensors":{"temperature":31.1,"humidity":66.6,"ph":8.7}}
[2026-05-22T01:05:54.620Z] temperature => 31.1
[2026-05-22T01:05:54.620Z] temperature => 31.1
[2026-05-22T01:05:54.632Z] temperature: 31.1 saved
[2026-05-22T01:05:54.632Z] humidity => 66.6
[2026-05-22T01:05:54.642Z] temperature: 31.1 saved
[2026-05-22T01:05:54.642Z] humidity => 66.6
[2026-05-22T01:05:54.653Z] humidity: 66.6 saved
[2026-05-22T01:05:54.654Z] ph => 8.7
[2026-05-22T01:05:54.664Z] humidity: 66.6 saved
[2026-05-22T01:05:54.664Z] ph => 8.7
[2026-05-22T01:05:54.673Z] ph: 8.7 saved
[2026-05-22T01:05:54.680Z] ph: 8.7 saved
[2026-05-22T01:05:54.691Z] Notification saved
[2026-05-22T01:05:54.700Z] Notification saved
[2026-05-22T01:06:05.194Z] Topic: aquaponic/device/data
[2026-05-22T01:06:05.194Z] Payload: {"mac_address":"ESP:32:AA:BB:CC:01","sensors":{"temperature":24.1,"humidity":33.5,"ph":5.3}}
[2026-05-22T01:06:05.195Z] Topic: aquaponic/device/data
[2026-05-22T01:06:05.195Z] Payload: {"mac_address":"ESP:32:AA:BB:CC:01","sensors":{"temperature":24.1,"humidity":33.5,"ph":5.3}}
[2026-05-22T01:06:05.196Z] temperature => 24.1
[2026-05-22T01:06:05.196Z] temperature => 24.1
[2026-05-22T01:06:05.206Z] temperature: 24.1 saved
[2026-05-22T01:06:05.207Z] humidity => 33.5
[2026-05-22T01:06:05.215Z] temperature: 24.1 saved
[2026-05-22T01:06:05.216Z] humidity => 33.5
[2026-05-22T01:06:05.222Z] humidity: 33.5 saved
[2026-05-22T01:06:05.233Z] humidity: 33.5 saved
[2026-05-22T01:06:05.240Z] Notification saved
[2026-05-22T01:06:05.240Z] ph => 5.3
[2026-05-22T01:06:05.263Z] Notification saved
[2026-05-22T01:06:05.264Z] ph => 5.3
[2026-05-22T01:06:05.266Z] ph: 5.3 saved
[2026-05-22T01:06:05.273Z] ph: 5.3 saved
[2026-05-22T01:06:05.282Z] Notification saved
[2026-05-22T01:06:05.299Z] Notification saved
[2026-05-22T01:06:14.643Z] Topic: aquaponic/device/data
[2026-05-22T01:06:14.643Z] Payload: {"mac_address":"ESP:32:AA:BB:CC:01","sensors":{"temperature":34.5,"humidity":92.6,"ph":4.5}}
[2026-05-22T01:06:14.643Z] Topic: aquaponic/device/data
[2026-05-22T01:06:14.644Z] Payload: {"mac_address":"ESP:32:AA:BB:CC:01","sensors":{"temperature":34.5,"humidity":92.6,"ph":4.5}}
[2026-05-22T01:06:14.645Z] temperature => 34.5
[2026-05-22T01:06:14.645Z] temperature => 34.5
[2026-05-22T01:06:14.653Z] temperature: 34.5 saved
[2026-05-22T01:06:14.666Z] temperature: 34.5 saved
[2026-05-22T01:06:14.669Z] Notification saved
[2026-05-22T01:06:14.669Z] humidity => 92.6
[2026-05-22T01:06:14.679Z] Notification saved
[2026-05-22T01:06:14.679Z] humidity => 92.6
[2026-05-22T01:06:14.687Z] humidity: 92.6 saved
[2026-05-22T01:06:14.694Z] humidity: 92.6 saved
[2026-05-22T01:06:14.704Z] Notification saved
[2026-05-22T01:06:14.704Z] ph => 4.5
[2026-05-22T01:06:14.727Z] Notification saved
[2026-05-22T01:06:14.727Z] ph => 4.5
[2026-05-22T01:06:14.730Z] ph: 4.5 saved
[2026-05-22T01:06:14.739Z] ph: 4.5 saved
[2026-05-22T01:06:14.745Z] Notification saved
[2026-05-22T01:06:14.755Z] Notification saved
[2026-05-22T01:06:24.658Z] Topic: aquaponic/device/data
[2026-05-22T01:06:24.658Z] Payload: {"mac_address":"ESP:32:AA:BB:CC:01","sensors":{"temperature":22.7,"humidity":88.5,"ph":4.5}}
[2026-05-22T01:06:24.658Z] Topic: aquaponic/device/data
[2026-05-22T01:06:24.659Z] Payload: {"mac_address":"ESP:32:AA:BB:CC:01","sensors":{"temperature":22.7,"humidity":88.5,"ph":4.5}}
[2026-05-22T01:06:24.660Z] temperature => 22.7
[2026-05-22T01:06:24.660Z] temperature => 22.7
[2026-05-22T01:06:24.681Z] temperature: 22.7 saved
[2026-05-22T01:06:24.681Z] temperature: 22.7 saved
[2026-05-22T01:06:24.681Z] humidity => 88.5
[2026-05-22T01:06:24.681Z] humidity => 88.5
[2026-05-22T01:06:24.690Z] humidity: 88.5 saved
[2026-05-22T01:06:24.704Z] humidity: 88.5 saved
[2026-05-22T01:06:24.704Z] Notification saved
[2026-05-22T01:06:24.704Z] ph => 4.5
[2026-05-22T01:06:24.748Z] Notification saved
[2026-05-22T01:06:24.748Z] ph: 4.5 saved
[2026-05-22T01:06:24.748Z] ph => 4.5
[2026-05-22T01:06:24.776Z] Notification saved
[2026-05-22T01:06:24.776Z] ph: 4.5 saved
[2026-05-22T01:06:24.788Z] Notification saved
[2026-05-22T01:06:34.671Z] Topic: aquaponic/device/data
[2026-05-22T01:06:34.671Z] Payload: {"mac_address":"ESP:32:AA:BB:CC:01","sensors":{"temperature":26.3,"humidity":78.5,"ph":5.8}}
[2026-05-22T01:06:34.672Z] Topic: aquaponic/device/data
[2026-05-22T01:06:34.672Z] Payload: {"mac_address":"ESP:32:AA:BB:CC:01","sensors":{"temperature":26.3,"humidity":78.5,"ph":5.8}}
[2026-05-22T01:06:34.673Z] temperature => 26.3
[2026-05-22T01:06:34.674Z] temperature => 26.3
[2026-05-22T01:06:34.684Z] temperature: 26.3 saved
[2026-05-22T01:06:34.684Z] humidity => 78.5
[2026-05-22T01:06:34.687Z] temperature: 26.3 saved
[2026-05-22T01:06:34.687Z] humidity => 78.5
[2026-05-22T01:06:34.696Z] humidity: 78.5 saved
[2026-05-22T01:06:34.696Z] ph => 5.8
[2026-05-22T01:06:34.703Z] humidity: 78.5 saved
[2026-05-22T01:06:34.703Z] ph => 5.8
[2026-05-22T01:06:34.710Z] ph: 5.8 saved
[2026-05-22T01:06:34.719Z] ph: 5.8 saved
[2026-05-22T01:06:44.682Z] Topic: aquaponic/device/data
[2026-05-22T01:06:44.683Z] Payload: {"mac_address":"ESP:32:AA:BB:CC:01","sensors":{"temperature":26.3,"humidity":31.9,"ph":8.4}}
[2026-05-22T01:06:44.683Z] Topic: aquaponic/device/data
[2026-05-22T01:06:44.683Z] Payload: {"mac_address":"ESP:32:AA:BB:CC:01","sensors":{"temperature":26.3,"humidity":31.9,"ph":8.4}}
[2026-05-22T01:06:44.684Z] temperature => 26.3
[2026-05-22T01:06:44.685Z] temperature => 26.3
[2026-05-22T01:06:44.693Z] temperature: 26.3 saved
[2026-05-22T01:06:44.693Z] humidity => 31.9
[2026-05-22T01:06:44.697Z] temperature: 26.3 saved
[2026-05-22T01:06:44.697Z] humidity => 31.9
[2026-05-22T01:06:44.704Z] humidity: 31.9 saved
[2026-05-22T01:06:44.727Z] humidity: 31.9 saved
[2026-05-22T01:06:44.735Z] Notification saved
[2026-05-22T01:06:44.735Z] ph => 8.4
[2026-05-22T01:06:44.744Z] Notification saved
[2026-05-22T01:06:44.744Z] ph => 8.4
[2026-05-22T01:06:44.755Z] ph: 8.4 saved
[2026-05-22T01:06:44.775Z] Notification saved
[2026-05-22T01:06:44.775Z] ph: 8.4 saved
[2026-05-22T01:06:44.796Z] Notification saved
[2026-05-22T01:06:54.691Z] Topic: aquaponic/device/data
[2026-05-22T01:06:54.691Z] Payload: {"mac_address":"ESP:32:AA:BB:CC:01","sensors":{"temperature":28.9,"humidity":43,"ph":6.6}}
[2026-05-22T01:06:54.693Z] Topic: aquaponic/device/data
[2026-05-22T01:06:54.693Z] Payload: {"mac_address":"ESP:32:AA:BB:CC:01","sensors":{"temperature":28.9,"humidity":43,"ph":6.6}}
[2026-05-22T01:06:54.693Z] temperature => 28.9
[2026-05-22T01:06:54.694Z] temperature => 28.9
[2026-05-22T01:06:54.707Z] temperature: 28.9 saved
[2026-05-22T01:06:54.707Z] humidity => 43
[2026-05-22T01:06:54.710Z] temperature: 28.9 saved
[2026-05-22T01:06:54.710Z] humidity => 43
[2026-05-22T01:06:54.718Z] humidity: 43 saved
[2026-05-22T01:06:54.718Z] ph => 6.6
[2026-05-22T01:06:54.725Z] humidity: 43 saved
[2026-05-22T01:06:54.725Z] ph => 6.6
[2026-05-22T01:06:54.733Z] ph: 6.6 saved
[2026-05-22T01:06:54.739Z] ph: 6.6 saved
[2026-05-22T01:07:04.704Z] Topic: aquaponic/device/data
[2026-05-22T01:07:04.704Z] Payload: {"mac_address":"ESP:32:AA:BB:CC:01","sensors":{"temperature":15.6,"humidity":88.3,"ph":8.5}}
[2026-05-22T01:07:04.705Z] Topic: aquaponic/device/data
[2026-05-22T01:07:04.705Z] Payload: {"mac_address":"ESP:32:AA:BB:CC:01","sensors":{"temperature":15.6,"humidity":88.3,"ph":8.5}}
[2026-05-22T01:07:04.705Z] temperature => 15.6
[2026-05-22T01:07:04.706Z] temperature => 15.6
[2026-05-22T01:07:04.731Z] temperature: 15.6 saved
[2026-05-22T01:07:04.731Z] temperature: 15.6 saved
[2026-05-22T01:07:04.745Z] Notification saved
[2026-05-22T01:07:04.745Z] Notification saved
[2026-05-22T01:07:04.745Z] humidity => 88.3
[2026-05-22T01:07:04.745Z] humidity => 88.3
[2026-05-22T01:07:04.768Z] humidity: 88.3 saved
[2026-05-22T01:07:04.768Z] humidity: 88.3 saved
[2026-05-22T01:07:04.788Z] Notification saved
[2026-05-22T01:07:04.788Z] Notification saved
[2026-05-22T01:07:04.789Z] ph => 8.5
[2026-05-22T01:07:04.789Z] ph => 8.5
[2026-05-22T01:07:04.802Z] ph: 8.5 saved
[2026-05-22T01:07:04.809Z] ph: 8.5 saved
[2026-05-22T01:07:04.824Z] Notification saved
[2026-05-22T01:07:04.830Z] Notification saved
[2026-05-22T01:07:14.717Z] Topic: aquaponic/device/data
[2026-05-22T01:07:14.718Z] Payload: {"mac_address":"ESP:32:AA:BB:CC:01","sensors":{"temperature":35.6,"humidity":52.3,"ph":7.9}}
[2026-05-22T01:07:14.718Z] Topic: aquaponic/device/data
[2026-05-22T01:07:14.718Z] Payload: {"mac_address":"ESP:32:AA:BB:CC:01","sensors":{"temperature":35.6,"humidity":52.3,"ph":7.9}}
[2026-05-22T01:07:14.719Z] temperature => 35.6
[2026-05-22T01:07:14.720Z] temperature => 35.6
[2026-05-22T01:07:14.731Z] temperature: 35.6 saved
[2026-05-22T01:07:14.750Z] temperature: 35.6 saved
[2026-05-22T01:07:14.750Z] Notification saved
[2026-05-22T01:07:14.750Z] humidity => 52.3
[2026-05-22T01:07:14.762Z] humidity: 52.3 saved
[2026-05-22T01:07:14.762Z] Notification saved
[2026-05-22T01:07:14.762Z] humidity => 52.3
[2026-05-22T01:07:14.762Z] ph => 7.9
[2026-05-22T01:07:14.773Z] ph: 7.9 saved
[2026-05-22T01:07:14.773Z] humidity: 52.3 saved
[2026-05-22T01:07:14.773Z] ph => 7.9
[2026-05-22T01:07:14.798Z] Notification saved
[2026-05-22T01:07:14.798Z] ph: 7.9 saved
[2026-05-22T01:07:14.812Z] Notification saved
[2026-05-22T01:07:24.733Z] Topic: aquaponic/device/data
[2026-05-22T01:07:24.733Z] Payload: {"mac_address":"ESP:32:AA:BB:CC:01","sensors":{"temperature":25.8,"humidity":65.8,"ph":8.1}}
[2026-05-22T01:07:24.733Z] Topic: aquaponic/device/data
[2026-05-22T01:07:24.734Z] Payload: {"mac_address":"ESP:32:AA:BB:CC:01","sensors":{"temperature":25.8,"humidity":65.8,"ph":8.1}}
[2026-05-22T01:07:24.735Z] temperature => 25.8
[2026-05-22T01:07:24.736Z] temperature => 25.8
[2026-05-22T01:07:24.752Z] temperature: 25.8 saved
[2026-05-22T01:07:24.752Z] temperature: 25.8 saved
[2026-05-22T01:07:24.752Z] humidity => 65.8
[2026-05-22T01:07:24.752Z] humidity => 65.8
[2026-05-22T01:07:24.759Z] humidity: 65.8 saved
[2026-05-22T01:07:24.759Z] humidity: 65.8 saved
[2026-05-22T01:07:24.759Z] ph => 8.1
[2026-05-22T01:07:24.760Z] ph => 8.1
[2026-05-22T01:07:24.774Z] ph: 8.1 saved
[2026-05-22T01:07:24.774Z] ph: 8.1 saved
[2026-05-22T01:07:24.796Z] Notification saved
[2026-05-22T01:07:24.796Z] Notification saved
[2026-05-22T01:07:34.747Z] Topic: aquaponic/device/data
[2026-05-22T01:07:34.747Z] Payload: {"mac_address":"ESP:32:AA:BB:CC:01","sensors":{"temperature":17.3,"humidity":36.2,"ph":7.4}}
[2026-05-22T01:07:34.748Z] Topic: aquaponic/device/data
[2026-05-22T01:07:34.748Z] Payload: {"mac_address":"ESP:32:AA:BB:CC:01","sensors":{"temperature":17.3,"humidity":36.2,"ph":7.4}}
[2026-05-22T01:07:34.749Z] temperature => 17.3
[2026-05-22T01:07:34.750Z] temperature => 17.3
[2026-05-22T01:07:34.759Z] temperature: 17.3 saved
[2026-05-22T01:07:34.781Z] temperature: 17.3 saved
[2026-05-22T01:07:34.781Z] Notification saved
[2026-05-22T01:07:34.781Z] humidity => 36.2
[2026-05-22T01:07:34.797Z] Notification saved
[2026-05-22T01:07:34.797Z] humidity: 36.2 saved
[2026-05-22T01:07:34.798Z] humidity => 36.2
[2026-05-22T01:07:34.813Z] Notification saved
[2026-05-22T01:07:34.813Z] humidity: 36.2 saved
[2026-05-22T01:07:34.813Z] ph => 7.4
[2026-05-22T01:07:34.823Z] ph: 7.4 saved
[2026-05-22T01:07:34.823Z] Notification saved
[2026-05-22T01:07:34.823Z] ph => 7.4
[2026-05-22T01:07:34.835Z] ph: 7.4 saved
[2026-05-22T01:07:44.756Z] Topic: aquaponic/device/data
[2026-05-22T01:07:44.756Z] Payload: {"mac_address":"ESP:32:AA:BB:CC:01","sensors":{"temperature":29.4,"humidity":84.4,"ph":7.2}}
[2026-05-22T01:07:44.756Z] Topic: aquaponic/device/data
[2026-05-22T01:07:44.756Z] Payload: {"mac_address":"ESP:32:AA:BB:CC:01","sensors":{"temperature":29.4,"humidity":84.4,"ph":7.2}}
[2026-05-22T01:07:44.757Z] temperature => 29.4
[2026-05-22T01:07:44.758Z] temperature => 29.4
[2026-05-22T01:07:44.773Z] temperature: 29.4 saved
[2026-05-22T01:07:44.773Z] temperature: 29.4 saved
[2026-05-22T01:07:44.774Z] humidity => 84.4
[2026-05-22T01:07:44.774Z] humidity => 84.4
[2026-05-22T01:07:44.788Z] humidity: 84.4 saved
[2026-05-22T01:07:44.788Z] humidity: 84.4 saved
[2026-05-22T01:07:44.788Z] ph => 7.2
[2026-05-22T01:07:44.788Z] ph => 7.2
[2026-05-22T01:07:44.807Z] ph: 7.2 saved
[2026-05-22T01:07:44.807Z] ph: 7.2 saved
[2026-05-22T01:07:54.804Z] Topic: aquaponic/device/data
[2026-05-22T01:07:54.804Z] Payload: {"mac_address":"ESP:32:AA:BB:CC:01","sensors":{"temperature":19.4,"humidity":87.8,"ph":8.5}}
[2026-05-22T01:07:54.805Z] Topic: aquaponic/device/data
[2026-05-22T01:07:54.805Z] Payload: {"mac_address":"ESP:32:AA:BB:CC:01","sensors":{"temperature":19.4,"humidity":87.8,"ph":8.5}}
[2026-05-22T01:07:54.806Z] temperature => 19.4
[2026-05-22T01:07:54.807Z] temperature => 19.4
[2026-05-22T01:07:54.814Z] temperature: 19.4 saved
[2026-05-22T01:07:54.814Z] humidity => 87.8
[2026-05-22T01:07:54.833Z] humidity: 87.8 saved
[2026-05-22T01:07:54.833Z] temperature: 19.4 saved
[2026-05-22T01:07:54.833Z] humidity => 87.8
[2026-05-22T01:07:54.850Z] Notification saved
[2026-05-22T01:07:54.850Z] humidity: 87.8 saved
[2026-05-22T01:07:54.850Z] ph => 8.5
[2026-05-22T01:07:54.869Z] Notification saved
[2026-05-22T01:07:54.869Z] ph: 8.5 saved
[2026-05-22T01:07:54.870Z] ph => 8.5
[2026-05-22T01:07:54.889Z] ph: 8.5 saved
[2026-05-22T01:07:54.889Z] Notification saved
[2026-05-22T01:07:54.896Z] Notification saved
[2026-05-22T01:08:04.826Z] Topic: aquaponic/device/data
[2026-05-22T01:08:04.826Z] Payload: {"mac_address":"ESP:32:AA:BB:CC:01","sensors":{"temperature":32.8,"humidity":46.8,"ph":6.2}}
[2026-05-22T01:08:04.827Z] Topic: aquaponic/device/data
[2026-05-22T01:08:04.827Z] Payload: {"mac_address":"ESP:32:AA:BB:CC:01","sensors":{"temperature":32.8,"humidity":46.8,"ph":6.2}}
[2026-05-22T01:08:04.828Z] temperature => 32.8
[2026-05-22T01:08:04.828Z] temperature => 32.8
[2026-05-22T01:08:04.837Z] temperature: 32.8 saved
[2026-05-22T01:08:04.839Z] temperature: 32.8 saved
[2026-05-22T01:08:04.848Z] Notification saved
[2026-05-22T01:08:04.848Z] humidity => 46.8
[2026-05-22T01:08:04.859Z] Notification saved
[2026-05-22T01:08:04.859Z] humidity => 46.8
[2026-05-22T01:08:04.880Z] humidity: 46.8 saved
[2026-05-22T01:08:04.880Z] humidity: 46.8 saved
[2026-05-22T01:08:04.880Z] ph => 6.2
[2026-05-22T01:08:04.880Z] ph => 6.2
[2026-05-22T01:08:04.892Z] ph: 6.2 saved
[2026-05-22T01:08:04.892Z] ph: 6.2 saved
[2026-05-22T01:08:14.789Z] Topic: aquaponic/device/data
[2026-05-22T01:08:14.789Z] Payload: {"mac_address":"ESP:32:AA:BB:CC:01","sensors":{"temperature":32.9,"humidity":31.2,"ph":8.8}}
[2026-05-22T01:08:14.790Z] Topic: aquaponic/device/data
[2026-05-22T01:08:14.790Z] Payload: {"mac_address":"ESP:32:AA:BB:CC:01","sensors":{"temperature":32.9,"humidity":31.2,"ph":8.8}}
[2026-05-22T01:08:14.791Z] temperature => 32.9
[2026-05-22T01:08:14.792Z] temperature => 32.9
[2026-05-22T01:08:14.823Z] temperature: 32.9 saved
[2026-05-22T01:08:14.837Z] temperature: 32.9 saved
[2026-05-22T01:08:14.840Z] Notification saved
[2026-05-22T01:08:14.840Z] humidity => 31.2
[2026-05-22T01:08:14.851Z] Notification saved
[2026-05-22T01:08:14.851Z] humidity => 31.2
[2026-05-22T01:08:14.871Z] humidity: 31.2 saved
[2026-05-22T01:08:14.871Z] humidity: 31.2 saved
[2026-05-22T01:08:14.884Z] Notification saved
[2026-05-22T01:08:14.884Z] Notification saved
[2026-05-22T01:08:14.885Z] ph => 8.8
[2026-05-22T01:08:14.885Z] ph => 8.8
[2026-05-22T01:08:14.899Z] ph: 8.8 saved
[2026-05-22T01:08:14.899Z] ph: 8.8 saved
[2026-05-22T01:08:14.925Z] Notification saved
[2026-05-22T01:08:14.925Z] Notification saved
[2026-05-22T01:08:24.896Z] Topic: aquaponic/device/data
[2026-05-22T01:08:24.896Z] Topic: aquaponic/device/data
[2026-05-22T01:08:24.897Z] Payload: {"mac_address":"ESP:32:AA:BB:CC:01","sensors":{"temperature":31.2,"humidity":54.3,"ph":8.8}}
[2026-05-22T01:08:24.897Z] Payload: {"mac_address":"ESP:32:AA:BB:CC:01","sensors":{"temperature":31.2,"humidity":54.3,"ph":8.8}}
[2026-05-22T01:08:24.898Z] temperature => 31.2
[2026-05-22T01:08:24.898Z] temperature => 31.2
[2026-05-22T01:08:24.930Z] temperature: 31.2 saved
[2026-05-22T01:08:24.930Z] temperature: 31.2 saved
[2026-05-22T01:08:24.930Z] humidity => 54.3
[2026-05-22T01:08:24.930Z] humidity => 54.3
[2026-05-22T01:08:24.948Z] humidity: 54.3 saved
[2026-05-22T01:08:24.948Z] humidity: 54.3 saved
[2026-05-22T01:08:24.949Z] ph => 8.8
[2026-05-22T01:08:24.949Z] ph => 8.8
[2026-05-22T01:08:24.958Z] ph: 8.8 saved
[2026-05-22T01:08:24.958Z] ph: 8.8 saved
[2026-05-22T01:08:24.969Z] Notification saved
[2026-05-22T01:08:24.972Z] Notification saved
[2026-05-22T01:08:34.813Z] Topic: aquaponic/device/data
[2026-05-22T01:08:34.813Z] Payload: {"mac_address":"ESP:32:AA:BB:CC:01","sensors":{"temperature":35.3,"humidity":81.6,"ph":5.3}}
[2026-05-22T01:08:34.814Z] Topic: aquaponic/device/data
[2026-05-22T01:08:34.814Z] Payload: {"mac_address":"ESP:32:AA:BB:CC:01","sensors":{"temperature":35.3,"humidity":81.6,"ph":5.3}}
[2026-05-22T01:08:34.815Z] temperature => 35.3
[2026-05-22T01:08:34.816Z] temperature => 35.3
[2026-05-22T01:08:34.825Z] temperature: 35.3 saved
[2026-05-22T01:08:34.834Z] temperature: 35.3 saved
[2026-05-22T01:08:34.852Z] Notification saved
[2026-05-22T01:08:34.853Z] humidity => 81.6
[2026-05-22T01:08:34.852Z] Notification saved
[2026-05-22T01:08:34.853Z] humidity => 81.6
[2026-05-22T01:08:34.866Z] humidity: 81.6 saved
[2026-05-22T01:08:34.866Z] ph => 5.3
[2026-05-22T01:08:34.871Z] humidity: 81.6 saved
[2026-05-22T01:08:34.872Z] ph => 5.3
[2026-05-22T01:08:34.884Z] ph: 5.3 saved
[2026-05-22T01:08:34.898Z] ph: 5.3 saved
[2026-05-22T01:08:34.923Z] Notification saved
[2026-05-22T01:08:34.923Z] Notification saved
[2026-05-22T01:08:44.828Z] Topic: aquaponic/device/data
[2026-05-22T01:08:44.828Z] Payload: {"mac_address":"ESP:32:AA:BB:CC:01","sensors":{"temperature":25.8,"humidity":93.9,"ph":6.8}}
[2026-05-22T01:08:44.829Z] Topic: aquaponic/device/data
[2026-05-22T01:08:44.829Z] Payload: {"mac_address":"ESP:32:AA:BB:CC:01","sensors":{"temperature":25.8,"humidity":93.9,"ph":6.8}}
[2026-05-22T01:08:44.830Z] temperature => 25.8
[2026-05-22T01:08:44.830Z] temperature => 25.8
[2026-05-22T01:08:44.838Z] temperature: 25.8 saved
[2026-05-22T01:08:44.838Z] humidity => 93.9
[2026-05-22T01:08:44.840Z] temperature: 25.8 saved
[2026-05-22T01:08:44.841Z] humidity => 93.9
[2026-05-22T01:08:44.847Z] humidity: 93.9 saved
[2026-05-22T01:08:44.869Z] humidity: 93.9 saved
[2026-05-22T01:08:44.872Z] Notification saved
[2026-05-22T01:08:44.872Z] ph => 6.8
[2026-05-22T01:08:44.879Z] Notification saved
[2026-05-22T01:08:44.879Z] ph => 6.8
[2026-05-22T01:08:44.904Z] ph: 6.8 saved
[2026-05-22T01:08:44.907Z] ph: 6.8 saved
[2026-05-22T01:08:54.839Z] Topic: aquaponic/device/data
[2026-05-22T01:08:54.840Z] Payload: {"mac_address":"ESP:32:AA:BB:CC:01","sensors":{"temperature":35.1,"humidity":73.2,"ph":4.1}}
[2026-05-22T01:08:54.840Z] Topic: aquaponic/device/data
[2026-05-22T01:08:54.840Z] Payload: {"mac_address":"ESP:32:AA:BB:CC:01","sensors":{"temperature":35.1,"humidity":73.2,"ph":4.1}}
[2026-05-22T01:08:54.841Z] temperature => 35.1
[2026-05-22T01:08:54.841Z] temperature => 35.1
[2026-05-22T01:08:54.859Z] temperature: 35.1 saved
[2026-05-22T01:08:54.862Z] temperature: 35.1 saved
[2026-05-22T01:08:54.870Z] Notification saved
[2026-05-22T01:08:54.871Z] humidity => 73.2
[2026-05-22T01:08:54.886Z] Notification saved
[2026-05-22T01:08:54.886Z] humidity => 73.2
[2026-05-22T01:08:54.889Z] humidity: 73.2 saved
[2026-05-22T01:08:54.889Z] ph => 4.1
[2026-05-22T01:08:54.897Z] humidity: 73.2 saved
[2026-05-22T01:08:54.897Z] ph => 4.1
[2026-05-22T01:08:54.913Z] ph: 4.1 saved
[2026-05-22T01:08:54.916Z] ph: 4.1 saved
[2026-05-22T01:08:54.932Z] Notification saved
[2026-05-22T01:08:54.938Z] Notification saved
[2026-05-22T01:09:04.852Z] Topic: aquaponic/device/data
[2026-05-22T01:09:04.853Z] Payload: {"mac_address":"ESP:32:AA:BB:CC:01","sensors":{"temperature":24.8,"humidity":54.5,"ph":5.6}}
[2026-05-22T01:09:04.853Z] Topic: aquaponic/device/data
[2026-05-22T01:09:04.853Z] Payload: {"mac_address":"ESP:32:AA:BB:CC:01","sensors":{"temperature":24.8,"humidity":54.5,"ph":5.6}}
[2026-05-22T01:09:04.854Z] temperature => 24.8
[2026-05-22T01:09:04.855Z] temperature => 24.8
[2026-05-22T01:09:04.864Z] temperature: 24.8 saved
[2026-05-22T01:09:04.864Z] humidity => 54.5
[2026-05-22T01:09:04.867Z] temperature: 24.8 saved
[2026-05-22T01:09:04.868Z] humidity => 54.5
[2026-05-22T01:09:04.874Z] humidity: 54.5 saved
[2026-05-22T01:09:04.874Z] ph => 5.6
[2026-05-22T01:09:04.885Z] humidity: 54.5 saved
[2026-05-22T01:09:04.885Z] ph => 5.6
[2026-05-22T01:09:04.897Z] ph: 5.6 saved
[2026-05-22T01:09:04.913Z] ph: 5.6 saved
[2026-05-22T01:09:14.864Z] Topic: aquaponic/device/data
[2026-05-22T01:09:14.864Z] Topic: aquaponic/device/data
[2026-05-22T01:09:14.864Z] Payload: {"mac_address":"ESP:32:AA:BB:CC:01","sensors":{"temperature":27.1,"humidity":46.8,"ph":8.8}}
[2026-05-22T01:09:14.864Z] Payload: {"mac_address":"ESP:32:AA:BB:CC:01","sensors":{"temperature":27.1,"humidity":46.8,"ph":8.8}}
[2026-05-22T01:09:14.866Z] temperature => 27.1
[2026-05-22T01:09:14.866Z] temperature => 27.1
[2026-05-22T01:09:14.879Z] temperature: 27.1 saved
[2026-05-22T01:09:14.879Z] temperature: 27.1 saved
[2026-05-22T01:09:14.879Z] humidity => 46.8
[2026-05-22T01:09:14.879Z] humidity => 46.8
[2026-05-22T01:09:14.896Z] humidity: 46.8 saved
[2026-05-22T01:09:14.897Z] ph => 8.8
[2026-05-22T01:09:14.904Z] humidity: 46.8 saved
[2026-05-22T01:09:14.904Z] ph => 8.8
[2026-05-22T01:09:14.911Z] ph: 8.8 saved
[2026-05-22T01:09:14.927Z] ph: 8.8 saved
[2026-05-22T01:09:14.927Z] Notification saved
[2026-05-22T01:09:14.936Z] Notification saved
[2026-05-22T01:09:24.874Z] Topic: aquaponic/device/data
[2026-05-22T01:09:24.874Z] Payload: {"mac_address":"ESP:32:AA:BB:CC:01","sensors":{"temperature":31.5,"humidity":35.4,"ph":6.7}}
[2026-05-22T01:09:24.874Z] Topic: aquaponic/device/data
[2026-05-22T01:09:24.874Z] Payload: {"mac_address":"ESP:32:AA:BB:CC:01","sensors":{"temperature":31.5,"humidity":35.4,"ph":6.7}}
[2026-05-22T01:09:24.876Z] temperature => 31.5
[2026-05-22T01:09:24.876Z] temperature => 31.5
[2026-05-22T01:09:24.885Z] temperature: 31.5 saved
[2026-05-22T01:09:24.885Z] temperature: 31.5 saved
[2026-05-22T01:09:24.885Z] humidity => 35.4
[2026-05-22T01:09:24.885Z] humidity => 35.4
[2026-05-22T01:09:24.904Z] humidity: 35.4 saved
[2026-05-22T01:09:24.904Z] humidity: 35.4 saved
[2026-05-22T01:09:24.911Z] Notification saved
[2026-05-22T01:09:24.911Z] ph => 6.7
[2026-05-22T01:09:24.914Z] Notification saved
[2026-05-22T01:09:24.915Z] ph => 6.7
[2026-05-22T01:09:24.926Z] ph: 6.7 saved
[2026-05-22T01:09:24.944Z] ph: 6.7 saved
[2026-05-22T01:09:34.887Z] Topic: aquaponic/device/data
[2026-05-22T01:09:34.887Z] Payload: {"mac_address":"ESP:32:AA:BB:CC:01","sensors":{"temperature":19.5,"humidity":54.7,"ph":4.6}}
[2026-05-22T01:09:34.887Z] Topic: aquaponic/device/data
[2026-05-22T01:09:34.888Z] Payload: {"mac_address":"ESP:32:AA:BB:CC:01","sensors":{"temperature":19.5,"humidity":54.7,"ph":4.6}}
[2026-05-22T01:09:34.889Z] temperature => 19.5
[2026-05-22T01:09:34.889Z] temperature => 19.5
[2026-05-22T01:09:34.897Z] temperature: 19.5 saved
[2026-05-22T01:09:34.898Z] humidity => 54.7
[2026-05-22T01:09:34.901Z] temperature: 19.5 saved
[2026-05-22T01:09:34.901Z] humidity => 54.7
[2026-05-22T01:09:34.910Z] humidity: 54.7 saved
[2026-05-22T01:09:34.910Z] ph => 4.6
[2026-05-22T01:09:34.924Z] humidity: 54.7 saved
[2026-05-22T01:09:34.924Z] ph => 4.6
[2026-05-22T01:09:34.929Z] ph: 4.6 saved
[2026-05-22T01:09:34.937Z] ph: 4.6 saved
[2026-05-22T01:09:34.944Z] Notification saved
[2026-05-22T01:09:34.953Z] Notification saved
[2026-05-22T01:09:44.908Z] Topic: aquaponic/device/data
[2026-05-22T01:09:44.908Z] Payload: {"mac_address":"ESP:32:AA:BB:CC:01","sensors":{"temperature":17.9,"humidity":72,"ph":6.5}}
[2026-05-22T01:09:44.908Z] Topic: aquaponic/device/data
[2026-05-22T01:09:44.908Z] Payload: {"mac_address":"ESP:32:AA:BB:CC:01","sensors":{"temperature":17.9,"humidity":72,"ph":6.5}}
[2026-05-22T01:09:44.910Z] temperature => 17.9
[2026-05-22T01:09:44.910Z] temperature => 17.9
[2026-05-22T01:09:44.928Z] temperature: 17.9 saved
[2026-05-22T01:09:44.931Z] temperature: 17.9 saved
[2026-05-22T01:09:44.937Z] Notification saved
[2026-05-22T01:09:44.937Z] humidity => 72
[2026-05-22T01:09:44.955Z] Notification saved
[2026-05-22T01:09:44.955Z] humidity => 72
[2026-05-22T01:09:44.958Z] humidity: 72 saved
[2026-05-22T01:09:44.958Z] ph => 6.5
[2026-05-22T01:09:44.970Z] humidity: 72 saved
[2026-05-22T01:09:44.970Z] ph => 6.5
[2026-05-22T01:09:44.976Z] ph: 6.5 saved
[2026-05-22T01:09:44.985Z] ph: 6.5 saved
[2026-05-22T01:09:54.916Z] Topic: aquaponic/device/data
[2026-05-22T01:09:54.916Z] Topic: aquaponic/device/data
[2026-05-22T01:09:54.916Z] Payload: {"mac_address":"ESP:32:AA:BB:CC:01","sensors":{"temperature":21.7,"humidity":34.7,"ph":7.5}}
[2026-05-22T01:09:54.916Z] Payload: {"mac_address":"ESP:32:AA:BB:CC:01","sensors":{"temperature":21.7,"humidity":34.7,"ph":7.5}}
[2026-05-22T01:09:54.918Z] temperature => 21.7
[2026-05-22T01:09:54.918Z] temperature => 21.7
[2026-05-22T01:09:54.935Z] temperature: 21.7 saved
[2026-05-22T01:09:54.935Z] humidity => 34.7
[2026-05-22T01:09:54.944Z] temperature: 21.7 saved
[2026-05-22T01:09:54.944Z] humidity => 34.7
[2026-05-22T01:09:54.976Z] humidity: 34.7 saved
[2026-05-22T01:09:54.982Z] humidity: 34.7 saved
[2026-05-22T01:09:54.992Z] Notification saved
[2026-05-22T01:09:54.992Z] ph => 7.5
[2026-05-22T01:09:55.003Z] Notification saved
[2026-05-22T01:09:55.003Z] ph => 7.5
[2026-05-22T01:09:55.087Z] ph: 7.5 saved
[2026-05-22T01:09:55.087Z] ph: 7.5 saved
[2026-05-22T01:10:04.923Z] Topic: aquaponic/device/data
[2026-05-22T01:10:04.924Z] Payload: {"mac_address":"ESP:32:AA:BB:CC:01","sensors":{"temperature":26.4,"humidity":61,"ph":5.5}}
[2026-05-22T01:10:04.924Z] Topic: aquaponic/device/data
[2026-05-22T01:10:04.924Z] Payload: {"mac_address":"ESP:32:AA:BB:CC:01","sensors":{"temperature":26.4,"humidity":61,"ph":5.5}}
[2026-05-22T01:10:04.925Z] temperature => 26.4
[2026-05-22T01:10:04.926Z] temperature => 26.4
[2026-05-22T01:10:04.936Z] temperature: 26.4 saved
[2026-05-22T01:10:04.936Z] humidity => 61
[2026-05-22T01:10:04.939Z] temperature: 26.4 saved
[2026-05-22T01:10:04.939Z] humidity => 61
[2026-05-22T01:10:04.946Z] humidity: 61 saved
[2026-05-22T01:10:04.946Z] ph => 5.5
[2026-05-22T01:10:04.965Z] humidity: 61 saved
[2026-05-22T01:10:04.965Z] ph => 5.5
[2026-05-22T01:10:04.968Z] ph: 5.5 saved
[2026-05-22T01:10:04.974Z] ph: 5.5 saved
[2026-05-22T01:10:14.936Z] Topic: aquaponic/device/data
[2026-05-22T01:10:14.936Z] Payload: {"mac_address":"ESP:32:AA:BB:CC:01","sensors":{"temperature":15.8,"humidity":58,"ph":6.8}}
[2026-05-22T01:10:14.936Z] Topic: aquaponic/device/data
[2026-05-22T01:10:14.937Z] Payload: {"mac_address":"ESP:32:AA:BB:CC:01","sensors":{"temperature":15.8,"humidity":58,"ph":6.8}}
[2026-05-22T01:10:14.938Z] temperature => 15.8
[2026-05-22T01:10:14.938Z] temperature => 15.8
[2026-05-22T01:10:14.956Z] temperature: 15.8 saved
[2026-05-22T01:10:14.960Z] temperature: 15.8 saved
[2026-05-22T01:10:14.968Z] Notification saved
[2026-05-22T01:10:14.968Z] humidity => 58
[2026-05-22T01:10:14.980Z] Notification saved
[2026-05-22T01:10:14.980Z] humidity => 58
[2026-05-22T01:10:14.987Z] humidity: 58 saved
[2026-05-22T01:10:14.987Z] ph => 6.8
[2026-05-22T01:10:15.002Z] ph: 6.8 saved
[2026-05-22T01:10:15.002Z] humidity: 58 saved
[2026-05-22T01:10:15.003Z] ph => 6.8
[2026-05-22T01:10:15.026Z] ph: 6.8 saved
[2026-05-22T01:10:24.953Z] Topic: aquaponic/device/data
[2026-05-22T01:10:24.954Z] Payload: {"mac_address":"ESP:32:AA:BB:CC:01","sensors":{"temperature":32.8,"humidity":78.2,"ph":6.2}}
[2026-05-22T01:10:24.954Z] Topic: aquaponic/device/data
[2026-05-22T01:10:24.954Z] Payload: {"mac_address":"ESP:32:AA:BB:CC:01","sensors":{"temperature":32.8,"humidity":78.2,"ph":6.2}}
[2026-05-22T01:10:24.955Z] temperature => 32.8
[2026-05-22T01:10:24.956Z] temperature => 32.8
[2026-05-22T01:10:24.967Z] temperature: 32.8 saved
[2026-05-22T01:10:24.971Z] temperature: 32.8 saved
[2026-05-22T01:10:24.980Z] Notification saved
[2026-05-22T01:10:24.980Z] humidity => 78.2
[2026-05-22T01:10:24.987Z] Notification saved
[2026-05-22T01:10:24.987Z] humidity => 78.2
[2026-05-22T01:10:25.016Z] humidity: 78.2 saved
[2026-05-22T01:10:25.016Z] humidity: 78.2 saved
[2026-05-22T01:10:25.017Z] ph => 6.2
[2026-05-22T01:10:25.017Z] ph => 6.2
[2026-05-22T01:10:25.033Z] ph: 6.2 saved
[2026-05-22T01:10:25.033Z] ph: 6.2 saved
[2026-05-22T01:10:34.966Z] Topic: aquaponic/device/data
[2026-05-22T01:10:34.966Z] Payload: {"mac_address":"ESP:32:AA:BB:CC:01","sensors":{"temperature":24.5,"humidity":78.3,"ph":6.8}}
[2026-05-22T01:10:34.967Z] Topic: aquaponic/device/data
[2026-05-22T01:10:34.967Z] Payload: {"mac_address":"ESP:32:AA:BB:CC:01","sensors":{"temperature":24.5,"humidity":78.3,"ph":6.8}}
[2026-05-22T01:10:34.968Z] temperature => 24.5
[2026-05-22T01:10:34.968Z] temperature => 24.5
[2026-05-22T01:10:34.981Z] temperature: 24.5 saved
[2026-05-22T01:10:34.981Z] humidity => 78.3
[2026-05-22T01:10:34.984Z] temperature: 24.5 saved
[2026-05-22T01:10:34.984Z] humidity => 78.3
[2026-05-22T01:10:34.990Z] humidity: 78.3 saved
[2026-05-22T01:10:34.991Z] ph => 6.8
[2026-05-22T01:10:35.000Z] humidity: 78.3 saved
[2026-05-22T01:10:35.000Z] ph => 6.8
[2026-05-22T01:10:35.009Z] ph: 6.8 saved
[2026-05-22T01:10:35.028Z] ph: 6.8 saved
[2026-05-22T01:10:44.973Z] Topic: aquaponic/device/data
[2026-05-22T01:10:44.973Z] Payload: {"mac_address":"ESP:32:AA:BB:CC:01","sensors":{"temperature":23,"humidity":70.6,"ph":8.1}}
[2026-05-22T01:10:44.974Z] Topic: aquaponic/device/data
[2026-05-22T01:10:44.974Z] Payload: {"mac_address":"ESP:32:AA:BB:CC:01","sensors":{"temperature":23,"humidity":70.6,"ph":8.1}}
[2026-05-22T01:10:44.975Z] temperature => 23
[2026-05-22T01:10:44.975Z] temperature => 23
[2026-05-22T01:10:44.987Z] temperature: 23 saved
[2026-05-22T01:10:44.987Z] humidity => 70.6
[2026-05-22T01:10:44.990Z] temperature: 23 saved
[2026-05-22T01:10:44.990Z] humidity => 70.6
[2026-05-22T01:10:44.999Z] humidity: 70.6 saved
[2026-05-22T01:10:44.999Z] ph => 8.1
[2026-05-22T01:10:45.025Z] humidity: 70.6 saved
[2026-05-22T01:10:45.025Z] ph: 8.1 saved
[2026-05-22T01:10:45.025Z] ph => 8.1
[2026-05-22T01:10:45.040Z] ph: 8.1 saved
[2026-05-22T01:10:45.040Z] Notification saved
[2026-05-22T01:10:45.058Z] Notification saved
[2026-05-22T01:10:54.983Z] Topic: aquaponic/device/data
[2026-05-22T01:10:54.983Z] Payload: {"mac_address":"ESP:32:AA:BB:CC:01","sensors":{"temperature":28.6,"humidity":43.5,"ph":7.3}}
[2026-05-22T01:10:54.983Z] Topic: aquaponic/device/data
[2026-05-22T01:10:54.984Z] Payload: {"mac_address":"ESP:32:AA:BB:CC:01","sensors":{"temperature":28.6,"humidity":43.5,"ph":7.3}}
[2026-05-22T01:10:54.984Z] temperature => 28.6
[2026-05-22T01:10:54.985Z] temperature => 28.6
[2026-05-22T01:10:54.999Z] temperature: 28.6 saved
[2026-05-22T01:10:54.999Z] temperature: 28.6 saved
[2026-05-22T01:10:55.000Z] humidity => 43.5
[2026-05-22T01:10:55.000Z] humidity => 43.5
[2026-05-22T01:10:55.023Z] humidity: 43.5 saved
[2026-05-22T01:10:55.023Z] humidity: 43.5 saved
[2026-05-22T01:10:55.023Z] ph => 7.3
[2026-05-22T01:10:55.023Z] ph => 7.3
[2026-05-22T01:10:55.041Z] ph: 7.3 saved
[2026-05-22T01:10:55.041Z] ph: 7.3 saved
[2026-05-22T01:11:04.997Z] Topic: aquaponic/device/data
[2026-05-22T01:11:04.997Z] Payload: {"mac_address":"ESP:32:AA:BB:CC:01","sensors":{"temperature":17.7,"humidity":75.8,"ph":4.4}}
[2026-05-22T01:11:04.999Z] temperature => 17.7
[2026-05-22T01:11:05.000Z] Topic: aquaponic/device/data
[2026-05-22T01:11:05.000Z] Payload: {"mac_address":"ESP:32:AA:BB:CC:01","sensors":{"temperature":17.7,"humidity":75.8,"ph":4.4}}
[2026-05-22T01:11:05.002Z] temperature => 17.7
[2026-05-22T01:11:05.014Z] temperature: 17.7 saved
[2026-05-22T01:11:05.030Z] temperature: 17.7 saved
[2026-05-22T01:11:05.039Z] Notification saved
[2026-05-22T01:11:05.039Z] humidity => 75.8
[2026-05-22T01:11:05.061Z] Notification saved
[2026-05-22T01:11:05.061Z] humidity: 75.8 saved
[2026-05-22T01:11:05.061Z] ph => 4.4
[2026-05-22T01:11:05.061Z] humidity => 75.8
[2026-05-22T01:11:05.073Z] humidity: 75.8 saved
[2026-05-22T01:11:05.073Z] ph: 4.4 saved
[2026-05-22T01:11:05.073Z] ph => 4.4
[2026-05-22T01:11:05.090Z] Notification saved
[2026-05-22T01:11:05.090Z] ph: 4.4 saved
[2026-05-22T01:11:05.117Z] Notification saved
[2026-05-22T01:11:15.032Z] Topic: aquaponic/device/data
[2026-05-22T01:11:15.032Z] Payload: {"mac_address":"ESP:32:AA:BB:CC:01","sensors":{"temperature":22,"humidity":32.3,"ph":4.2}}
[2026-05-22T01:11:15.033Z] Topic: aquaponic/device/data
[2026-05-22T01:11:15.033Z] Payload: {"mac_address":"ESP:32:AA:BB:CC:01","sensors":{"temperature":22,"humidity":32.3,"ph":4.2}}
[2026-05-22T01:11:15.034Z] temperature => 22
[2026-05-22T01:11:15.035Z] temperature => 22
[2026-05-22T01:11:15.054Z] temperature: 22 saved
[2026-05-22T01:11:15.054Z] temperature: 22 saved
[2026-05-22T01:11:15.054Z] humidity => 32.3
[2026-05-22T01:11:15.054Z] humidity => 32.3
[2026-05-22T01:11:15.080Z] humidity: 32.3 saved
[2026-05-22T01:11:15.080Z] humidity: 32.3 saved
[2026-05-22T01:11:15.087Z] Notification saved
[2026-05-22T01:11:15.087Z] Notification saved
[2026-05-22T01:11:15.088Z] ph => 4.2
[2026-05-22T01:11:15.088Z] ph => 4.2
[2026-05-22T01:11:15.097Z] ph: 4.2 saved
[2026-05-22T01:11:15.100Z] ph: 4.2 saved
[2026-05-22T01:11:15.111Z] Notification saved
[2026-05-22T01:11:15.126Z] Notification saved
[2026-05-22T01:11:25.118Z] Topic: aquaponic/device/data
[2026-05-22T01:11:25.118Z] Topic: aquaponic/device/data
[2026-05-22T01:11:25.119Z] Payload: {"mac_address":"ESP:32:AA:BB:CC:01","sensors":{"temperature":31.3,"humidity":84.7,"ph":6.3}}
[2026-05-22T01:11:25.119Z] Payload: {"mac_address":"ESP:32:AA:BB:CC:01","sensors":{"temperature":31.3,"humidity":84.7,"ph":6.3}}
[2026-05-22T01:11:25.120Z] temperature => 31.3
[2026-05-22T01:11:25.120Z] temperature => 31.3
[2026-05-22T01:11:25.139Z] temperature: 31.3 saved
[2026-05-22T01:11:25.139Z] temperature: 31.3 saved
[2026-05-22T01:11:25.139Z] humidity => 84.7
[2026-05-22T01:11:25.139Z] humidity => 84.7
[2026-05-22T01:11:25.147Z] humidity: 84.7 saved
[2026-05-22T01:11:25.147Z] ph => 6.3
[2026-05-22T01:11:25.157Z] humidity: 84.7 saved
[2026-05-22T01:11:25.157Z] ph => 6.3
[2026-05-22T01:11:25.188Z] ph: 6.3 saved
[2026-05-22T01:11:25.188Z] ph: 6.3 saved
[2026-05-22T01:11:35.033Z] Topic: aquaponic/device/data
[2026-05-22T01:11:35.033Z] Topic: aquaponic/device/data
[2026-05-22T01:11:35.034Z] Payload: {"mac_address":"ESP:32:AA:BB:CC:01","sensors":{"temperature":19.5,"humidity":31.3,"ph":5.9}}
[2026-05-22T01:11:35.034Z] Payload: {"mac_address":"ESP:32:AA:BB:CC:01","sensors":{"temperature":19.5,"humidity":31.3,"ph":5.9}}
[2026-05-22T01:11:35.035Z] temperature => 19.5
[2026-05-22T01:11:35.036Z] temperature => 19.5
[2026-05-22T01:11:35.060Z] temperature: 19.5 saved
[2026-05-22T01:11:35.060Z] humidity => 31.3
[2026-05-22T01:11:35.070Z] temperature: 19.5 saved
[2026-05-22T01:11:35.071Z] humidity => 31.3
[2026-05-22T01:11:35.084Z] humidity: 31.3 saved
[2026-05-22T01:11:35.087Z] humidity: 31.3 saved
[2026-05-22T01:11:35.093Z] Notification saved
[2026-05-22T01:11:35.094Z] ph => 5.9
[2026-05-22T01:11:35.119Z] Notification saved
[2026-05-22T01:11:35.119Z] ph => 5.9
[2026-05-22T01:11:35.122Z] ph: 5.9 saved
[2026-05-22T01:11:35.129Z] ph: 5.9 saved
[2026-05-22T01:11:45.048Z] Topic: aquaponic/device/data
[2026-05-22T01:11:45.049Z] Payload: {"mac_address":"ESP:32:AA:BB:CC:01","sensors":{"temperature":20.3,"humidity":93.1,"ph":5.6}}
[2026-05-22T01:11:45.049Z] Topic: aquaponic/device/data
[2026-05-22T01:11:45.049Z] Payload: {"mac_address":"ESP:32:AA:BB:CC:01","sensors":{"temperature":20.3,"humidity":93.1,"ph":5.6}}
[2026-05-22T01:11:45.050Z] temperature => 20.3
[2026-05-22T01:11:45.051Z] temperature => 20.3
[2026-05-22T01:11:45.064Z] temperature: 20.3 saved
[2026-05-22T01:11:45.064Z] temperature: 20.3 saved
[2026-05-22T01:11:45.064Z] humidity => 93.1
[2026-05-22T01:11:45.064Z] humidity => 93.1
[2026-05-22T01:11:45.109Z] humidity: 93.1 saved
[2026-05-22T01:11:45.109Z] humidity: 93.1 saved
[2026-05-22T01:11:45.121Z] Notification saved
[2026-05-22T01:11:45.121Z] Notification saved
[2026-05-22T01:11:45.122Z] ph => 5.6
[2026-05-22T01:11:45.122Z] ph => 5.6
[2026-05-22T01:11:45.131Z] ph: 5.6 saved
[2026-05-22T01:11:45.132Z] ph: 5.6 saved
[2026-05-22T01:11:55.056Z] Topic: aquaponic/device/data
[2026-05-22T01:11:55.056Z] Payload: {"mac_address":"ESP:32:AA:BB:CC:01","sensors":{"temperature":22.7,"humidity":35.1,"ph":8.7}}
[2026-05-22T01:11:55.057Z] Topic: aquaponic/device/data
[2026-05-22T01:11:55.057Z] Payload: {"mac_address":"ESP:32:AA:BB:CC:01","sensors":{"temperature":22.7,"humidity":35.1,"ph":8.7}}
[2026-05-22T01:11:55.058Z] temperature => 22.7
[2026-05-22T01:11:55.058Z] temperature => 22.7
[2026-05-22T01:11:55.072Z] temperature: 22.7 saved
[2026-05-22T01:11:55.072Z] humidity => 35.1
[2026-05-22T01:11:55.085Z] temperature: 22.7 saved
[2026-05-22T01:11:55.085Z] humidity => 35.1
[2026-05-22T01:11:55.096Z] humidity: 35.1 saved
[2026-05-22T01:11:55.111Z] humidity: 35.1 saved
[2026-05-22T01:11:55.114Z] Notification saved
[2026-05-22T01:11:55.114Z] ph => 8.7
[2026-05-22T01:11:55.121Z] Notification saved
[2026-05-22T01:11:55.121Z] ph => 8.7
[2026-05-22T01:11:55.131Z] ph: 8.7 saved
[2026-05-22T01:11:55.138Z] ph: 8.7 saved
[2026-05-22T01:11:55.148Z] Notification saved
[2026-05-22T01:11:55.160Z] Notification saved
[2026-05-22T01:12:05.085Z] Topic: aquaponic/device/data
[2026-05-22T01:12:05.086Z] Payload: {"mac_address":"ESP:32:AA:BB:CC:01","sensors":{"temperature":31.4,"humidity":64,"ph":5.2}}
[2026-05-22T01:12:05.086Z] Topic: aquaponic/device/data
[2026-05-22T01:12:05.086Z] Payload: {"mac_address":"ESP:32:AA:BB:CC:01","sensors":{"temperature":31.4,"humidity":64,"ph":5.2}}
[2026-05-22T01:12:05.087Z] temperature => 31.4
[2026-05-22T01:12:05.088Z] temperature => 31.4
[2026-05-22T01:12:05.094Z] temperature: 31.4 saved
[2026-05-22T01:12:05.095Z] humidity => 64
[2026-05-22T01:12:05.104Z] temperature: 31.4 saved
[2026-05-22T01:12:05.104Z] humidity => 64
[2026-05-22T01:12:05.119Z] humidity: 64 saved
[2026-05-22T01:12:05.119Z] ph => 5.2
[2026-05-22T01:12:05.133Z] humidity: 64 saved
[2026-05-22T01:12:05.133Z] ph => 5.2
[2026-05-22T01:12:05.145Z] ph: 5.2 saved
[2026-05-22T01:12:05.153Z] ph: 5.2 saved
[2026-05-22T01:12:05.160Z] Notification saved
[2026-05-22T01:12:05.167Z] Notification saved
[2026-05-22T01:12:15.132Z] Topic: aquaponic/device/data
[2026-05-22T01:12:15.132Z] Topic: aquaponic/device/data
[2026-05-22T01:12:15.133Z] Payload: {"mac_address":"ESP:32:AA:BB:CC:01","sensors":{"temperature":20,"humidity":47.5,"ph":4.5}}
[2026-05-22T01:12:15.133Z] Payload: {"mac_address":"ESP:32:AA:BB:CC:01","sensors":{"temperature":20,"humidity":47.5,"ph":4.5}}
[2026-05-22T01:12:15.134Z] temperature => 20
[2026-05-22T01:12:15.134Z] temperature => 20
[2026-05-22T01:12:15.144Z] temperature: 20 saved
[2026-05-22T01:12:15.145Z] humidity => 47.5
[2026-05-22T01:12:15.173Z] humidity: 47.5 saved
[2026-05-22T01:12:15.173Z] temperature: 20 saved
[2026-05-22T01:12:15.174Z] humidity => 47.5
[2026-05-22T01:12:15.174Z] ph => 4.5
[2026-05-22T01:12:15.183Z] humidity: 47.5 saved
[2026-05-22T01:12:15.183Z] ph: 4.5 saved
[2026-05-22T01:12:15.183Z] ph => 4.5
[2026-05-22T01:12:15.228Z] ph: 4.5 saved
[2026-05-22T01:12:15.228Z] Notification saved
[2026-05-22T01:12:15.252Z] Notification saved
[2026-05-22T01:12:25.093Z] Topic: aquaponic/device/data
[2026-05-22T01:12:25.093Z] Topic: aquaponic/device/data
[2026-05-22T01:12:25.093Z] Payload: {"mac_address":"ESP:32:AA:BB:CC:01","sensors":{"temperature":28.2,"humidity":59.9,"ph":7.4}}
[2026-05-22T01:12:25.093Z] Payload: {"mac_address":"ESP:32:AA:BB:CC:01","sensors":{"temperature":28.2,"humidity":59.9,"ph":7.4}}
[2026-05-22T01:12:25.095Z] temperature => 28.2
[2026-05-22T01:12:25.095Z] temperature => 28.2
[2026-05-22T01:12:25.113Z] temperature: 28.2 saved
[2026-05-22T01:12:25.113Z] temperature: 28.2 saved
[2026-05-22T01:12:25.113Z] humidity => 59.9
[2026-05-22T01:12:25.113Z] humidity => 59.9
[2026-05-22T01:12:25.124Z] humidity: 59.9 saved
[2026-05-22T01:12:25.124Z] humidity: 59.9 saved
[2026-05-22T01:12:25.124Z] ph => 7.4
[2026-05-22T01:12:25.124Z] ph => 7.4
[2026-05-22T01:12:25.133Z] ph: 7.4 saved
[2026-05-22T01:12:25.137Z] ph: 7.4 saved
[2026-05-22T01:12:35.146Z] Topic: aquaponic/device/data
[2026-05-22T01:12:35.146Z] Payload: {"mac_address":"ESP:32:AA:BB:CC:01","sensors":{"temperature":23.8,"humidity":40.5,"ph":4.7}}
[2026-05-22T01:12:35.147Z] Topic: aquaponic/device/data
[2026-05-22T01:12:35.147Z] Payload: {"mac_address":"ESP:32:AA:BB:CC:01","sensors":{"temperature":23.8,"humidity":40.5,"ph":4.7}}
[2026-05-22T01:12:35.148Z] temperature => 23.8
[2026-05-22T01:12:35.149Z] temperature => 23.8
[2026-05-22T01:12:35.167Z] temperature: 23.8 saved
[2026-05-22T01:12:35.167Z] temperature: 23.8 saved
[2026-05-22T01:12:35.167Z] humidity => 40.5
[2026-05-22T01:12:35.167Z] humidity => 40.5
[2026-05-22T01:12:35.178Z] humidity: 40.5 saved
[2026-05-22T01:12:35.178Z] humidity: 40.5 saved
[2026-05-22T01:12:35.178Z] ph => 4.7
[2026-05-22T01:12:35.178Z] ph => 4.7
[2026-05-22T01:12:35.189Z] ph: 4.7 saved
[2026-05-22T01:12:35.189Z] ph: 4.7 saved
[2026-05-22T01:12:35.204Z] Notification saved
[2026-05-22T01:12:35.214Z] Notification saved
[2026-05-22T01:12:45.121Z] Topic: aquaponic/device/data
[2026-05-22T01:12:45.122Z] Payload: {"mac_address":"ESP:32:AA:BB:CC:01","sensors":{"temperature":25.2,"humidity":80.7,"ph":5.4}}
[2026-05-22T01:12:45.122Z] Topic: aquaponic/device/data
[2026-05-22T01:12:45.122Z] Payload: {"mac_address":"ESP:32:AA:BB:CC:01","sensors":{"temperature":25.2,"humidity":80.7,"ph":5.4}}
[2026-05-22T01:12:45.123Z] temperature => 25.2
[2026-05-22T01:12:45.123Z] temperature => 25.2
[2026-05-22T01:12:45.139Z] temperature: 25.2 saved
[2026-05-22T01:12:45.139Z] temperature: 25.2 saved
[2026-05-22T01:12:45.139Z] humidity => 80.7
[2026-05-22T01:12:45.139Z] humidity => 80.7
[2026-05-22T01:12:45.162Z] humidity: 80.7 saved
[2026-05-22T01:12:45.162Z] humidity: 80.7 saved
[2026-05-22T01:12:45.162Z] ph => 5.4
[2026-05-22T01:12:45.162Z] ph => 5.4
[2026-05-22T01:12:45.172Z] ph: 5.4 saved
[2026-05-22T01:12:45.172Z] ph: 5.4 saved
[2026-05-22T01:12:45.181Z] Notification saved
[2026-05-22T01:12:45.184Z] Notification saved
[2026-05-22T01:12:55.129Z] Topic: aquaponic/device/data
[2026-05-22T01:12:55.130Z] Payload: {"mac_address":"ESP:32:AA:BB:CC:01","sensors":{"temperature":25.2,"humidity":87.6,"ph":8.8}}
[2026-05-22T01:12:55.130Z] Topic: aquaponic/device/data
[2026-05-22T01:12:55.130Z] Payload: {"mac_address":"ESP:32:AA:BB:CC:01","sensors":{"temperature":25.2,"humidity":87.6,"ph":8.8}}
[2026-05-22T01:12:55.131Z] temperature => 25.2
[2026-05-22T01:12:55.132Z] temperature => 25.2
[2026-05-22T01:12:55.156Z] temperature: 25.2 saved
[2026-05-22T01:12:55.156Z] humidity => 87.6
[2026-05-22T01:12:55.159Z] temperature: 25.2 saved
[2026-05-22T01:12:55.159Z] humidity => 87.6
[2026-05-22T01:12:55.167Z] humidity: 87.6 saved
[2026-05-22T01:12:55.188Z] humidity: 87.6 saved
[2026-05-22T01:12:55.204Z] Notification saved
[2026-05-22T01:12:55.204Z] ph => 8.8
[2026-05-22T01:12:55.207Z] Notification saved
[2026-05-22T01:12:55.207Z] ph => 8.8
[2026-05-22T01:12:55.217Z] ph: 8.8 saved
[2026-05-22T01:12:55.231Z] ph: 8.8 saved
[2026-05-22T01:12:55.235Z] Notification saved
[2026-05-22T01:12:55.243Z] Notification saved
[2026-05-22T01:13:05.143Z] Topic: aquaponic/device/data
[2026-05-22T01:13:05.143Z] Payload: {"mac_address":"ESP:32:AA:BB:CC:01","sensors":{"temperature":20.5,"humidity":34.5,"ph":8.6}}
[2026-05-22T01:13:05.143Z] Topic: aquaponic/device/data
[2026-05-22T01:13:05.144Z] Payload: {"mac_address":"ESP:32:AA:BB:CC:01","sensors":{"temperature":20.5,"humidity":34.5,"ph":8.6}}
[2026-05-22T01:13:05.145Z] temperature => 20.5
[2026-05-22T01:13:05.145Z] temperature => 20.5
[2026-05-22T01:13:05.168Z] temperature: 20.5 saved
[2026-05-22T01:13:05.168Z] humidity => 34.5
[2026-05-22T01:13:05.174Z] temperature: 20.5 saved
[2026-05-22T01:13:05.174Z] humidity => 34.5
[2026-05-22T01:13:05.184Z] humidity: 34.5 saved
[2026-05-22T01:13:05.194Z] humidity: 34.5 saved
[2026-05-22T01:13:05.223Z] Notification saved
[2026-05-22T01:13:05.223Z] ph => 8.6
[2026-05-22T01:13:05.226Z] Notification saved
[2026-05-22T01:13:05.226Z] ph => 8.6
[2026-05-22T01:13:05.232Z] ph: 8.6 saved
[2026-05-22T01:13:05.243Z] ph: 8.6 saved
[2026-05-22T01:13:05.266Z] Notification saved
[2026-05-22T01:13:05.280Z] Notification saved
[2026-05-22T01:13:15.155Z] Topic: aquaponic/device/data
[2026-05-22T01:13:15.155Z] Payload: {"mac_address":"ESP:32:AA:BB:CC:01","sensors":{"temperature":31.3,"humidity":30.9,"ph":6.1}}
[2026-05-22T01:13:15.155Z] Topic: aquaponic/device/data
[2026-05-22T01:13:15.155Z] Payload: {"mac_address":"ESP:32:AA:BB:CC:01","sensors":{"temperature":31.3,"humidity":30.9,"ph":6.1}}
[2026-05-22T01:13:15.157Z] temperature => 31.3
[2026-05-22T01:13:15.157Z] temperature => 31.3
[2026-05-22T01:13:15.171Z] temperature: 31.3 saved
[2026-05-22T01:13:15.171Z] humidity => 30.9
[2026-05-22T01:13:15.174Z] temperature: 31.3 saved
[2026-05-22T01:13:15.174Z] humidity => 30.9
[2026-05-22T01:13:15.181Z] humidity: 30.9 saved
[2026-05-22T01:13:15.216Z] humidity: 30.9 saved
[2026-05-22T01:13:15.227Z] Notification saved
[2026-05-22T01:13:15.228Z] ph => 6.1
[2026-05-22T01:13:15.248Z] Notification saved
[2026-05-22T01:13:15.248Z] ph => 6.1
[2026-05-22T01:13:15.251Z] ph: 6.1 saved
[2026-05-22T01:13:15.259Z] ph: 6.1 saved
[2026-05-22T01:13:25.166Z] Topic: aquaponic/device/data
[2026-05-22T01:13:25.166Z] Payload: {"mac_address":"ESP:32:AA:BB:CC:01","sensors":{"temperature":31.3,"humidity":94.5,"ph":4.1}}
[2026-05-22T01:13:25.167Z] Topic: aquaponic/device/data
[2026-05-22T01:13:25.167Z] Payload: {"mac_address":"ESP:32:AA:BB:CC:01","sensors":{"temperature":31.3,"humidity":94.5,"ph":4.1}}
[2026-05-22T01:13:25.168Z] temperature => 31.3
[2026-05-22T01:13:25.168Z] temperature => 31.3
[2026-05-22T01:13:25.183Z] temperature: 31.3 saved
[2026-05-22T01:13:25.184Z] humidity => 94.5
[2026-05-22T01:13:25.194Z] temperature: 31.3 saved
[2026-05-22T01:13:25.195Z] humidity => 94.5
[2026-05-22T01:13:25.200Z] humidity: 94.5 saved
[2026-05-22T01:13:25.209Z] humidity: 94.5 saved
[2026-05-22T01:13:25.222Z] Notification saved
[2026-05-22T01:13:25.222Z] ph => 4.1
[2026-05-22T01:13:25.242Z] Notification saved
[2026-05-22T01:13:25.243Z] ph => 4.1
[2026-05-22T01:13:25.249Z] ph: 4.1 saved
[2026-05-22T01:13:25.265Z] Notification saved
[2026-05-22T01:13:25.265Z] ph: 4.1 saved
[2026-05-22T01:13:25.278Z] Notification saved
[2026-05-22T01:13:35.178Z] Topic: aquaponic/device/data
[2026-05-22T01:13:35.178Z] Payload: {"mac_address":"ESP:32:AA:BB:CC:01","sensors":{"temperature":28.6,"humidity":77.5,"ph":8.1}}
[2026-05-22T01:13:35.179Z] Topic: aquaponic/device/data
[2026-05-22T01:13:35.179Z] Payload: {"mac_address":"ESP:32:AA:BB:CC:01","sensors":{"temperature":28.6,"humidity":77.5,"ph":8.1}}
[2026-05-22T01:13:35.180Z] temperature => 28.6
[2026-05-22T01:13:35.180Z] temperature => 28.6
[2026-05-22T01:13:35.198Z] temperature: 28.6 saved
[2026-05-22T01:13:35.198Z] temperature: 28.6 saved
[2026-05-22T01:13:35.198Z] humidity => 77.5
[2026-05-22T01:13:35.198Z] humidity => 77.5
[2026-05-22T01:13:35.214Z] humidity: 77.5 saved
[2026-05-22T01:13:35.214Z] humidity: 77.5 saved
[2026-05-22T01:13:35.214Z] ph => 8.1
[2026-05-22T01:13:35.214Z] ph => 8.1
[2026-05-22T01:13:35.230Z] ph: 8.1 saved
[2026-05-22T01:13:35.233Z] ph: 8.1 saved
[2026-05-22T01:13:35.241Z] Notification saved
[2026-05-22T01:13:35.248Z] Notification saved
[2026-05-22T01:13:45.197Z] Topic: aquaponic/device/data
[2026-05-22T01:13:45.197Z] Payload: {"mac_address":"ESP:32:AA:BB:CC:01","sensors":{"temperature":21.6,"humidity":30.2,"ph":7.1}}
[2026-05-22T01:13:45.197Z] Topic: aquaponic/device/data
[2026-05-22T01:13:45.197Z] Payload: {"mac_address":"ESP:32:AA:BB:CC:01","sensors":{"temperature":21.6,"humidity":30.2,"ph":7.1}}
[2026-05-22T01:13:45.199Z] temperature => 21.6
[2026-05-22T01:13:45.199Z] temperature => 21.6
[2026-05-22T01:13:45.216Z] temperature: 21.6 saved
[2026-05-22T01:13:45.216Z] temperature: 21.6 saved
[2026-05-22T01:13:45.216Z] humidity => 30.2
[2026-05-22T01:13:45.216Z] humidity => 30.2
[2026-05-22T01:13:45.228Z] humidity: 30.2 saved
[2026-05-22T01:13:45.228Z] humidity: 30.2 saved
[2026-05-22T01:13:45.244Z] Notification saved
[2026-05-22T01:13:45.244Z] Notification saved
[2026-05-22T01:13:45.244Z] ph => 7.1
[2026-05-22T01:13:45.244Z] ph => 7.1
[2026-05-22T01:13:45.258Z] ph: 7.1 saved
[2026-05-22T01:13:45.258Z] ph: 7.1 saved
[2026-05-22T01:13:55.213Z] Topic: aquaponic/device/data
[2026-05-22T01:13:55.213Z] Topic: aquaponic/device/data
[2026-05-22T01:13:55.213Z] Payload: {"mac_address":"ESP:32:AA:BB:CC:01","sensors":{"temperature":32.6,"humidity":88.1,"ph":7.5}}
[2026-05-22T01:13:55.213Z] Payload: {"mac_address":"ESP:32:AA:BB:CC:01","sensors":{"temperature":32.6,"humidity":88.1,"ph":7.5}}
[2026-05-22T01:13:55.214Z] temperature => 32.6
[2026-05-22T01:13:55.215Z] temperature => 32.6
[2026-05-22T01:13:55.232Z] temperature: 32.6 saved
[2026-05-22T01:13:55.241Z] temperature: 32.6 saved
[2026-05-22T01:13:55.259Z] Notification saved
[2026-05-22T01:13:55.259Z] humidity => 88.1
[2026-05-22T01:13:55.262Z] Notification saved
[2026-05-22T01:13:55.262Z] humidity => 88.1
[2026-05-22T01:13:55.271Z] humidity: 88.1 saved
[2026-05-22T01:13:55.279Z] humidity: 88.1 saved
[2026-05-22T01:13:55.301Z] Notification saved
[2026-05-22T01:13:55.301Z] Notification saved
[2026-05-22T01:13:55.301Z] ph => 7.5
[2026-05-22T01:13:55.301Z] ph => 7.5
[2026-05-22T01:13:55.315Z] ph: 7.5 saved
[2026-05-22T01:13:55.315Z] ph: 7.5 saved
[2026-05-22T01:14:05.217Z] Topic: aquaponic/device/data
[2026-05-22T01:14:05.217Z] Payload: {"mac_address":"ESP:32:AA:BB:CC:01","sensors":{"temperature":26.2,"humidity":35.5,"ph":4.8}}
[2026-05-22T01:14:05.218Z] Topic: aquaponic/device/data
[2026-05-22T01:14:05.218Z] Payload: {"mac_address":"ESP:32:AA:BB:CC:01","sensors":{"temperature":26.2,"humidity":35.5,"ph":4.8}}
[2026-05-22T01:14:05.219Z] temperature => 26.2
[2026-05-22T01:14:05.220Z] temperature => 26.2
[2026-05-22T01:14:05.233Z] temperature: 26.2 saved
[2026-05-22T01:14:05.233Z] humidity => 35.5
[2026-05-22T01:14:05.247Z] temperature: 26.2 saved
[2026-05-22T01:14:05.247Z] humidity => 35.5
[2026-05-22T01:14:05.256Z] humidity: 35.5 saved
[2026-05-22T01:14:05.269Z] humidity: 35.5 saved
[2026-05-22T01:14:05.284Z] Notification saved
[2026-05-22T01:14:05.284Z] ph => 4.8
[2026-05-22T01:14:05.287Z] Notification saved
[2026-05-22T01:14:05.287Z] ph => 4.8
[2026-05-22T01:14:05.296Z] ph: 4.8 saved
[2026-05-22T01:14:05.310Z] ph: 4.8 saved
[2026-05-22T01:14:05.316Z] Notification saved
[2026-05-22T01:14:05.326Z] Notification saved
[2026-05-22T01:14:15.233Z] Topic: aquaponic/device/data
[2026-05-22T01:14:15.233Z] Payload: {"mac_address":"ESP:32:AA:BB:CC:01","sensors":{"temperature":26.8,"humidity":59.1,"ph":7.3}}
[2026-05-22T01:14:15.234Z] Topic: aquaponic/device/data
[2026-05-22T01:14:15.234Z] Payload: {"mac_address":"ESP:32:AA:BB:CC:01","sensors":{"temperature":26.8,"humidity":59.1,"ph":7.3}}
[2026-05-22T01:14:15.234Z] temperature => 26.8
[2026-05-22T01:14:15.235Z] temperature => 26.8
[2026-05-22T01:14:15.249Z] temperature: 26.8 saved
[2026-05-22T01:14:15.249Z] humidity => 59.1
[2026-05-22T01:14:15.264Z] temperature: 26.8 saved
[2026-05-22T01:14:15.264Z] humidity => 59.1
[2026-05-22T01:14:15.267Z] humidity: 59.1 saved
[2026-05-22T01:14:15.268Z] ph => 7.3
[2026-05-22T01:14:15.281Z] humidity: 59.1 saved
[2026-05-22T01:14:15.281Z] ph => 7.3
[2026-05-22T01:14:15.292Z] ph: 7.3 saved
[2026-05-22T01:14:15.300Z] ph: 7.3 saved
[2026-05-22T01:14:25.318Z] Topic: aquaponic/device/data
[2026-05-22T01:14:25.318Z] Payload: {"mac_address":"ESP:32:AA:BB:CC:01","sensors":{"temperature":30.5,"humidity":78.5,"ph":8.9}}
[2026-05-22T01:14:25.319Z] Topic: aquaponic/device/data
[2026-05-22T01:14:25.319Z] Payload: {"mac_address":"ESP:32:AA:BB:CC:01","sensors":{"temperature":30.5,"humidity":78.5,"ph":8.9}}
[2026-05-22T01:14:25.320Z] temperature => 30.5
[2026-05-22T01:14:25.320Z] temperature => 30.5
[2026-05-22T01:14:25.334Z] temperature: 30.5 saved
[2026-05-22T01:14:25.334Z] temperature: 30.5 saved
[2026-05-22T01:14:25.334Z] humidity => 78.5
[2026-05-22T01:14:25.334Z] humidity => 78.5
[2026-05-22T01:14:25.352Z] humidity: 78.5 saved
[2026-05-22T01:14:25.352Z] ph => 8.9
[2026-05-22T01:14:25.355Z] humidity: 78.5 saved
[2026-05-22T01:14:25.355Z] ph => 8.9
[2026-05-22T01:14:25.367Z] ph: 8.9 saved
[2026-05-22T01:14:25.375Z] ph: 8.9 saved
[2026-05-22T01:14:25.387Z] Notification saved
[2026-05-22T01:14:25.404Z] Notification saved
[2026-05-22T01:14:35.530Z] Topic: aquaponic/device/data
[2026-05-22T01:14:35.530Z] Payload: {"mac_address":"ESP:32:AA:BB:CC:01","sensors":{"temperature":19.1,"humidity":48.4,"ph":5.7}}
[2026-05-22T01:14:35.530Z] Topic: aquaponic/device/data
[2026-05-22T01:14:35.530Z] Payload: {"mac_address":"ESP:32:AA:BB:CC:01","sensors":{"temperature":19.1,"humidity":48.4,"ph":5.7}}
[2026-05-22T01:14:35.532Z] temperature => 19.1
[2026-05-22T01:14:35.532Z] temperature => 19.1
[2026-05-22T01:14:35.554Z] temperature: 19.1 saved
[2026-05-22T01:14:35.554Z] temperature: 19.1 saved
[2026-05-22T01:14:35.554Z] humidity => 48.4
[2026-05-22T01:14:35.554Z] humidity => 48.4
[2026-05-22T01:14:35.569Z] humidity: 48.4 saved
[2026-05-22T01:14:35.569Z] humidity: 48.4 saved
[2026-05-22T01:14:35.569Z] ph => 5.7
[2026-05-22T01:14:35.569Z] ph => 5.7
[2026-05-22T01:14:35.578Z] ph: 5.7 saved
[2026-05-22T01:14:35.581Z] ph: 5.7 saved
[2026-05-22T01:14:45.466Z] Topic: aquaponic/device/data
[2026-05-22T01:14:45.466Z] Payload: {"mac_address":"ESP:32:AA:BB:CC:01","sensors":{"temperature":25.8,"humidity":78.7,"ph":8.4}}
[2026-05-22T01:14:45.466Z] Topic: aquaponic/device/data
[2026-05-22T01:14:45.467Z] Payload: {"mac_address":"ESP:32:AA:BB:CC:01","sensors":{"temperature":25.8,"humidity":78.7,"ph":8.4}}
[2026-05-22T01:14:45.467Z] temperature => 25.8
[2026-05-22T01:14:45.468Z] temperature => 25.8
[2026-05-22T01:14:45.480Z] temperature: 25.8 saved
[2026-05-22T01:14:45.481Z] humidity => 78.7
[2026-05-22T01:14:45.487Z] temperature: 25.8 saved
[2026-05-22T01:14:45.487Z] humidity => 78.7
[2026-05-22T01:14:45.494Z] humidity: 78.7 saved
[2026-05-22T01:14:45.494Z] ph => 8.4
[2026-05-22T01:14:45.501Z] humidity: 78.7 saved
[2026-05-22T01:14:45.501Z] ph => 8.4
[2026-05-22T01:14:45.508Z] ph: 8.4 saved
[2026-05-22T01:14:45.516Z] ph: 8.4 saved
[2026-05-22T01:14:45.528Z] Notification saved
[2026-05-22T01:14:45.531Z] Notification saved
[2026-05-22T01:14:55.285Z] Topic: aquaponic/device/data
[2026-05-22T01:14:55.285Z] Payload: {"mac_address":"ESP:32:AA:BB:CC:01","sensors":{"temperature":27.2,"humidity":41.3,"ph":5.3}}
[2026-05-22T01:14:55.285Z] Topic: aquaponic/device/data
[2026-05-22T01:14:55.286Z] Payload: {"mac_address":"ESP:32:AA:BB:CC:01","sensors":{"temperature":27.2,"humidity":41.3,"ph":5.3}}
[2026-05-22T01:14:55.287Z] temperature => 27.2
[2026-05-22T01:14:55.287Z] temperature => 27.2
[2026-05-22T01:14:55.302Z] temperature: 27.2 saved
[2026-05-22T01:14:55.303Z] humidity => 41.3
[2026-05-22T01:14:55.306Z] temperature: 27.2 saved
[2026-05-22T01:14:55.306Z] humidity => 41.3
[2026-05-22T01:14:55.312Z] humidity: 41.3 saved
[2026-05-22T01:14:55.313Z] ph => 5.3
[2026-05-22T01:14:55.336Z] humidity: 41.3 saved
[2026-05-22T01:14:55.336Z] ph => 5.3
[2026-05-22T01:14:55.342Z] ph: 5.3 saved
[2026-05-22T01:14:55.350Z] ph: 5.3 saved
[2026-05-22T01:14:55.362Z] Notification saved
[2026-05-22T01:14:55.369Z] Notification saved
[2026-05-22T01:15:05.335Z] Topic: aquaponic/device/data
[2026-05-22T01:15:05.336Z] Topic: aquaponic/device/data
[2026-05-22T01:15:05.336Z] Payload: {"mac_address":"ESP:32:AA:BB:CC:01","sensors":{"temperature":26.1,"humidity":34.2,"ph":5.7}}
[2026-05-22T01:15:05.336Z] Payload: {"mac_address":"ESP:32:AA:BB:CC:01","sensors":{"temperature":26.1,"humidity":34.2,"ph":5.7}}
[2026-05-22T01:15:05.338Z] temperature => 26.1
[2026-05-22T01:15:05.338Z] temperature => 26.1
[2026-05-22T01:15:05.347Z] temperature: 26.1 saved
[2026-05-22T01:15:05.347Z] temperature: 26.1 saved
[2026-05-22T01:15:05.347Z] humidity => 34.2
[2026-05-22T01:15:05.347Z] humidity => 34.2
[2026-05-22T01:15:05.370Z] humidity: 34.2 saved
[2026-05-22T01:15:05.370Z] humidity: 34.2 saved
[2026-05-22T01:15:05.394Z] Notification saved
[2026-05-22T01:15:05.394Z] Notification saved
[2026-05-22T01:15:05.394Z] ph => 5.7
[2026-05-22T01:15:05.394Z] ph => 5.7
[2026-05-22T01:15:05.406Z] ph: 5.7 saved
[2026-05-22T01:15:05.406Z] ph: 5.7 saved
[2026-05-22T01:15:15.301Z] Topic: aquaponic/device/data
[2026-05-22T01:15:15.302Z] Payload: {"mac_address":"ESP:32:AA:BB:CC:01","sensors":{"temperature":32.5,"humidity":92.1,"ph":8.8}}
[2026-05-22T01:15:15.302Z] Topic: aquaponic/device/data
[2026-05-22T01:15:15.302Z] Payload: {"mac_address":"ESP:32:AA:BB:CC:01","sensors":{"temperature":32.5,"humidity":92.1,"ph":8.8}}
[2026-05-22T01:15:15.303Z] temperature => 32.5
[2026-05-22T01:15:15.303Z] temperature => 32.5
[2026-05-22T01:15:15.311Z] temperature: 32.5 saved
[2026-05-22T01:15:15.311Z] temperature: 32.5 saved
[2026-05-22T01:15:15.329Z] Notification saved
[2026-05-22T01:15:15.329Z] Notification saved
[2026-05-22T01:15:15.329Z] humidity => 92.1
[2026-05-22T01:15:15.329Z] humidity => 92.1
[2026-05-22T01:15:15.336Z] humidity: 92.1 saved
[2026-05-22T01:15:15.336Z] humidity: 92.1 saved
[2026-05-22T01:15:15.352Z] Notification saved
[2026-05-22T01:15:15.352Z] Notification saved
[2026-05-22T01:15:15.352Z] ph => 8.8
[2026-05-22T01:15:15.352Z] ph => 8.8
[2026-05-22T01:15:15.363Z] ph: 8.8 saved
[2026-05-22T01:15:15.363Z] ph: 8.8 saved
[2026-05-22T01:15:15.373Z] Notification saved
[2026-05-22T01:15:15.373Z] Notification saved
[2026-05-22T01:15:25.334Z] Topic: aquaponic/device/data
[2026-05-22T01:15:25.335Z] Payload: {"mac_address":"ESP:32:AA:BB:CC:01","sensors":{"temperature":21.5,"humidity":43.2,"ph":7.9}}
[2026-05-22T01:15:25.335Z] Topic: aquaponic/device/data
[2026-05-22T01:15:25.335Z] Payload: {"mac_address":"ESP:32:AA:BB:CC:01","sensors":{"temperature":21.5,"humidity":43.2,"ph":7.9}}
[2026-05-22T01:15:25.337Z] temperature => 21.5
[2026-05-22T01:15:25.337Z] temperature => 21.5
[2026-05-22T01:15:25.357Z] temperature: 21.5 saved
[2026-05-22T01:15:25.357Z] humidity => 43.2
[2026-05-22T01:15:25.360Z] temperature: 21.5 saved
[2026-05-22T01:15:25.360Z] humidity => 43.2
[2026-05-22T01:15:25.371Z] humidity: 43.2 saved
[2026-05-22T01:15:25.371Z] ph => 7.9
[2026-05-22T01:15:25.401Z] humidity: 43.2 saved
[2026-05-22T01:15:25.401Z] ph => 7.9
[2026-05-22T01:15:25.408Z] ph: 7.9 saved
[2026-05-22T01:15:25.428Z] ph: 7.9 saved
[2026-05-22T01:15:25.431Z] Notification saved
[2026-05-22T01:15:25.442Z] Notification saved
[2026-05-22T01:15:35.336Z] Topic: aquaponic/device/data
[2026-05-22T01:15:35.337Z] Payload: {"mac_address":"ESP:32:AA:BB:CC:01","sensors":{"temperature":26.4,"humidity":87.8,"ph":6.2}}
[2026-05-22T01:15:35.337Z] Topic: aquaponic/device/data
[2026-05-22T01:15:35.337Z] Payload: {"mac_address":"ESP:32:AA:BB:CC:01","sensors":{"temperature":26.4,"humidity":87.8,"ph":6.2}}
[2026-05-22T01:15:35.338Z] temperature => 26.4
[2026-05-22T01:15:35.339Z] temperature => 26.4
[2026-05-22T01:15:35.348Z] temperature: 26.4 saved
[2026-05-22T01:15:35.348Z] humidity => 87.8
[2026-05-22T01:15:35.351Z] temperature: 26.4 saved
[2026-05-22T01:15:35.351Z] humidity => 87.8
[2026-05-22T01:15:35.358Z] humidity: 87.8 saved
[2026-05-22T01:15:35.377Z] humidity: 87.8 saved
[2026-05-22T01:15:35.382Z] Notification saved
[2026-05-22T01:15:35.382Z] ph => 6.2
[2026-05-22T01:15:35.391Z] Notification saved
[2026-05-22T01:15:35.391Z] ph => 6.2
[2026-05-22T01:15:35.398Z] ph: 6.2 saved
[2026-05-22T01:15:35.408Z] ph: 6.2 saved
[2026-05-22T01:15:45.337Z] Topic: aquaponic/device/data
[2026-05-22T01:15:45.337Z] Payload: {"mac_address":"ESP:32:AA:BB:CC:01","sensors":{"temperature":24.8,"humidity":42.9,"ph":7.5}}
[2026-05-22T01:15:45.339Z] temperature => 24.8
[2026-05-22T01:15:45.340Z] Topic: aquaponic/device/data
[2026-05-22T01:15:45.340Z] Payload: {"mac_address":"ESP:32:AA:BB:CC:01","sensors":{"temperature":24.8,"humidity":42.9,"ph":7.5}}
[2026-05-22T01:15:45.342Z] temperature => 24.8
[2026-05-22T01:15:45.357Z] temperature: 24.8 saved
[2026-05-22T01:15:45.357Z] humidity => 42.9
[2026-05-22T01:15:45.360Z] temperature: 24.8 saved
[2026-05-22T01:15:45.360Z] humidity => 42.9
[2026-05-22T01:15:45.369Z] humidity: 42.9 saved
[2026-05-22T01:15:45.369Z] ph => 7.5
[2026-05-22T01:15:45.388Z] humidity: 42.9 saved
[2026-05-22T01:15:45.388Z] ph => 7.5
[2026-05-22T01:15:45.403Z] ph: 7.5 saved
[2026-05-22T01:15:45.417Z] ph: 7.5 saved
[2026-05-22T01:15:55.352Z] Topic: aquaponic/device/data
[2026-05-22T01:15:55.352Z] Payload: {"mac_address":"ESP:32:AA:BB:CC:01","sensors":{"temperature":17.4,"humidity":41.5,"ph":6.4}}
[2026-05-22T01:15:55.353Z] Topic: aquaponic/device/data
[2026-05-22T01:15:55.353Z] Payload: {"mac_address":"ESP:32:AA:BB:CC:01","sensors":{"temperature":17.4,"humidity":41.5,"ph":6.4}}
[2026-05-22T01:15:55.354Z] temperature => 17.4
[2026-05-22T01:15:55.354Z] temperature => 17.4
[2026-05-22T01:15:55.370Z] temperature: 17.4 saved
[2026-05-22T01:15:55.370Z] temperature: 17.4 saved
[2026-05-22T01:15:55.383Z] Notification saved
[2026-05-22T01:15:55.383Z] humidity => 41.5
[2026-05-22T01:15:55.399Z] Notification saved
[2026-05-22T01:15:55.400Z] humidity => 41.5
[2026-05-22T01:15:55.408Z] humidity: 41.5 saved
[2026-05-22T01:15:55.408Z] ph => 6.4
[2026-05-22T01:15:55.429Z] humidity: 41.5 saved
[2026-05-22T01:15:55.429Z] ph => 6.4
[2026-05-22T01:15:55.432Z] ph: 6.4 saved
[2026-05-22T01:15:55.440Z] ph: 6.4 saved
[2026-05-22T01:16:05.362Z] Topic: aquaponic/device/data
[2026-05-22T01:16:05.362Z] Topic: aquaponic/device/data
[2026-05-22T01:16:05.363Z] Payload: {"mac_address":"ESP:32:AA:BB:CC:01","sensors":{"temperature":16.7,"humidity":86.3,"ph":5.5}}
[2026-05-22T01:16:05.363Z] Payload: {"mac_address":"ESP:32:AA:BB:CC:01","sensors":{"temperature":16.7,"humidity":86.3,"ph":5.5}}
[2026-05-22T01:16:05.364Z] temperature => 16.7
[2026-05-22T01:16:05.364Z] temperature => 16.7
[2026-05-22T01:16:05.378Z] temperature: 16.7 saved
[2026-05-22T01:16:05.379Z] temperature: 16.7 saved
[2026-05-22T01:16:05.394Z] Notification saved
[2026-05-22T01:16:05.394Z] humidity => 86.3
[2026-05-22T01:16:05.397Z] Notification saved
[2026-05-22T01:16:05.398Z] humidity => 86.3
[2026-05-22T01:16:05.407Z] humidity: 86.3 saved
[2026-05-22T01:16:05.416Z] humidity: 86.3 saved
[2026-05-22T01:16:05.426Z] Notification saved
[2026-05-22T01:16:05.426Z] ph => 5.5
[2026-05-22T01:16:05.434Z] Notification saved
[2026-05-22T01:16:05.434Z] ph => 5.5
[2026-05-22T01:16:05.460Z] ph: 5.5 saved
[2026-05-22T01:16:05.468Z] ph: 5.5 saved
[2026-05-22T01:16:15.373Z] Topic: aquaponic/device/data
[2026-05-22T01:16:15.373Z] Payload: {"mac_address":"ESP:32:AA:BB:CC:01","sensors":{"temperature":22.4,"humidity":73.7,"ph":8.2}}
[2026-05-22T01:16:15.373Z] Topic: aquaponic/device/data
[2026-05-22T01:16:15.374Z] Payload: {"mac_address":"ESP:32:AA:BB:CC:01","sensors":{"temperature":22.4,"humidity":73.7,"ph":8.2}}
[2026-05-22T01:16:15.375Z] temperature => 22.4
[2026-05-22T01:16:15.375Z] temperature => 22.4
[2026-05-22T01:16:15.399Z] temperature: 22.4 saved
[2026-05-22T01:16:15.400Z] humidity => 73.7
[2026-05-22T01:16:15.400Z] temperature: 22.4 saved
[2026-05-22T01:16:15.400Z] humidity => 73.7
[2026-05-22T01:16:15.413Z] humidity: 73.7 saved
[2026-05-22T01:16:15.413Z] humidity: 73.7 saved
[2026-05-22T01:16:15.414Z] ph => 8.2
[2026-05-22T01:16:15.414Z] ph => 8.2
[2026-05-22T01:16:15.424Z] ph: 8.2 saved
[2026-05-22T01:16:15.424Z] ph: 8.2 saved
[2026-05-22T01:16:15.448Z] Notification saved
[2026-05-22T01:16:15.448Z] Notification saved
[2026-05-22T01:16:25.386Z] Topic: aquaponic/device/data
[2026-05-22T01:16:25.386Z] Topic: aquaponic/device/data
[2026-05-22T01:16:25.386Z] Payload: {"mac_address":"ESP:32:AA:BB:CC:01","sensors":{"temperature":29,"humidity":94.7,"ph":4.6}}
[2026-05-22T01:16:25.386Z] Payload: {"mac_address":"ESP:32:AA:BB:CC:01","sensors":{"temperature":29,"humidity":94.7,"ph":4.6}}
[2026-05-22T01:16:25.387Z] temperature => 29
[2026-05-22T01:16:25.387Z] temperature => 29
[2026-05-22T01:16:25.404Z] temperature: 29 saved
[2026-05-22T01:16:25.404Z] humidity => 94.7
[2026-05-22T01:16:25.407Z] temperature: 29 saved
[2026-05-22T01:16:25.407Z] humidity => 94.7
[2026-05-22T01:16:25.430Z] humidity: 94.7 saved
[2026-05-22T01:16:25.430Z] humidity: 94.7 saved
[2026-05-22T01:16:25.454Z] Notification saved
[2026-05-22T01:16:25.454Z] ph => 4.6
[2026-05-22T01:16:25.454Z] Notification saved
[2026-05-22T01:16:25.454Z] ph => 4.6
[2026-05-22T01:16:25.469Z] ph: 4.6 saved
[2026-05-22T01:16:25.469Z] ph: 4.6 saved
[2026-05-22T01:16:25.481Z] Notification saved
[2026-05-22T01:16:25.481Z] Notification saved
[2026-05-22T01:16:35.400Z] Topic: aquaponic/device/data
[2026-05-22T01:16:35.400Z] Payload: {"mac_address":"ESP:32:AA:BB:CC:01","sensors":{"temperature":22.5,"humidity":91.9,"ph":4.1}}
[2026-05-22T01:16:35.401Z] Topic: aquaponic/device/data
[2026-05-22T01:16:35.401Z] Payload: {"mac_address":"ESP:32:AA:BB:CC:01","sensors":{"temperature":22.5,"humidity":91.9,"ph":4.1}}
[2026-05-22T01:16:35.402Z] temperature => 22.5
[2026-05-22T01:16:35.403Z] temperature => 22.5
[2026-05-22T01:16:35.421Z] temperature: 22.5 saved
[2026-05-22T01:16:35.422Z] humidity => 91.9
[2026-05-22T01:16:35.427Z] temperature: 22.5 saved
[2026-05-22T01:16:35.427Z] humidity => 91.9
[2026-05-22T01:16:35.434Z] humidity: 91.9 saved
[2026-05-22T01:16:35.447Z] humidity: 91.9 saved
[2026-05-22T01:16:35.455Z] Notification saved
[2026-05-22T01:16:35.455Z] ph => 4.1
[2026-05-22T01:16:35.476Z] ph: 4.1 saved
[2026-05-22T01:16:35.476Z] Notification saved
[2026-05-22T01:16:35.476Z] ph => 4.1
[2026-05-22T01:16:35.500Z] ph: 4.1 saved
[2026-05-22T01:16:35.509Z] Notification saved
[2026-05-22T01:16:35.515Z] Notification saved
[2026-05-22T01:16:45.428Z] Topic: aquaponic/device/data
[2026-05-22T01:16:45.428Z] Payload: {"mac_address":"ESP:32:AA:BB:CC:01","sensors":{"temperature":16.2,"humidity":79.8,"ph":8.6}}
[2026-05-22T01:16:45.428Z] Topic: aquaponic/device/data
[2026-05-22T01:16:45.428Z] Payload: {"mac_address":"ESP:32:AA:BB:CC:01","sensors":{"temperature":16.2,"humidity":79.8,"ph":8.6}}
[2026-05-22T01:16:45.429Z] temperature => 16.2
[2026-05-22T01:16:45.430Z] temperature => 16.2
[2026-05-22T01:16:45.439Z] temperature: 16.2 saved
[2026-05-22T01:16:45.442Z] temperature: 16.2 saved
[2026-05-22T01:16:45.448Z] Notification saved
[2026-05-22T01:16:45.448Z] humidity => 79.8
[2026-05-22T01:16:45.469Z] humidity: 79.8 saved
[2026-05-22T01:16:45.469Z] Notification saved
[2026-05-22T01:16:45.470Z] humidity => 79.8
[2026-05-22T01:16:45.470Z] ph => 8.6
[2026-05-22T01:16:45.477Z] ph: 8.6 saved
[2026-05-22T01:16:45.477Z] humidity: 79.8 saved
[2026-05-22T01:16:45.477Z] ph => 8.6
[2026-05-22T01:16:45.486Z] Notification saved
[2026-05-22T01:16:45.496Z] ph: 8.6 saved
[2026-05-22T01:16:45.514Z] Notification saved
[2026-05-22T01:16:55.423Z] Topic: aquaponic/device/data
[2026-05-22T01:16:55.423Z] Payload: {"mac_address":"ESP:32:AA:BB:CC:01","sensors":{"temperature":24.4,"humidity":33.9,"ph":7.4}}
[2026-05-22T01:16:55.424Z] Topic: aquaponic/device/data
[2026-05-22T01:16:55.424Z] Payload: {"mac_address":"ESP:32:AA:BB:CC:01","sensors":{"temperature":24.4,"humidity":33.9,"ph":7.4}}
[2026-05-22T01:16:55.425Z] temperature => 24.4
[2026-05-22T01:16:55.425Z] temperature => 24.4
[2026-05-22T01:16:55.446Z] temperature: 24.4 saved
[2026-05-22T01:16:55.446Z] temperature: 24.4 saved
[2026-05-22T01:16:55.446Z] humidity => 33.9
[2026-05-22T01:16:55.446Z] humidity => 33.9
[2026-05-22T01:16:55.459Z] humidity: 33.9 saved
[2026-05-22T01:16:55.459Z] humidity: 33.9 saved
[2026-05-22T01:16:55.471Z] Notification saved
[2026-05-22T01:16:55.471Z] Notification saved
[2026-05-22T01:16:55.471Z] ph => 7.4
[2026-05-22T01:16:55.471Z] ph => 7.4
[2026-05-22T01:16:55.491Z] ph: 7.4 saved
[2026-05-22T01:16:55.491Z] ph: 7.4 saved
[2026-05-22T01:17:05.443Z] Topic: aquaponic/device/data
[2026-05-22T01:17:05.443Z] Payload: {"mac_address":"ESP:32:AA:BB:CC:01","sensors":{"temperature":32.4,"humidity":65.9,"ph":5.6}}
[2026-05-22T01:17:05.444Z] Topic: aquaponic/device/data
[2026-05-22T01:17:05.444Z] Payload: {"mac_address":"ESP:32:AA:BB:CC:01","sensors":{"temperature":32.4,"humidity":65.9,"ph":5.6}}
[2026-05-22T01:17:05.445Z] temperature => 32.4
[2026-05-22T01:17:05.446Z] temperature => 32.4
[2026-05-22T01:17:05.464Z] temperature: 32.4 saved
[2026-05-22T01:17:05.464Z] temperature: 32.4 saved
[2026-05-22T01:17:05.478Z] Notification saved
[2026-05-22T01:17:05.478Z] Notification saved
[2026-05-22T01:17:05.478Z] humidity => 65.9
[2026-05-22T01:17:05.479Z] humidity => 65.9
[2026-05-22T01:17:05.486Z] humidity: 65.9 saved
[2026-05-22T01:17:05.486Z] humidity: 65.9 saved
[2026-05-22T01:17:05.486Z] ph => 5.6
[2026-05-22T01:17:05.486Z] ph => 5.6
[2026-05-22T01:17:05.508Z] ph: 5.6 saved
[2026-05-22T01:17:05.508Z] ph: 5.6 saved
[2026-05-22T01:17:15.445Z] Topic: aquaponic/device/data
[2026-05-22T01:17:15.445Z] Payload: {"mac_address":"ESP:32:AA:BB:CC:01","sensors":{"temperature":21.3,"humidity":54.6,"ph":8.3}}
[2026-05-22T01:17:15.445Z] Topic: aquaponic/device/data
[2026-05-22T01:17:15.446Z] Payload: {"mac_address":"ESP:32:AA:BB:CC:01","sensors":{"temperature":21.3,"humidity":54.6,"ph":8.3}}
[2026-05-22T01:17:15.447Z] temperature => 21.3
[2026-05-22T01:17:15.447Z] temperature => 21.3
[2026-05-22T01:17:15.462Z] temperature: 21.3 saved
[2026-05-22T01:17:15.462Z] temperature: 21.3 saved
[2026-05-22T01:17:15.462Z] humidity => 54.6
[2026-05-22T01:17:15.462Z] humidity => 54.6
[2026-05-22T01:17:15.481Z] humidity: 54.6 saved
[2026-05-22T01:17:15.481Z] humidity: 54.6 saved
[2026-05-22T01:17:15.481Z] ph => 8.3
[2026-05-22T01:17:15.481Z] ph => 8.3
[2026-05-22T01:17:15.495Z] ph: 8.3 saved
[2026-05-22T01:17:15.495Z] ph: 8.3 saved
[2026-05-22T01:17:15.505Z] Notification saved
[2026-05-22T01:17:15.505Z] Notification saved
[2026-05-22T01:17:25.463Z] Topic: aquaponic/device/data
[2026-05-22T01:17:25.463Z] Payload: {"mac_address":"ESP:32:AA:BB:CC:01","sensors":{"temperature":15,"humidity":72.5,"ph":7}}
[2026-05-22T01:17:25.464Z] Topic: aquaponic/device/data
[2026-05-22T01:17:25.464Z] Payload: {"mac_address":"ESP:32:AA:BB:CC:01","sensors":{"temperature":15,"humidity":72.5,"ph":7}}
[2026-05-22T01:17:25.465Z] temperature => 15
[2026-05-22T01:17:25.465Z] temperature => 15
[2026-05-22T01:17:25.492Z] temperature: 15 saved
[2026-05-22T01:17:25.495Z] temperature: 15 saved
[2026-05-22T01:17:25.504Z] Notification saved
[2026-05-22T01:17:25.504Z] humidity => 72.5
[2026-05-22T01:17:25.521Z] Notification saved
[2026-05-22T01:17:25.521Z] humidity => 72.5
[2026-05-22T01:17:25.524Z] humidity: 72.5 saved
[2026-05-22T01:17:25.524Z] ph => 7
[2026-05-22T01:17:25.537Z] humidity: 72.5 saved
[2026-05-22T01:17:25.538Z] ph => 7
[2026-05-22T01:17:25.553Z] ph: 7 saved
[2026-05-22T01:17:25.556Z] ph: 7 saved
[2026-05-22T01:17:35.493Z] Topic: aquaponic/device/data
[2026-05-22T01:17:35.493Z] Payload: {"mac_address":"ESP:32:AA:BB:CC:01","sensors":{"temperature":20.4,"humidity":43.1,"ph":7.8}}
[2026-05-22T01:17:35.494Z] Topic: aquaponic/device/data
[2026-05-22T01:17:35.495Z] Payload: {"mac_address":"ESP:32:AA:BB:CC:01","sensors":{"temperature":20.4,"humidity":43.1,"ph":7.8}}
[2026-05-22T01:17:35.495Z] temperature => 20.4
[2026-05-22T01:17:35.496Z] temperature => 20.4
[2026-05-22T01:17:35.507Z] temperature: 20.4 saved
[2026-05-22T01:17:35.508Z] humidity => 43.1
[2026-05-22T01:17:35.521Z] temperature: 20.4 saved
[2026-05-22T01:17:35.521Z] humidity => 43.1
[2026-05-22T01:17:35.527Z] humidity: 43.1 saved
[2026-05-22T01:17:35.527Z] ph => 7.8
[2026-05-22T01:17:35.543Z] humidity: 43.1 saved
[2026-05-22T01:17:35.543Z] ph => 7.8
[2026-05-22T01:17:35.546Z] ph: 7.8 saved
[2026-05-22T01:17:35.557Z] ph: 7.8 saved
[2026-05-22T01:17:35.579Z] Notification saved
[2026-05-22T01:17:35.579Z] Notification saved
[2026-05-22T01:17:45.482Z] Topic: aquaponic/device/data
[2026-05-22T01:17:45.482Z] Payload: {"mac_address":"ESP:32:AA:BB:CC:01","sensors":{"temperature":17.8,"humidity":72.8,"ph":5.9}}
[2026-05-22T01:17:45.483Z] Topic: aquaponic/device/data
[2026-05-22T01:17:45.483Z] Payload: {"mac_address":"ESP:32:AA:BB:CC:01","sensors":{"temperature":17.8,"humidity":72.8,"ph":5.9}}
[2026-05-22T01:17:45.484Z] temperature => 17.8
[2026-05-22T01:17:45.484Z] temperature => 17.8
[2026-05-22T01:17:45.506Z] temperature: 17.8 saved
[2026-05-22T01:17:45.506Z] temperature: 17.8 saved
[2026-05-22T01:17:45.524Z] Notification saved
[2026-05-22T01:17:45.524Z] Notification saved
[2026-05-22T01:17:45.524Z] humidity => 72.8
[2026-05-22T01:17:45.524Z] humidity => 72.8
[2026-05-22T01:17:45.543Z] humidity: 72.8 saved
[2026-05-22T01:17:45.543Z] ph => 5.9
[2026-05-22T01:17:45.546Z] humidity: 72.8 saved
[2026-05-22T01:17:45.547Z] ph => 5.9
[2026-05-22T01:17:45.557Z] ph: 5.9 saved
[2026-05-22T01:17:45.575Z] ph: 5.9 saved
[2026-05-22T01:17:55.498Z] Topic: aquaponic/device/data
[2026-05-22T01:17:55.498Z] Payload: {"mac_address":"ESP:32:AA:BB:CC:01","sensors":{"temperature":26.5,"humidity":54.7,"ph":4.5}}
[2026-05-22T01:17:55.498Z] Topic: aquaponic/device/data
[2026-05-22T01:17:55.498Z] Payload: {"mac_address":"ESP:32:AA:BB:CC:01","sensors":{"temperature":26.5,"humidity":54.7,"ph":4.5}}
[2026-05-22T01:17:55.499Z] temperature => 26.5
[2026-05-22T01:17:55.500Z] temperature => 26.5
[2026-05-22T01:17:55.514Z] temperature: 26.5 saved
[2026-05-22T01:17:55.514Z] humidity => 54.7
[2026-05-22T01:17:55.527Z] temperature: 26.5 saved
[2026-05-22T01:17:55.527Z] humidity => 54.7
[2026-05-22T01:17:55.530Z] humidity: 54.7 saved
[2026-05-22T01:17:55.530Z] ph => 4.5
[2026-05-22T01:17:55.536Z] humidity: 54.7 saved
[2026-05-22T01:17:55.537Z] ph => 4.5
[2026-05-22T01:17:55.546Z] ph: 4.5 saved
[2026-05-22T01:17:55.566Z] ph: 4.5 saved
[2026-05-22T01:17:55.570Z] Notification saved
[2026-05-22T01:17:55.582Z] Notification saved
[2026-05-22T01:18:05.507Z] Topic: aquaponic/device/data
[2026-05-22T01:18:05.507Z] Payload: {"mac_address":"ESP:32:AA:BB:CC:01","sensors":{"temperature":25.9,"humidity":60,"ph":5.2}}
[2026-05-22T01:18:05.508Z] Topic: aquaponic/device/data
[2026-05-22T01:18:05.508Z] Payload: {"mac_address":"ESP:32:AA:BB:CC:01","sensors":{"temperature":25.9,"humidity":60,"ph":5.2}}
[2026-05-22T01:18:05.509Z] temperature => 25.9
[2026-05-22T01:18:05.509Z] temperature => 25.9
[2026-05-22T01:18:05.519Z] temperature: 25.9 saved
[2026-05-22T01:18:05.519Z] humidity => 60
[2026-05-22T01:18:05.530Z] temperature: 25.9 saved
[2026-05-22T01:18:05.530Z] humidity => 60
[2026-05-22T01:18:05.544Z] humidity: 60 saved
[2026-05-22T01:18:05.544Z] ph => 5.2
[2026-05-22T01:18:05.554Z] humidity: 60 saved
[2026-05-22T01:18:05.554Z] ph => 5.2
[2026-05-22T01:18:05.581Z] ph: 5.2 saved
[2026-05-22T01:18:05.587Z] ph: 5.2 saved
[2026-05-22T01:18:05.598Z] Notification saved
[2026-05-22T01:18:05.618Z] Notification saved
[2026-05-22T01:18:15.519Z] Topic: aquaponic/device/data
[2026-05-22T01:18:15.519Z] Payload: {"mac_address":"ESP:32:AA:BB:CC:01","sensors":{"temperature":26.1,"humidity":50.5,"ph":6.7}}
[2026-05-22T01:18:15.520Z] Topic: aquaponic/device/data
[2026-05-22T01:18:15.520Z] Payload: {"mac_address":"ESP:32:AA:BB:CC:01","sensors":{"temperature":26.1,"humidity":50.5,"ph":6.7}}
[2026-05-22T01:18:15.521Z] temperature => 26.1
[2026-05-22T01:18:15.521Z] temperature => 26.1
[2026-05-22T01:18:15.533Z] temperature: 26.1 saved
[2026-05-22T01:18:15.534Z] humidity => 50.5
[2026-05-22T01:18:15.542Z] temperature: 26.1 saved
[2026-05-22T01:18:15.543Z] humidity => 50.5
[2026-05-22T01:18:15.549Z] humidity: 50.5 saved
[2026-05-22T01:18:15.549Z] ph => 6.7
[2026-05-22T01:18:15.557Z] humidity: 50.5 saved
[2026-05-22T01:18:15.557Z] ph => 6.7
[2026-05-22T01:18:15.569Z] ph: 6.7 saved
[2026-05-22T01:18:15.582Z] ph: 6.7 saved
[2026-05-22T01:18:25.535Z] Topic: aquaponic/device/data
[2026-05-22T01:18:25.535Z] Payload: {"mac_address":"ESP:32:AA:BB:CC:01","sensors":{"temperature":30,"humidity":64.7,"ph":8.7}}
[2026-05-22T01:18:25.536Z] Topic: aquaponic/device/data
[2026-05-22T01:18:25.536Z] Payload: {"mac_address":"ESP:32:AA:BB:CC:01","sensors":{"temperature":30,"humidity":64.7,"ph":8.7}}
[2026-05-22T01:18:25.537Z] temperature => 30
[2026-05-22T01:18:25.543Z] temperature => 30
[2026-05-22T01:18:25.546Z] temperature: 30 saved
[2026-05-22T01:18:25.546Z] humidity => 64.7
[2026-05-22T01:18:25.572Z] humidity: 64.7 saved
[2026-05-22T01:18:25.572Z] ph => 8.7
[2026-05-22T01:18:25.572Z] temperature: 30 saved
[2026-05-22T01:18:25.572Z] humidity => 64.7
[2026-05-22T01:18:25.587Z] ph: 8.7 saved
[2026-05-22T01:18:25.590Z] humidity: 64.7 saved
[2026-05-22T01:18:25.590Z] ph => 8.7
[2026-05-22T01:18:25.596Z] Notification saved
[2026-05-22T01:18:25.616Z] ph: 8.7 saved
[2026-05-22T01:18:25.625Z] Notification saved
[2026-05-22T01:18:35.547Z] Topic: aquaponic/device/data
[2026-05-22T01:18:35.547Z] Topic: aquaponic/device/data
[2026-05-22T01:18:35.547Z] Payload: {"mac_address":"ESP:32:AA:BB:CC:01","sensors":{"temperature":21.6,"humidity":94.8,"ph":5.7}}
[2026-05-22T01:18:35.547Z] Payload: {"mac_address":"ESP:32:AA:BB:CC:01","sensors":{"temperature":21.6,"humidity":94.8,"ph":5.7}}
[2026-05-22T01:18:35.549Z] temperature => 21.6
[2026-05-22T01:18:35.549Z] temperature => 21.6
[2026-05-22T01:18:35.561Z] temperature: 21.6 saved
[2026-05-22T01:18:35.561Z] temperature: 21.6 saved
[2026-05-22T01:18:35.561Z] humidity => 94.8
[2026-05-22T01:18:35.561Z] humidity => 94.8
[2026-05-22T01:18:35.573Z] humidity: 94.8 saved
[2026-05-22T01:18:35.573Z] humidity: 94.8 saved
[2026-05-22T01:18:35.587Z] Notification saved
[2026-05-22T01:18:35.587Z] Notification saved
[2026-05-22T01:18:35.587Z] ph => 5.7
[2026-05-22T01:18:35.587Z] ph => 5.7
[2026-05-22T01:18:35.612Z] ph: 5.7 saved
[2026-05-22T01:18:35.612Z] ph: 5.7 saved
[2026-05-22T01:18:45.556Z] Topic: aquaponic/device/data
[2026-05-22T01:18:45.556Z] Topic: aquaponic/device/data
[2026-05-22T01:18:45.557Z] Payload: {"mac_address":"ESP:32:AA:BB:CC:01","sensors":{"temperature":35.8,"humidity":66,"ph":6}}
[2026-05-22T01:18:45.557Z] Payload: {"mac_address":"ESP:32:AA:BB:CC:01","sensors":{"temperature":35.8,"humidity":66,"ph":6}}
[2026-05-22T01:18:45.558Z] temperature => 35.8
[2026-05-22T01:18:45.558Z] temperature => 35.8
[2026-05-22T01:18:45.570Z] temperature: 35.8 saved
[2026-05-22T01:18:45.570Z] temperature: 35.8 saved
[2026-05-22T01:18:45.581Z] Notification saved
[2026-05-22T01:18:45.581Z] Notification saved
[2026-05-22T01:18:45.581Z] humidity => 66
[2026-05-22T01:18:45.581Z] humidity => 66
[2026-05-22T01:18:45.600Z] humidity: 66 saved
[2026-05-22T01:18:45.600Z] humidity: 66 saved
[2026-05-22T01:18:45.600Z] ph => 6
[2026-05-22T01:18:45.600Z] ph => 6
[2026-05-22T01:18:45.620Z] ph: 6 saved
[2026-05-22T01:18:45.620Z] ph: 6 saved
[2026-05-22T01:18:55.570Z] Topic: aquaponic/device/data
[2026-05-22T01:18:55.570Z] Payload: {"mac_address":"ESP:32:AA:BB:CC:01","sensors":{"temperature":25.6,"humidity":50.3,"ph":8.4}}
[2026-05-22T01:18:55.571Z] Topic: aquaponic/device/data
[2026-05-22T01:18:55.571Z] Payload: {"mac_address":"ESP:32:AA:BB:CC:01","sensors":{"temperature":25.6,"humidity":50.3,"ph":8.4}}
[2026-05-22T01:18:55.572Z] temperature => 25.6
[2026-05-22T01:18:55.573Z] temperature => 25.6
[2026-05-22T01:18:55.581Z] temperature: 25.6 saved
[2026-05-22T01:18:55.581Z] humidity => 50.3
[2026-05-22T01:18:55.600Z] temperature: 25.6 saved
[2026-05-22T01:18:55.601Z] humidity => 50.3
[2026-05-22T01:18:55.606Z] humidity: 50.3 saved
[2026-05-22T01:18:55.606Z] ph => 8.4
[2026-05-22T01:18:55.614Z] humidity: 50.3 saved
[2026-05-22T01:18:55.614Z] ph => 8.4
[2026-05-22T01:18:55.623Z] ph: 8.4 saved
[2026-05-22T01:18:55.634Z] ph: 8.4 saved
[2026-05-22T01:18:55.651Z] Notification saved
[2026-05-22T01:18:55.654Z] Notification saved
[2026-05-22T01:19:05.582Z] Topic: aquaponic/device/data
[2026-05-22T01:19:05.582Z] Payload: {"mac_address":"ESP:32:AA:BB:CC:01","sensors":{"temperature":15.2,"humidity":65,"ph":6.7}}
[2026-05-22T01:19:05.583Z] Topic: aquaponic/device/data
[2026-05-22T01:19:05.583Z] Payload: {"mac_address":"ESP:32:AA:BB:CC:01","sensors":{"temperature":15.2,"humidity":65,"ph":6.7}}
[2026-05-22T01:19:05.584Z] temperature => 15.2
[2026-05-22T01:19:05.584Z] temperature => 15.2
[2026-05-22T01:19:05.596Z] temperature: 15.2 saved
[2026-05-22T01:19:05.600Z] temperature: 15.2 saved
[2026-05-22T01:19:05.612Z] Notification saved
[2026-05-22T01:19:05.612Z] humidity => 65
[2026-05-22T01:19:05.628Z] Notification saved
[2026-05-22T01:19:05.629Z] humidity => 65
[2026-05-22T01:19:05.637Z] humidity: 65 saved
[2026-05-22T01:19:05.637Z] ph => 6.7
[2026-05-22T01:19:05.653Z] humidity: 65 saved
[2026-05-22T01:19:05.653Z] ph => 6.7
[2026-05-22T01:19:05.656Z] ph: 6.7 saved
[2026-05-22T01:19:05.669Z] ph: 6.7 saved
[2026-05-22T01:19:15.602Z] Topic: aquaponic/device/data
[2026-05-22T01:19:15.603Z] Payload: {"mac_address":"ESP:32:AA:BB:CC:01","sensors":{"temperature":27.6,"humidity":47.8,"ph":7.7}}
[2026-05-22T01:19:15.603Z] Topic: aquaponic/device/data
[2026-05-22T01:19:15.603Z] Payload: {"mac_address":"ESP:32:AA:BB:CC:01","sensors":{"temperature":27.6,"humidity":47.8,"ph":7.7}}
[2026-05-22T01:19:15.604Z] temperature => 27.6
[2026-05-22T01:19:15.605Z] temperature => 27.6
[2026-05-22T01:19:15.621Z] temperature: 27.6 saved
[2026-05-22T01:19:15.621Z] humidity => 47.8
[2026-05-22T01:19:15.624Z] temperature: 27.6 saved
[2026-05-22T01:19:15.624Z] humidity => 47.8
[2026-05-22T01:19:15.631Z] humidity: 47.8 saved
[2026-05-22T01:19:15.631Z] ph => 7.7
[2026-05-22T01:19:15.660Z] humidity: 47.8 saved
[2026-05-22T01:19:15.660Z] ph => 7.7
[2026-05-22T01:19:15.663Z] ph: 7.7 saved
[2026-05-22T01:19:15.672Z] ph: 7.7 saved
[2026-05-22T01:19:15.683Z] Notification saved
[2026-05-22T01:19:15.699Z] Notification saved
[2026-05-22T01:19:25.607Z] Topic: aquaponic/device/data
[2026-05-22T01:19:25.607Z] Payload: {"mac_address":"ESP:32:AA:BB:CC:01","sensors":{"temperature":34.2,"humidity":30.6,"ph":4.5}}
[2026-05-22T01:19:25.607Z] Topic: aquaponic/device/data
[2026-05-22T01:19:25.607Z] Payload: {"mac_address":"ESP:32:AA:BB:CC:01","sensors":{"temperature":34.2,"humidity":30.6,"ph":4.5}}
[2026-05-22T01:19:25.609Z] temperature => 34.2
[2026-05-22T01:19:25.609Z] temperature => 34.2
[2026-05-22T01:19:25.626Z] temperature: 34.2 saved
[2026-05-22T01:19:25.630Z] temperature: 34.2 saved
[2026-05-22T01:19:25.639Z] Notification saved
[2026-05-22T01:19:25.639Z] humidity => 30.6
[2026-05-22T01:19:25.646Z] Notification saved
[2026-05-22T01:19:25.647Z] humidity => 30.6
[2026-05-22T01:19:25.661Z] humidity: 30.6 saved
[2026-05-22T01:19:25.678Z] humidity: 30.6 saved
[2026-05-22T01:19:25.685Z] Notification saved
[2026-05-22T01:19:25.685Z] ph => 4.5
[2026-05-22T01:19:25.697Z] Notification saved
[2026-05-22T01:19:25.697Z] ph => 4.5
[2026-05-22T01:19:25.707Z] ph: 4.5 saved
[2026-05-22T01:19:25.718Z] ph: 4.5 saved
[2026-05-22T01:19:25.725Z] Notification saved
[2026-05-22T01:19:25.736Z] Notification saved
[2026-05-22T01:19:35.617Z] Topic: aquaponic/device/data
[2026-05-22T01:19:35.617Z] Payload: {"mac_address":"ESP:32:AA:BB:CC:01","sensors":{"temperature":26.6,"humidity":52.4,"ph":4.5}}
[2026-05-22T01:19:35.618Z] Topic: aquaponic/device/data
[2026-05-22T01:19:35.618Z] Payload: {"mac_address":"ESP:32:AA:BB:CC:01","sensors":{"temperature":26.6,"humidity":52.4,"ph":4.5}}
[2026-05-22T01:19:35.619Z] temperature => 26.6
[2026-05-22T01:19:35.620Z] temperature => 26.6
[2026-05-22T01:19:35.649Z] temperature: 26.6 saved
[2026-05-22T01:19:35.649Z] temperature: 26.6 saved
[2026-05-22T01:19:35.649Z] humidity => 52.4
[2026-05-22T01:19:35.649Z] humidity => 52.4
[2026-05-22T01:19:35.677Z] humidity: 52.4 saved
[2026-05-22T01:19:35.677Z] humidity: 52.4 saved
[2026-05-22T01:19:35.677Z] ph => 4.5
[2026-05-22T01:19:35.677Z] ph => 4.5
[2026-05-22T01:19:35.688Z] ph: 4.5 saved
[2026-05-22T01:19:35.688Z] ph: 4.5 saved
[2026-05-22T01:19:35.699Z] Notification saved
[2026-05-22T01:19:35.708Z] Notification saved
[2026-05-22T01:19:45.628Z] Topic: aquaponic/device/data
[2026-05-22T01:19:45.628Z] Payload: {"mac_address":"ESP:32:AA:BB:CC:01","sensors":{"temperature":35.1,"humidity":38.7,"ph":6.9}}
[2026-05-22T01:19:45.629Z] Topic: aquaponic/device/data
[2026-05-22T01:19:45.629Z] Payload: {"mac_address":"ESP:32:AA:BB:CC:01","sensors":{"temperature":35.1,"humidity":38.7,"ph":6.9}}
[2026-05-22T01:19:45.630Z] temperature => 35.1
[2026-05-22T01:19:45.631Z] temperature => 35.1
[2026-05-22T01:19:45.651Z] temperature: 35.1 saved
[2026-05-22T01:19:45.655Z] temperature: 35.1 saved
[2026-05-22T01:19:45.662Z] Notification saved
[2026-05-22T01:19:45.662Z] humidity => 38.7
[2026-05-22T01:19:45.680Z] Notification saved
[2026-05-22T01:19:45.680Z] humidity => 38.7
[2026-05-22T01:19:45.683Z] humidity: 38.7 saved
[2026-05-22T01:19:45.689Z] humidity: 38.7 saved
[2026-05-22T01:19:45.696Z] Notification saved
[2026-05-22T01:19:45.696Z] ph => 6.9
[2026-05-22T01:19:45.725Z] Notification saved
[2026-05-22T01:19:45.725Z] ph => 6.9
[2026-05-22T01:19:45.729Z] ph: 6.9 saved
[2026-05-22T01:19:45.735Z] ph: 6.9 saved
[2026-05-22T01:19:55.643Z] Topic: aquaponic/device/data
[2026-05-22T01:19:55.643Z] Payload: {"mac_address":"ESP:32:AA:BB:CC:01","sensors":{"temperature":18.4,"humidity":78.7,"ph":6}}
[2026-05-22T01:19:55.644Z] Topic: aquaponic/device/data
[2026-05-22T01:19:55.644Z] Payload: {"mac_address":"ESP:32:AA:BB:CC:01","sensors":{"temperature":18.4,"humidity":78.7,"ph":6}}
[2026-05-22T01:19:55.645Z] temperature => 18.4
[2026-05-22T01:19:55.645Z] temperature => 18.4
[2026-05-22T01:19:55.654Z] temperature: 18.4 saved
[2026-05-22T01:19:55.654Z] humidity => 78.7
[2026-05-22T01:19:55.657Z] temperature: 18.4 saved
[2026-05-22T01:19:55.657Z] humidity => 78.7
[2026-05-22T01:19:55.669Z] humidity: 78.7 saved
[2026-05-22T01:19:55.669Z] ph => 6
[2026-05-22T01:19:55.675Z] humidity: 78.7 saved
[2026-05-22T01:19:55.675Z] ph => 6
[2026-05-22T01:19:55.688Z] ph: 6 saved
[2026-05-22T01:19:55.699Z] ph: 6 saved
[2026-05-22T01:20:05.655Z] Topic: aquaponic/device/data
[2026-05-22T01:20:05.656Z] Payload: {"mac_address":"ESP:32:AA:BB:CC:01","sensors":{"temperature":19.7,"humidity":80.5,"ph":4.9}}
[2026-05-22T01:20:05.656Z] Topic: aquaponic/device/data
[2026-05-22T01:20:05.656Z] Payload: {"mac_address":"ESP:32:AA:BB:CC:01","sensors":{"temperature":19.7,"humidity":80.5,"ph":4.9}}
[2026-05-22T01:20:05.657Z] temperature => 19.7
[2026-05-22T01:20:05.658Z] temperature => 19.7
[2026-05-22T01:20:05.668Z] temperature: 19.7 saved
[2026-05-22T01:20:05.668Z] temperature: 19.7 saved
[2026-05-22T01:20:05.668Z] humidity => 80.5
[2026-05-22T01:20:05.668Z] humidity => 80.5
[2026-05-22T01:20:05.681Z] humidity: 80.5 saved
[2026-05-22T01:20:05.681Z] humidity: 80.5 saved
[2026-05-22T01:20:05.682Z] ph => 4.9
[2026-05-22T01:20:05.682Z] ph => 4.9
[2026-05-22T01:20:05.695Z] ph: 4.9 saved
[2026-05-22T01:20:05.695Z] ph: 4.9 saved
[2026-05-22T01:20:05.735Z] Notification saved
[2026-05-22T01:20:05.735Z] Notification saved
[2026-05-22T01:20:15.695Z] Topic: aquaponic/device/data
[2026-05-22T01:20:15.695Z] Payload: {"mac_address":"ESP:32:AA:BB:CC:01","sensors":{"temperature":20,"humidity":80.9,"ph":5.6}}
[2026-05-22T01:20:15.696Z] Topic: aquaponic/device/data
[2026-05-22T01:20:15.696Z] Payload: {"mac_address":"ESP:32:AA:BB:CC:01","sensors":{"temperature":20,"humidity":80.9,"ph":5.6}}
[2026-05-22T01:20:15.697Z] temperature => 20
[2026-05-22T01:20:15.697Z] temperature => 20
[2026-05-22T01:20:15.720Z] temperature: 20 saved
[2026-05-22T01:20:15.720Z] temperature: 20 saved
[2026-05-22T01:20:15.721Z] humidity => 80.9
[2026-05-22T01:20:15.721Z] humidity => 80.9
[2026-05-22T01:20:15.736Z] humidity: 80.9 saved
[2026-05-22T01:20:15.736Z] humidity: 80.9 saved
[2026-05-22T01:20:15.737Z] ph => 5.6
[2026-05-22T01:20:15.737Z] ph => 5.6
[2026-05-22T01:20:15.756Z] ph: 5.6 saved
[2026-05-22T01:20:15.756Z] ph: 5.6 saved
[2026-05-22T01:20:25.684Z] Topic: aquaponic/device/data
[2026-05-22T01:20:25.685Z] Payload: {"mac_address":"ESP:32:AA:BB:CC:01","sensors":{"temperature":29.7,"humidity":67.5,"ph":6.8}}
[2026-05-22T01:20:25.685Z] Topic: aquaponic/device/data
[2026-05-22T01:20:25.685Z] Payload: {"mac_address":"ESP:32:AA:BB:CC:01","sensors":{"temperature":29.7,"humidity":67.5,"ph":6.8}}
[2026-05-22T01:20:25.686Z] temperature => 29.7
[2026-05-22T01:20:25.687Z] temperature => 29.7
[2026-05-22T01:20:25.707Z] temperature: 29.7 saved
[2026-05-22T01:20:25.707Z] humidity => 67.5
[2026-05-22T01:20:25.710Z] temperature: 29.7 saved
[2026-05-22T01:20:25.711Z] humidity => 67.5
[2026-05-22T01:20:25.717Z] humidity: 67.5 saved
[2026-05-22T01:20:25.717Z] ph => 6.8
[2026-05-22T01:20:25.735Z] humidity: 67.5 saved
[2026-05-22T01:20:25.735Z] ph => 6.8
[2026-05-22T01:20:25.738Z] ph: 6.8 saved
[2026-05-22T01:20:25.747Z] ph: 6.8 saved
[2026-05-22T01:20:35.689Z] Topic: aquaponic/device/data
[2026-05-22T01:20:35.689Z] Payload: {"mac_address":"ESP:32:AA:BB:CC:01","sensors":{"temperature":17.1,"humidity":44.9,"ph":5.9}}
[2026-05-22T01:20:35.689Z] Topic: aquaponic/device/data
[2026-05-22T01:20:35.689Z] Payload: {"mac_address":"ESP:32:AA:BB:CC:01","sensors":{"temperature":17.1,"humidity":44.9,"ph":5.9}}
[2026-05-22T01:20:35.691Z] temperature => 17.1
[2026-05-22T01:20:35.691Z] temperature => 17.1
[2026-05-22T01:20:35.707Z] temperature: 17.1 saved
[2026-05-22T01:20:35.707Z] temperature: 17.1 saved
[2026-05-22T01:20:35.718Z] Notification saved
[2026-05-22T01:20:35.718Z] Notification saved
[2026-05-22T01:20:35.719Z] humidity => 44.9
[2026-05-22T01:20:35.719Z] humidity => 44.9
[2026-05-22T01:20:35.739Z] humidity: 44.9 saved
[2026-05-22T01:20:35.739Z] humidity: 44.9 saved
[2026-05-22T01:20:35.739Z] ph => 5.9
[2026-05-22T01:20:35.739Z] ph => 5.9
[2026-05-22T01:20:35.750Z] ph: 5.9 saved
[2026-05-22T01:20:35.757Z] ph: 5.9 saved
[2026-05-22T01:20:45.705Z] Topic: aquaponic/device/data
[2026-05-22T01:20:45.705Z] Payload: {"mac_address":"ESP:32:AA:BB:CC:01","sensors":{"temperature":20.6,"humidity":92.1,"ph":5.9}}
[2026-05-22T01:20:45.705Z] Topic: aquaponic/device/data
[2026-05-22T01:20:45.706Z] Payload: {"mac_address":"ESP:32:AA:BB:CC:01","sensors":{"temperature":20.6,"humidity":92.1,"ph":5.9}}
[2026-05-22T01:20:45.707Z] temperature => 20.6
[2026-05-22T01:20:45.707Z] temperature => 20.6
[2026-05-22T01:20:45.721Z] temperature: 20.6 saved
[2026-05-22T01:20:45.722Z] humidity => 92.1
[2026-05-22T01:20:45.727Z] temperature: 20.6 saved
[2026-05-22T01:20:45.727Z] humidity => 92.1
[2026-05-22T01:20:45.736Z] humidity: 92.1 saved
[2026-05-22T01:20:45.742Z] humidity: 92.1 saved
[2026-05-22T01:20:45.749Z] Notification saved
[2026-05-22T01:20:45.749Z] ph => 5.9
[2026-05-22T01:20:45.753Z] Notification saved
[2026-05-22T01:20:45.753Z] ph => 5.9
[2026-05-22T01:20:45.766Z] ph: 5.9 saved
[2026-05-22T01:20:45.772Z] ph: 5.9 saved
[2026-05-22T01:20:55.719Z] Topic: aquaponic/device/data
[2026-05-22T01:20:55.719Z] Payload: {"mac_address":"ESP:32:AA:BB:CC:01","sensors":{"temperature":19.6,"humidity":80.1,"ph":5}}
[2026-05-22T01:20:55.719Z] Topic: aquaponic/device/data
[2026-05-22T01:20:55.719Z] Payload: {"mac_address":"ESP:32:AA:BB:CC:01","sensors":{"temperature":19.6,"humidity":80.1,"ph":5}}
[2026-05-22T01:20:55.721Z] temperature => 19.6
[2026-05-22T01:20:55.721Z] temperature => 19.6
[2026-05-22T01:20:55.734Z] temperature: 19.6 saved
[2026-05-22T01:20:55.734Z] humidity => 80.1
[2026-05-22T01:20:55.740Z] temperature: 19.6 saved
[2026-05-22T01:20:55.740Z] humidity => 80.1
[2026-05-22T01:20:55.750Z] humidity: 80.1 saved
[2026-05-22T01:20:55.750Z] ph => 5
[2026-05-22T01:20:55.757Z] humidity: 80.1 saved
[2026-05-22T01:20:55.757Z] ph => 5
[2026-05-22T01:20:55.766Z] ph: 5 saved
[2026-05-22T01:20:55.775Z] ph: 5 saved
[2026-05-22T01:20:55.793Z] Notification saved
[2026-05-22T01:20:55.796Z] Notification saved
[2026-05-22T01:21:05.791Z] Topic: aquaponic/device/data
[2026-05-22T01:21:05.791Z] Payload: {"mac_address":"ESP:32:AA:BB:CC:01","sensors":{"temperature":35.9,"humidity":92.1,"ph":4.3}}
[2026-05-22T01:21:05.792Z] Topic: aquaponic/device/data
[2026-05-22T01:21:05.792Z] Payload: {"mac_address":"ESP:32:AA:BB:CC:01","sensors":{"temperature":35.9,"humidity":92.1,"ph":4.3}}
[2026-05-22T01:21:05.793Z] temperature => 35.9
[2026-05-22T01:21:05.794Z] temperature => 35.9
[2026-05-22T01:21:05.805Z] temperature: 35.9 saved
[2026-05-22T01:21:05.828Z] temperature: 35.9 saved
[2026-05-22T01:21:05.831Z] Notification saved
[2026-05-22T01:21:05.832Z] humidity => 92.1
[2026-05-22T01:21:05.838Z] Notification saved
[2026-05-22T01:21:05.838Z] humidity => 92.1
[2026-05-22T01:21:05.844Z] humidity: 92.1 saved
[2026-05-22T01:21:05.853Z] humidity: 92.1 saved
[2026-05-22T01:21:05.859Z] Notification saved
[2026-05-22T01:21:05.859Z] ph => 4.3
[2026-05-22T01:21:05.868Z] Notification saved
[2026-05-22T01:21:05.869Z] ph => 4.3
[2026-05-22T01:21:05.885Z] ph: 4.3 saved
[2026-05-22T01:21:05.889Z] ph: 4.3 saved
[2026-05-22T01:21:05.902Z] Notification saved
[2026-05-22T01:21:05.911Z] Notification saved
[2026-05-22T01:21:15.740Z] Topic: aquaponic/device/data
[2026-05-22T01:21:15.741Z] Payload: {"mac_address":"ESP:32:AA:BB:CC:01","sensors":{"temperature":24.2,"humidity":52,"ph":7.6}}
[2026-05-22T01:21:15.742Z] temperature => 24.2
[2026-05-22T01:21:15.744Z] Topic: aquaponic/device/data
[2026-05-22T01:21:15.744Z] Payload: {"mac_address":"ESP:32:AA:BB:CC:01","sensors":{"temperature":24.2,"humidity":52,"ph":7.6}}
[2026-05-22T01:21:15.745Z] temperature => 24.2
[2026-05-22T01:21:15.762Z] temperature: 24.2 saved
[2026-05-22T01:21:15.762Z] humidity => 52
[2026-05-22T01:21:15.776Z] temperature: 24.2 saved
[2026-05-22T01:21:15.776Z] humidity => 52
[2026-05-22T01:21:15.790Z] humidity: 52 saved
[2026-05-22T01:21:15.790Z] ph => 7.6
[2026-05-22T01:21:15.793Z] humidity: 52 saved
[2026-05-22T01:21:15.793Z] ph => 7.6
[2026-05-22T01:21:15.806Z] ph: 7.6 saved
[2026-05-22T01:21:15.818Z] ph: 7.6 saved
[2026-05-22T01:21:15.825Z] Notification saved
[2026-05-22T01:21:15.839Z] Notification saved
[2026-05-22T01:21:25.755Z] Topic: aquaponic/device/data
[2026-05-22T01:21:25.755Z] Payload: {"mac_address":"ESP:32:AA:BB:CC:01","sensors":{"temperature":17.7,"humidity":49.3,"ph":4.6}}
[2026-05-22T01:21:25.756Z] Topic: aquaponic/device/data
[2026-05-22T01:21:25.756Z] Payload: {"mac_address":"ESP:32:AA:BB:CC:01","sensors":{"temperature":17.7,"humidity":49.3,"ph":4.6}}
[2026-05-22T01:21:25.757Z] temperature => 17.7
[2026-05-22T01:21:25.757Z] temperature => 17.7
[2026-05-22T01:21:25.782Z] temperature: 17.7 saved
[2026-05-22T01:21:25.782Z] temperature: 17.7 saved
[2026-05-22T01:21:25.799Z] Notification saved
[2026-05-22T01:21:25.799Z] Notification saved
[2026-05-22T01:21:25.800Z] humidity => 49.3
[2026-05-22T01:21:25.800Z] humidity => 49.3
[2026-05-22T01:21:25.821Z] humidity: 49.3 saved
[2026-05-22T01:21:25.821Z] humidity: 49.3 saved
[2026-05-22T01:21:25.821Z] ph => 4.6
[2026-05-22T01:21:25.821Z] ph => 4.6
[2026-05-22T01:21:25.842Z] ph: 4.6 saved
[2026-05-22T01:21:25.842Z] ph: 4.6 saved
[2026-05-22T01:21:25.850Z] Notification saved
[2026-05-22T01:21:25.850Z] Notification saved
[2026-05-22T01:21:35.775Z] Topic: aquaponic/device/data
[2026-05-22T01:21:35.775Z] Payload: {"mac_address":"ESP:32:AA:BB:CC:01","sensors":{"temperature":32.8,"humidity":39.6,"ph":5.9}}
[2026-05-22T01:21:35.776Z] Topic: aquaponic/device/data
[2026-05-22T01:21:35.776Z] Payload: {"mac_address":"ESP:32:AA:BB:CC:01","sensors":{"temperature":32.8,"humidity":39.6,"ph":5.9}}
[2026-05-22T01:21:35.777Z] temperature => 32.8
[2026-05-22T01:21:35.777Z] temperature => 32.8
[2026-05-22T01:21:35.791Z] temperature: 32.8 saved
[2026-05-22T01:21:35.794Z] temperature: 32.8 saved
[2026-05-22T01:21:35.800Z] Notification saved
[2026-05-22T01:21:35.800Z] humidity => 39.6
[2026-05-22T01:21:35.810Z] Notification saved
[2026-05-22T01:21:35.810Z] humidity => 39.6
[2026-05-22T01:21:35.820Z] humidity: 39.6 saved
[2026-05-22T01:21:35.827Z] humidity: 39.6 saved
[2026-05-22T01:21:35.851Z] Notification saved
[2026-05-22T01:21:35.851Z] Notification saved
[2026-05-22T01:21:35.851Z] ph => 5.9
[2026-05-22T01:21:35.851Z] ph => 5.9
[2026-05-22T01:21:35.867Z] ph: 5.9 saved
[2026-05-22T01:21:35.867Z] ph: 5.9 saved
[2026-05-22T01:21:45.801Z] Topic: aquaponic/device/data
[2026-05-22T01:21:45.801Z] Payload: {"mac_address":"ESP:32:AA:BB:CC:01","sensors":{"temperature":24.5,"humidity":48.2,"ph":7.8}}
[2026-05-22T01:21:45.802Z] Topic: aquaponic/device/data
[2026-05-22T01:21:45.802Z] Payload: {"mac_address":"ESP:32:AA:BB:CC:01","sensors":{"temperature":24.5,"humidity":48.2,"ph":7.8}}
[2026-05-22T01:21:45.803Z] temperature => 24.5
[2026-05-22T01:21:45.803Z] temperature => 24.5
[2026-05-22T01:21:45.819Z] temperature: 24.5 saved
[2026-05-22T01:21:45.819Z] humidity => 48.2
[2026-05-22T01:21:45.836Z] temperature: 24.5 saved
[2026-05-22T01:21:45.836Z] humidity => 48.2
[2026-05-22T01:21:45.839Z] humidity: 48.2 saved
[2026-05-22T01:21:45.839Z] ph => 7.8
[2026-05-22T01:21:45.845Z] humidity: 48.2 saved
[2026-05-22T01:21:45.845Z] ph => 7.8
[2026-05-22T01:21:45.852Z] ph: 7.8 saved
[2026-05-22T01:21:45.867Z] ph: 7.8 saved
[2026-05-22T01:21:45.870Z] Notification saved
[2026-05-22T01:21:45.884Z] Notification saved
[2026-05-22T01:21:55.788Z] Topic: aquaponic/device/data
[2026-05-22T01:21:55.788Z] Payload: {"mac_address":"ESP:32:AA:BB:CC:01","sensors":{"temperature":28.3,"humidity":48.8,"ph":6.9}}
[2026-05-22T01:21:55.789Z] Topic: aquaponic/device/data
[2026-05-22T01:21:55.789Z] Payload: {"mac_address":"ESP:32:AA:BB:CC:01","sensors":{"temperature":28.3,"humidity":48.8,"ph":6.9}}
[2026-05-22T01:21:55.790Z] temperature => 28.3
[2026-05-22T01:21:55.791Z] temperature => 28.3
[2026-05-22T01:21:55.804Z] temperature: 28.3 saved
[2026-05-22T01:21:55.805Z] humidity => 48.8
[2026-05-22T01:21:55.825Z] temperature: 28.3 saved
[2026-05-22T01:21:55.826Z] humidity => 48.8
[2026-05-22T01:21:55.836Z] humidity: 48.8 saved
[2026-05-22T01:21:55.836Z] ph => 6.9
[2026-05-22T01:21:55.845Z] humidity: 48.8 saved
[2026-05-22T01:21:55.845Z] ph => 6.9
[2026-05-22T01:21:55.861Z] ph: 6.9 saved
[2026-05-22T01:21:55.864Z] ph: 6.9 saved
[2026-05-22T01:22:05.799Z] Topic: aquaponic/device/data
[2026-05-22T01:22:05.799Z] Payload: {"mac_address":"ESP:32:AA:BB:CC:01","sensors":{"temperature":22.8,"humidity":69.4,"ph":6.1}}
[2026-05-22T01:22:05.800Z] Topic: aquaponic/device/data
[2026-05-22T01:22:05.800Z] Payload: {"mac_address":"ESP:32:AA:BB:CC:01","sensors":{"temperature":22.8,"humidity":69.4,"ph":6.1}}
[2026-05-22T01:22:05.801Z] temperature => 22.8
[2026-05-22T01:22:05.802Z] temperature => 22.8
[2026-05-22T01:22:05.810Z] temperature: 22.8 saved
[2026-05-22T01:22:05.810Z] humidity => 69.4
[2026-05-22T01:22:05.813Z] temperature: 22.8 saved
[2026-05-22T01:22:05.813Z] humidity => 69.4
[2026-05-22T01:22:05.821Z] humidity: 69.4 saved
[2026-05-22T01:22:05.822Z] ph => 6.1
[2026-05-22T01:22:05.843Z] humidity: 69.4 saved
[2026-05-22T01:22:05.844Z] ph => 6.1
[2026-05-22T01:22:05.847Z] ph: 6.1 saved
[2026-05-22T01:22:05.858Z] ph: 6.1 saved
[2026-05-22T01:22:15.822Z] Topic: aquaponic/device/data
[2026-05-22T01:22:15.822Z] Payload: {"mac_address":"ESP:32:AA:BB:CC:01","sensors":{"temperature":19.5,"humidity":46,"ph":5.6}}
[2026-05-22T01:22:15.822Z] Topic: aquaponic/device/data
[2026-05-22T01:22:15.823Z] Payload: {"mac_address":"ESP:32:AA:BB:CC:01","sensors":{"temperature":19.5,"humidity":46,"ph":5.6}}
[2026-05-22T01:22:15.824Z] temperature => 19.5
[2026-05-22T01:22:15.824Z] temperature => 19.5
[2026-05-22T01:22:15.835Z] temperature: 19.5 saved
[2026-05-22T01:22:15.835Z] humidity => 46
[2026-05-22T01:22:15.872Z] temperature: 19.5 saved
[2026-05-22T01:22:15.872Z] humidity => 46
[2026-05-22T01:22:15.883Z] humidity: 46 saved
[2026-05-22T01:22:15.883Z] ph => 5.6
[2026-05-22T01:22:15.903Z] humidity: 46 saved
[2026-05-22T01:22:15.904Z] ph => 5.6
[2026-05-22T01:22:15.929Z] ph: 5.6 saved
[2026-05-22T01:22:15.929Z] ph: 5.6 saved
[2026-05-22T01:22:25.960Z] Topic: aquaponic/device/data
[2026-05-22T01:22:25.960Z] Payload: {"mac_address":"ESP:32:AA:BB:CC:01","sensors":{"temperature":35.2,"humidity":85,"ph":7.5}}
[2026-05-22T01:22:25.961Z] Topic: aquaponic/device/data
[2026-05-22T01:22:25.961Z] Payload: {"mac_address":"ESP:32:AA:BB:CC:01","sensors":{"temperature":35.2,"humidity":85,"ph":7.5}}
[2026-05-22T01:22:25.962Z] temperature => 35.2
[2026-05-22T01:22:25.962Z] temperature => 35.2
[2026-05-22T01:22:25.971Z] temperature: 35.2 saved
[2026-05-22T01:22:25.974Z] temperature: 35.2 saved
[2026-05-22T01:22:25.981Z] Notification saved
[2026-05-22T01:22:25.981Z] humidity => 85
[2026-05-22T01:22:25.991Z] Notification saved
[2026-05-22T01:22:25.991Z] humidity => 85
[2026-05-22T01:22:26.010Z] humidity: 85 saved
[2026-05-22T01:22:26.010Z] humidity: 85 saved
[2026-05-22T01:22:26.010Z] ph => 7.5
[2026-05-22T01:22:26.010Z] ph => 7.5
[2026-05-22T01:22:26.021Z] ph: 7.5 saved
[2026-05-22T01:22:26.021Z] ph: 7.5 saved
[2026-05-22T01:22:36.149Z] Topic: aquaponic/device/data
[2026-05-22T01:22:36.149Z] Payload: {"mac_address":"ESP:32:AA:BB:CC:01","sensors":{"temperature":21.6,"humidity":52.6,"ph":6.6}}
[2026-05-22T01:22:36.149Z] Topic: aquaponic/device/data
[2026-05-22T01:22:36.149Z] Payload: {"mac_address":"ESP:32:AA:BB:CC:01","sensors":{"temperature":21.6,"humidity":52.6,"ph":6.6}}
[2026-05-22T01:22:36.151Z] temperature => 21.6
[2026-05-22T01:22:36.151Z] temperature => 21.6
[2026-05-22T01:22:36.164Z] temperature: 21.6 saved
[2026-05-22T01:22:36.164Z] temperature: 21.6 saved
[2026-05-22T01:22:36.164Z] humidity => 52.6
[2026-05-22T01:22:36.164Z] humidity => 52.6
[2026-05-22T01:22:36.173Z] humidity: 52.6 saved
[2026-05-22T01:22:36.173Z] ph => 6.6
[2026-05-22T01:22:36.176Z] humidity: 52.6 saved
[2026-05-22T01:22:36.176Z] ph => 6.6
[2026-05-22T01:22:36.185Z] ph: 6.6 saved
[2026-05-22T01:22:36.201Z] ph: 6.6 saved
[2026-05-22T01:22:45.862Z] Topic: aquaponic/device/data
[2026-05-22T01:22:45.862Z] Topic: aquaponic/device/data
[2026-05-22T01:22:45.862Z] Payload: {"mac_address":"ESP:32:AA:BB:CC:01","sensors":{"temperature":26.9,"humidity":81.5,"ph":6.7}}
[2026-05-22T01:22:45.862Z] Payload: {"mac_address":"ESP:32:AA:BB:CC:01","sensors":{"temperature":26.9,"humidity":81.5,"ph":6.7}}
[2026-05-22T01:22:45.864Z] temperature => 26.9
[2026-05-22T01:22:45.864Z] temperature => 26.9
[2026-05-22T01:22:45.872Z] temperature: 26.9 saved
[2026-05-22T01:22:45.873Z] humidity => 81.5
[2026-05-22T01:22:45.875Z] temperature: 26.9 saved
[2026-05-22T01:22:45.875Z] humidity => 81.5
[2026-05-22T01:22:45.886Z] humidity: 81.5 saved
[2026-05-22T01:22:45.886Z] ph => 6.7
[2026-05-22T01:22:45.899Z] humidity: 81.5 saved
[2026-05-22T01:22:45.899Z] ph => 6.7
[2026-05-22T01:22:45.902Z] ph: 6.7 saved
[2026-05-22T01:22:45.912Z] ph: 6.7 saved
[2026-05-22T01:22:55.861Z] Topic: aquaponic/device/data
[2026-05-22T01:22:55.861Z] Payload: {"mac_address":"ESP:32:AA:BB:CC:01","sensors":{"temperature":23.5,"humidity":61.4,"ph":7}}
[2026-05-22T01:22:55.861Z] Topic: aquaponic/device/data
[2026-05-22T01:22:55.862Z] Payload: {"mac_address":"ESP:32:AA:BB:CC:01","sensors":{"temperature":23.5,"humidity":61.4,"ph":7}}
[2026-05-22T01:22:55.863Z] temperature => 23.5
[2026-05-22T01:22:55.863Z] temperature => 23.5
[2026-05-22T01:22:55.871Z] temperature: 23.5 saved
[2026-05-22T01:22:55.872Z] humidity => 61.4
[2026-05-22T01:22:55.875Z] temperature: 23.5 saved
[2026-05-22T01:22:55.875Z] humidity => 61.4
[2026-05-22T01:22:55.885Z] humidity: 61.4 saved
[2026-05-22T01:22:55.885Z] ph => 7
[2026-05-22T01:22:55.902Z] humidity: 61.4 saved
[2026-05-22T01:22:55.902Z] ph => 7
[2026-05-22T01:22:55.905Z] ph: 7 saved
[2026-05-22T01:22:55.916Z] ph: 7 saved
[2026-05-22T01:23:05.877Z] Topic: aquaponic/device/data
[2026-05-22T01:23:05.877Z] Payload: {"mac_address":"ESP:32:AA:BB:CC:01","sensors":{"temperature":17.1,"humidity":70,"ph":7.5}}
[2026-05-22T01:23:05.877Z] Topic: aquaponic/device/data
[2026-05-22T01:23:05.877Z] Payload: {"mac_address":"ESP:32:AA:BB:CC:01","sensors":{"temperature":17.1,"humidity":70,"ph":7.5}}
[2026-05-22T01:23:05.879Z] temperature => 17.1
[2026-05-22T01:23:05.879Z] temperature => 17.1
[2026-05-22T01:23:05.890Z] temperature: 17.1 saved
[2026-05-22T01:23:05.903Z] temperature: 17.1 saved
[2026-05-22T01:23:05.906Z] Notification saved
[2026-05-22T01:23:05.906Z] humidity => 70
[2026-05-22T01:23:05.919Z] Notification saved
[2026-05-22T01:23:05.919Z] humidity => 70
[2026-05-22T01:23:05.927Z] humidity: 70 saved
[2026-05-22T01:23:05.927Z] ph => 7.5
[2026-05-22T01:23:05.941Z] humidity: 70 saved
[2026-05-22T01:23:05.942Z] ph => 7.5
[2026-05-22T01:23:05.948Z] ph: 7.5 saved
[2026-05-22T01:23:05.973Z] ph: 7.5 saved
[2026-05-22T01:23:15.937Z] Topic: aquaponic/device/data
[2026-05-22T01:23:15.937Z] Topic: aquaponic/device/data
[2026-05-22T01:23:15.937Z] Payload: {"mac_address":"ESP:32:AA:BB:CC:01","sensors":{"temperature":22.3,"humidity":45.6,"ph":4.4}}
[2026-05-22T01:23:15.937Z] Payload: {"mac_address":"ESP:32:AA:BB:CC:01","sensors":{"temperature":22.3,"humidity":45.6,"ph":4.4}}
[2026-05-22T01:23:15.939Z] temperature => 22.3
[2026-05-22T01:23:15.939Z] temperature => 22.3
[2026-05-22T01:23:15.967Z] temperature: 22.3 saved
[2026-05-22T01:23:15.967Z] temperature: 22.3 saved
[2026-05-22T01:23:15.967Z] humidity => 45.6
[2026-05-22T01:23:15.967Z] humidity => 45.6
[2026-05-22T01:23:15.984Z] humidity: 45.6 saved
[2026-05-22T01:23:15.984Z] ph => 4.4
[2026-05-22T01:23:15.987Z] humidity: 45.6 saved
[2026-05-22T01:23:15.988Z] ph => 4.4
[2026-05-22T01:23:16.006Z] ph: 4.4 saved
[2026-05-22T01:23:16.020Z] ph: 4.4 saved
[2026-05-22T01:23:16.047Z] Notification saved
[2026-05-22T01:23:16.047Z] Notification saved
[2026-05-22T01:23:25.896Z] Topic: aquaponic/device/data
[2026-05-22T01:23:25.896Z] Payload: {"mac_address":"ESP:32:AA:BB:CC:01","sensors":{"temperature":20.7,"humidity":42.6,"ph":6}}
[2026-05-22T01:23:25.897Z] Topic: aquaponic/device/data
[2026-05-22T01:23:25.897Z] Payload: {"mac_address":"ESP:32:AA:BB:CC:01","sensors":{"temperature":20.7,"humidity":42.6,"ph":6}}
[2026-05-22T01:23:25.898Z] temperature => 20.7
[2026-05-22T01:23:25.898Z] temperature => 20.7
[2026-05-22T01:23:25.922Z] temperature: 20.7 saved
[2026-05-22T01:23:25.922Z] temperature: 20.7 saved
[2026-05-22T01:23:25.922Z] humidity => 42.6
[2026-05-22T01:23:25.922Z] humidity => 42.6
[2026-05-22T01:23:25.940Z] humidity: 42.6 saved
[2026-05-22T01:23:25.940Z] humidity: 42.6 saved
[2026-05-22T01:23:25.940Z] ph => 6
[2026-05-22T01:23:25.940Z] ph => 6
[2026-05-22T01:23:25.953Z] ph: 6 saved
[2026-05-22T01:23:25.953Z] ph: 6 saved
[2026-05-22T01:23:35.909Z] Topic: aquaponic/device/data
[2026-05-22T01:23:35.909Z] Payload: {"mac_address":"ESP:32:AA:BB:CC:01","sensors":{"temperature":15.5,"humidity":59.6,"ph":8.7}}
[2026-05-22T01:23:35.910Z] Topic: aquaponic/device/data
[2026-05-22T01:23:35.910Z] Payload: {"mac_address":"ESP:32:AA:BB:CC:01","sensors":{"temperature":15.5,"humidity":59.6,"ph":8.7}}
[2026-05-22T01:23:35.911Z] temperature => 15.5
[2026-05-22T01:23:35.911Z] temperature => 15.5
[2026-05-22T01:23:35.926Z] temperature: 15.5 saved
[2026-05-22T01:23:35.936Z] temperature: 15.5 saved
[2026-05-22T01:23:35.940Z] Notification saved
[2026-05-22T01:23:35.940Z] humidity => 59.6
[2026-05-22T01:23:35.953Z] Notification saved
[2026-05-22T01:23:35.953Z] humidity => 59.6
[2026-05-22T01:23:35.965Z] humidity: 59.6 saved
[2026-05-22T01:23:35.966Z] ph => 8.7
[2026-05-22T01:23:35.971Z] humidity: 59.6 saved
[2026-05-22T01:23:35.971Z] ph => 8.7
[2026-05-22T01:23:35.977Z] ph: 8.7 saved
[2026-05-22T01:23:35.991Z] ph: 8.7 saved
[2026-05-22T01:23:35.994Z] Notification saved
[2026-05-22T01:23:36.003Z] Notification saved
[2026-05-22T01:23:45.938Z] Topic: aquaponic/device/data
[2026-05-22T01:23:45.938Z] Payload: {"mac_address":"ESP:32:AA:BB:CC:01","sensors":{"temperature":16.7,"humidity":72.7,"ph":4.8}}
[2026-05-22T01:23:45.938Z] Topic: aquaponic/device/data
[2026-05-22T01:23:45.938Z] Payload: {"mac_address":"ESP:32:AA:BB:CC:01","sensors":{"temperature":16.7,"humidity":72.7,"ph":4.8}}
[2026-05-22T01:23:45.939Z] temperature => 16.7
[2026-05-22T01:23:45.939Z] temperature => 16.7
[2026-05-22T01:23:45.952Z] temperature: 16.7 saved
[2026-05-22T01:23:45.955Z] temperature: 16.7 saved
[2026-05-22T01:23:45.967Z] Notification saved
[2026-05-22T01:23:45.967Z] humidity => 72.7
[2026-05-22T01:23:45.981Z] Notification saved
[2026-05-22T01:23:45.981Z] humidity => 72.7
[2026-05-22T01:23:45.984Z] humidity: 72.7 saved
[2026-05-22T01:23:45.984Z] ph => 4.8
[2026-05-22T01:23:45.990Z] humidity: 72.7 saved
[2026-05-22T01:23:45.990Z] ph => 4.8
[2026-05-22T01:23:45.998Z] ph: 4.8 saved
[2026-05-22T01:23:46.014Z] ph: 4.8 saved
[2026-05-22T01:23:46.017Z] Notification saved
[2026-05-22T01:23:46.029Z] Notification saved
[2026-05-22T01:23:55.936Z] Topic: aquaponic/device/data
[2026-05-22T01:23:55.936Z] Payload: {"mac_address":"ESP:32:AA:BB:CC:01","sensors":{"temperature":25,"humidity":73.4,"ph":6.3}}
[2026-05-22T01:23:55.937Z] Topic: aquaponic/device/data
[2026-05-22T01:23:55.937Z] Payload: {"mac_address":"ESP:32:AA:BB:CC:01","sensors":{"temperature":25,"humidity":73.4,"ph":6.3}}
[2026-05-22T01:23:55.938Z] temperature => 25
[2026-05-22T01:23:55.938Z] temperature => 25
[2026-05-22T01:23:55.950Z] temperature: 25 saved
[2026-05-22T01:23:55.950Z] temperature: 25 saved
[2026-05-22T01:23:55.950Z] humidity => 73.4
[2026-05-22T01:23:55.950Z] humidity => 73.4
[2026-05-22T01:23:55.976Z] humidity: 73.4 saved
[2026-05-22T01:23:55.977Z] ph => 6.3
[2026-05-22T01:23:55.979Z] humidity: 73.4 saved
[2026-05-22T01:23:55.980Z] ph => 6.3
[2026-05-22T01:23:55.987Z] ph: 6.3 saved
[2026-05-22T01:23:55.997Z] ph: 6.3 saved
[2026-05-22T01:24:05.949Z] Topic: aquaponic/device/data
[2026-05-22T01:24:05.949Z] Payload: {"mac_address":"ESP:32:AA:BB:CC:01","sensors":{"temperature":16.6,"humidity":66.7,"ph":4}}
[2026-05-22T01:24:05.950Z] Topic: aquaponic/device/data
[2026-05-22T01:24:05.950Z] Payload: {"mac_address":"ESP:32:AA:BB:CC:01","sensors":{"temperature":16.6,"humidity":66.7,"ph":4}}
[2026-05-22T01:24:05.951Z] temperature => 16.6
[2026-05-22T01:24:05.951Z] temperature => 16.6
[2026-05-22T01:24:05.965Z] temperature: 16.6 saved
[2026-05-22T01:24:05.984Z] temperature: 16.6 saved
[2026-05-22T01:24:05.990Z] Notification saved
[2026-05-22T01:24:05.990Z] humidity => 66.7
[2026-05-22T01:24:06.001Z] Notification saved
[2026-05-22T01:24:06.001Z] humidity => 66.7
[2026-05-22T01:24:06.016Z] humidity: 66.7 saved
[2026-05-22T01:24:06.016Z] ph => 4
[2026-05-22T01:24:06.019Z] humidity: 66.7 saved
[2026-05-22T01:24:06.019Z] ph => 4
[2026-05-22T01:24:06.029Z] ph: 4 saved
[2026-05-22T01:24:06.044Z] Notification saved
[2026-05-22T01:24:06.044Z] ph: 4 saved
[2026-05-22T01:24:06.054Z] Notification saved
[2026-05-22T01:24:16.180Z] Topic: aquaponic/device/data
[2026-05-22T01:24:16.181Z] Payload: {"mac_address":"ESP:32:AA:BB:CC:01","sensors":{"temperature":26.7,"humidity":52.3,"ph":5.7}}
[2026-05-22T01:24:16.182Z] temperature => 26.7
[2026-05-22T01:24:16.186Z] Topic: aquaponic/device/data
[2026-05-22T01:24:16.186Z] Payload: {"mac_address":"ESP:32:AA:BB:CC:01","sensors":{"temperature":26.7,"humidity":52.3,"ph":5.7}}
[2026-05-22T01:24:16.187Z] temperature => 26.7
[2026-05-22T01:24:16.225Z] temperature: 26.7 saved
[2026-05-22T01:24:16.225Z] temperature: 26.7 saved
[2026-05-22T01:24:16.225Z] humidity => 52.3
[2026-05-22T01:24:16.225Z] humidity => 52.3
[2026-05-22T01:24:16.242Z] humidity: 52.3 saved
[2026-05-22T01:24:16.242Z] humidity: 52.3 saved
[2026-05-22T01:24:16.242Z] ph => 5.7
[2026-05-22T01:24:16.242Z] ph => 5.7
[2026-05-22T01:24:16.250Z] ph: 5.7 saved
[2026-05-22T01:24:16.265Z] ph: 5.7 saved
[2026-05-22T01:24:25.977Z] Topic: aquaponic/device/data
[2026-05-22T01:24:25.978Z] Payload: {"mac_address":"ESP:32:AA:BB:CC:01","sensors":{"temperature":23.4,"humidity":57.4,"ph":5.4}}
[2026-05-22T01:24:25.978Z] Topic: aquaponic/device/data
[2026-05-22T01:24:25.978Z] Payload: {"mac_address":"ESP:32:AA:BB:CC:01","sensors":{"temperature":23.4,"humidity":57.4,"ph":5.4}}
[2026-05-22T01:24:25.979Z] temperature => 23.4
[2026-05-22T01:24:25.980Z] temperature => 23.4
[2026-05-22T01:24:25.986Z] temperature: 23.4 saved
[2026-05-22T01:24:25.986Z] humidity => 57.4
[2026-05-22T01:24:25.995Z] temperature: 23.4 saved
[2026-05-22T01:24:25.995Z] humidity => 57.4
[2026-05-22T01:24:26.025Z] humidity: 57.4 saved
[2026-05-22T01:24:26.025Z] ph => 5.4
[2026-05-22T01:24:26.030Z] humidity: 57.4 saved
[2026-05-22T01:24:26.030Z] ph => 5.4
[2026-05-22T01:24:26.037Z] ph: 5.4 saved
[2026-05-22T01:24:26.045Z] ph: 5.4 saved
[2026-05-22T01:24:26.052Z] Notification saved
[2026-05-22T01:24:26.061Z] Notification saved
[2026-05-22T01:24:35.982Z] Topic: aquaponic/device/data
[2026-05-22T01:24:35.983Z] Payload: {"mac_address":"ESP:32:AA:BB:CC:01","sensors":{"temperature":29.8,"humidity":57.9,"ph":7.2}}
[2026-05-22T01:24:35.983Z] Topic: aquaponic/device/data
[2026-05-22T01:24:35.983Z] Payload: {"mac_address":"ESP:32:AA:BB:CC:01","sensors":{"temperature":29.8,"humidity":57.9,"ph":7.2}}
[2026-05-22T01:24:35.984Z] temperature => 29.8
[2026-05-22T01:24:35.985Z] temperature => 29.8
[2026-05-22T01:24:36.000Z] temperature: 29.8 saved
[2026-05-22T01:24:36.001Z] humidity => 57.9
[2026-05-22T01:24:36.014Z] temperature: 29.8 saved
[2026-05-22T01:24:36.014Z] humidity => 57.9
[2026-05-22T01:24:36.022Z] humidity: 57.9 saved
[2026-05-22T01:24:36.022Z] ph => 7.2
[2026-05-22T01:24:36.053Z] ph: 7.2 saved
[2026-05-22T01:24:36.053Z] humidity: 57.9 saved
[2026-05-22T01:24:36.053Z] ph => 7.2
[2026-05-22T01:24:36.079Z] ph: 7.2 saved
[2026-05-22T01:24:45.992Z] Topic: aquaponic/device/data
[2026-05-22T01:24:45.993Z] Payload: {"mac_address":"ESP:32:AA:BB:CC:01","sensors":{"temperature":25,"humidity":36.7,"ph":6.3}}
[2026-05-22T01:24:45.994Z] Topic: aquaponic/device/data
[2026-05-22T01:24:45.994Z] Payload: {"mac_address":"ESP:32:AA:BB:CC:01","sensors":{"temperature":25,"humidity":36.7,"ph":6.3}}
[2026-05-22T01:24:45.994Z] temperature => 25
[2026-05-22T01:24:45.996Z] temperature => 25
[2026-05-22T01:24:46.020Z] temperature: 25 saved
[2026-05-22T01:24:46.020Z] temperature: 25 saved
[2026-05-22T01:24:46.021Z] humidity => 36.7
[2026-05-22T01:24:46.021Z] humidity => 36.7
[2026-05-22T01:24:46.040Z] humidity: 36.7 saved
[2026-05-22T01:24:46.058Z] humidity: 36.7 saved
[2026-05-22T01:24:46.090Z] Notification saved
[2026-05-22T01:24:46.090Z] ph => 6.3
[2026-05-22T01:24:46.107Z] Notification saved
[2026-05-22T01:24:46.107Z] ph => 6.3
[2026-05-22T01:24:46.120Z] ph: 6.3 saved
[2026-05-22T01:24:46.145Z] ph: 6.3 saved
[2026-05-22T01:24:56.010Z] Topic: aquaponic/device/data
[2026-05-22T01:24:56.010Z] Topic: aquaponic/device/data
[2026-05-22T01:24:56.010Z] Payload: {"mac_address":"ESP:32:AA:BB:CC:01","sensors":{"temperature":35.9,"humidity":83.6,"ph":8.4}}
[2026-05-22T01:24:56.010Z] Payload: {"mac_address":"ESP:32:AA:BB:CC:01","sensors":{"temperature":35.9,"humidity":83.6,"ph":8.4}}
[2026-05-22T01:24:56.012Z] temperature => 35.9
[2026-05-22T01:24:56.012Z] temperature => 35.9
[2026-05-22T01:24:56.028Z] temperature: 35.9 saved
[2026-05-22T01:24:56.028Z] temperature: 35.9 saved
[2026-05-22T01:24:56.035Z] Notification saved
[2026-05-22T01:24:56.035Z] humidity => 83.6
[2026-05-22T01:24:56.038Z] Notification saved
[2026-05-22T01:24:56.038Z] humidity => 83.6
[2026-05-22T01:24:56.049Z] humidity: 83.6 saved
[2026-05-22T01:24:56.049Z] ph => 8.4
[2026-05-22T01:24:56.057Z] humidity: 83.6 saved
[2026-05-22T01:24:56.057Z] ph => 8.4
[2026-05-22T01:24:56.072Z] ph: 8.4 saved
[2026-05-22T01:24:56.078Z] ph: 8.4 saved
[2026-05-22T01:24:56.089Z] Notification saved
[2026-05-22T01:24:56.105Z] Notification saved
[2026-05-22T01:25:06.018Z] Topic: aquaponic/device/data
[2026-05-22T01:25:06.018Z] Payload: {"mac_address":"ESP:32:AA:BB:CC:01","sensors":{"temperature":27.4,"humidity":46.1,"ph":7.3}}
[2026-05-22T01:25:06.019Z] Topic: aquaponic/device/data
[2026-05-22T01:25:06.019Z] Payload: {"mac_address":"ESP:32:AA:BB:CC:01","sensors":{"temperature":27.4,"humidity":46.1,"ph":7.3}}
[2026-05-22T01:25:06.020Z] temperature => 27.4
[2026-05-22T01:25:06.020Z] temperature => 27.4
[2026-05-22T01:25:06.029Z] temperature: 27.4 saved
[2026-05-22T01:25:06.030Z] humidity => 46.1
[2026-05-22T01:25:06.040Z] temperature: 27.4 saved
[2026-05-22T01:25:06.040Z] humidity => 46.1
[2026-05-22T01:25:06.061Z] humidity: 46.1 saved
[2026-05-22T01:25:06.061Z] humidity: 46.1 saved
[2026-05-22T01:25:06.061Z] ph => 7.3
[2026-05-22T01:25:06.061Z] ph => 7.3
[2026-05-22T01:25:06.069Z] ph: 7.3 saved
[2026-05-22T01:25:06.069Z] ph: 7.3 saved
[2026-05-22T01:25:16.034Z] Topic: aquaponic/device/data
[2026-05-22T01:25:16.035Z] Payload: {"mac_address":"ESP:32:AA:BB:CC:01","sensors":{"temperature":17.2,"humidity":75.2,"ph":7}}
[2026-05-22T01:25:16.035Z] Topic: aquaponic/device/data
[2026-05-22T01:25:16.035Z] Payload: {"mac_address":"ESP:32:AA:BB:CC:01","sensors":{"temperature":17.2,"humidity":75.2,"ph":7}}
[2026-05-22T01:25:16.036Z] temperature => 17.2
[2026-05-22T01:25:16.036Z] temperature => 17.2
[2026-05-22T01:25:16.045Z] temperature: 17.2 saved
[2026-05-22T01:25:16.049Z] temperature: 17.2 saved
[2026-05-22T01:25:16.059Z] Notification saved
[2026-05-22T01:25:16.059Z] humidity => 75.2
[2026-05-22T01:25:16.070Z] Notification saved
[2026-05-22T01:25:16.070Z] humidity => 75.2
[2026-05-22T01:25:16.074Z] humidity: 75.2 saved
[2026-05-22T01:25:16.074Z] ph => 7
[2026-05-22T01:25:16.080Z] humidity: 75.2 saved
[2026-05-22T01:25:16.080Z] ph => 7
[2026-05-22T01:25:16.086Z] ph: 7 saved
[2026-05-22T01:25:16.093Z] ph: 7 saved
[2026-05-22T01:25:26.040Z] Topic: aquaponic/device/data
[2026-05-22T01:25:26.040Z] Payload: {"mac_address":"ESP:32:AA:BB:CC:01","sensors":{"temperature":19.6,"humidity":33.9,"ph":8.7}}
[2026-05-22T01:25:26.041Z] Topic: aquaponic/device/data
[2026-05-22T01:25:26.041Z] Payload: {"mac_address":"ESP:32:AA:BB:CC:01","sensors":{"temperature":19.6,"humidity":33.9,"ph":8.7}}
[2026-05-22T01:25:26.042Z] temperature => 19.6
[2026-05-22T01:25:26.042Z] temperature => 19.6
[2026-05-22T01:25:26.052Z] temperature: 19.6 saved
[2026-05-22T01:25:26.052Z] humidity => 33.9
[2026-05-22T01:25:26.077Z] temperature: 19.6 saved
[2026-05-22T01:25:26.077Z] humidity: 33.9 saved
[2026-05-22T01:25:26.077Z] humidity => 33.9
[2026-05-22T01:25:26.092Z] humidity: 33.9 saved
[2026-05-22T01:25:26.092Z] Notification saved
[2026-05-22T01:25:26.092Z] ph => 8.7
[2026-05-22T01:25:26.101Z] Notification saved
[2026-05-22T01:25:26.101Z] ph => 8.7
[2026-05-22T01:25:26.104Z] ph: 8.7 saved
[2026-05-22T01:25:26.116Z] ph: 8.7 saved
[2026-05-22T01:25:26.124Z] Notification saved
[2026-05-22T01:25:26.130Z] Notification saved
[2026-05-22T01:25:36.060Z] Topic: aquaponic/device/data
[2026-05-22T01:25:36.060Z] Payload: {"mac_address":"ESP:32:AA:BB:CC:01","sensors":{"temperature":20.7,"humidity":81.2,"ph":6}}
[2026-05-22T01:25:36.061Z] Topic: aquaponic/device/data
[2026-05-22T01:25:36.061Z] Payload: {"mac_address":"ESP:32:AA:BB:CC:01","sensors":{"temperature":20.7,"humidity":81.2,"ph":6}}
[2026-05-22T01:25:36.061Z] temperature => 20.7
[2026-05-22T01:25:36.063Z] temperature => 20.7
[2026-05-22T01:25:36.073Z] temperature: 20.7 saved
[2026-05-22T01:25:36.073Z] humidity => 81.2
[2026-05-22T01:25:36.076Z] temperature: 20.7 saved
[2026-05-22T01:25:36.076Z] humidity => 81.2
[2026-05-22T01:25:36.089Z] humidity: 81.2 saved
[2026-05-22T01:25:36.089Z] ph => 6
[2026-05-22T01:25:36.096Z] humidity: 81.2 saved
[2026-05-22T01:25:36.096Z] ph => 6
[2026-05-22T01:25:36.108Z] ph: 6 saved
[2026-05-22T01:25:36.117Z] ph: 6 saved
[2026-05-22T01:25:46.065Z] Topic: aquaponic/device/data
[2026-05-22T01:25:46.066Z] Payload: {"mac_address":"ESP:32:AA:BB:CC:01","sensors":{"temperature":18,"humidity":33.1,"ph":6.8}}
[2026-05-22T01:25:46.067Z] Topic: aquaponic/device/data
[2026-05-22T01:25:46.067Z] Payload: {"mac_address":"ESP:32:AA:BB:CC:01","sensors":{"temperature":18,"humidity":33.1,"ph":6.8}}
[2026-05-22T01:25:46.067Z] temperature => 18
[2026-05-22T01:25:46.068Z] temperature => 18
[2026-05-22T01:25:46.078Z] temperature: 18 saved
[2026-05-22T01:25:46.078Z] humidity => 33.1
[2026-05-22T01:25:46.094Z] temperature: 18 saved
[2026-05-22T01:25:46.094Z] humidity => 33.1
[2026-05-22T01:25:46.097Z] humidity: 33.1 saved
[2026-05-22T01:25:46.104Z] humidity: 33.1 saved
[2026-05-22T01:25:46.112Z] Notification saved
[2026-05-22T01:25:46.112Z] ph => 6.8
[2026-05-22T01:25:46.134Z] Notification saved
[2026-05-22T01:25:46.134Z] ph => 6.8
[2026-05-22T01:25:46.140Z] ph: 6.8 saved
[2026-05-22T01:25:46.149Z] ph: 6.8 saved
[2026-05-22T01:25:56.079Z] Topic: aquaponic/device/data
[2026-05-22T01:25:56.079Z] Payload: {"mac_address":"ESP:32:AA:BB:CC:01","sensors":{"temperature":32,"humidity":30.5,"ph":6.2}}
[2026-05-22T01:25:56.079Z] Topic: aquaponic/device/data
[2026-05-22T01:25:56.079Z] Payload: {"mac_address":"ESP:32:AA:BB:CC:01","sensors":{"temperature":32,"humidity":30.5,"ph":6.2}}
[2026-05-22T01:25:56.081Z] temperature => 32
[2026-05-22T01:25:56.081Z] temperature => 32
[2026-05-22T01:25:56.092Z] temperature: 32 saved
[2026-05-22T01:25:56.092Z] humidity => 30.5
[2026-05-22T01:25:56.095Z] temperature: 32 saved
[2026-05-22T01:25:56.095Z] humidity => 30.5
[2026-05-22T01:25:56.108Z] humidity: 30.5 saved
[2026-05-22T01:25:56.125Z] humidity: 30.5 saved
[2026-05-22T01:25:56.125Z] Notification saved
[2026-05-22T01:25:56.125Z] ph => 6.2
[2026-05-22T01:25:56.139Z] Notification saved
[2026-05-22T01:25:56.139Z] ph: 6.2 saved
[2026-05-22T01:25:56.139Z] ph => 6.2
[2026-05-22T01:25:56.146Z] ph: 6.2 saved
[2026-05-22T01:26:06.090Z] Topic: aquaponic/device/data
[2026-05-22T01:26:06.090Z] Topic: aquaponic/device/data
[2026-05-22T01:26:06.090Z] Payload: {"mac_address":"ESP:32:AA:BB:CC:01","sensors":{"temperature":24.6,"humidity":78.4,"ph":7.9}}
[2026-05-22T01:26:06.090Z] Payload: {"mac_address":"ESP:32:AA:BB:CC:01","sensors":{"temperature":24.6,"humidity":78.4,"ph":7.9}}
[2026-05-22T01:26:06.091Z] temperature => 24.6
[2026-05-22T01:26:06.092Z] temperature => 24.6
[2026-05-22T01:26:06.105Z] temperature: 24.6 saved
[2026-05-22T01:26:06.105Z] temperature: 24.6 saved
[2026-05-22T01:26:06.106Z] humidity => 78.4
[2026-05-22T01:26:06.106Z] humidity => 78.4
[2026-05-22T01:26:06.122Z] humidity: 78.4 saved
[2026-05-22T01:26:06.122Z] humidity: 78.4 saved
[2026-05-22T01:26:06.122Z] ph => 7.9
[2026-05-22T01:26:06.122Z] ph => 7.9
[2026-05-22T01:26:06.132Z] ph: 7.9 saved
[2026-05-22T01:26:06.132Z] ph: 7.9 saved
[2026-05-22T01:26:06.145Z] Notification saved
[2026-05-22T01:26:06.145Z] Notification saved
[2026-05-22T01:26:16.103Z] Topic: aquaponic/device/data
[2026-05-22T01:26:16.103Z] Payload: {"mac_address":"ESP:32:AA:BB:CC:01","sensors":{"temperature":29.4,"humidity":68.7,"ph":5.4}}
[2026-05-22T01:26:16.104Z] Topic: aquaponic/device/data
[2026-05-22T01:26:16.104Z] Payload: {"mac_address":"ESP:32:AA:BB:CC:01","sensors":{"temperature":29.4,"humidity":68.7,"ph":5.4}}
[2026-05-22T01:26:16.105Z] temperature => 29.4
[2026-05-22T01:26:16.106Z] temperature => 29.4
[2026-05-22T01:26:16.121Z] temperature: 29.4 saved
[2026-05-22T01:26:16.121Z] humidity => 68.7
[2026-05-22T01:26:16.124Z] temperature: 29.4 saved
[2026-05-22T01:26:16.124Z] humidity => 68.7
[2026-05-22T01:26:16.131Z] humidity: 68.7 saved
[2026-05-22T01:26:16.131Z] ph => 5.4
[2026-05-22T01:26:16.140Z] humidity: 68.7 saved
[2026-05-22T01:26:16.140Z] ph => 5.4
[2026-05-22T01:26:16.160Z] ph: 5.4 saved
[2026-05-22T01:26:16.160Z] ph: 5.4 saved
[2026-05-22T01:26:16.172Z] Notification saved
[2026-05-22T01:26:16.179Z] Notification saved
[2026-05-22T01:26:37.665Z] Topic: aquaponic/device/data
[2026-05-22T01:26:37.666Z] Payload: {"mac_address":"ESP:32:AA:BB:CC:01","sensors":{"temperature":34,"humidity":72.2,"ph":4.9}}
[2026-05-22T01:26:37.667Z] temperature => 34
[2026-05-22T01:26:37.667Z] Topic: aquaponic/device/data
[2026-05-22T01:26:37.668Z] Payload: {"mac_address":"ESP:32:AA:BB:CC:01","sensors":{"temperature":34,"humidity":72.2,"ph":4.9}}
[2026-05-22T01:26:37.669Z] temperature => 34
[2026-05-22T01:26:37.687Z] temperature: 34 saved
[2026-05-22T01:26:37.696Z] temperature: 34 saved
[2026-05-22T01:26:37.713Z] Notification saved
[2026-05-22T01:26:37.713Z] humidity => 72.2
[2026-05-22T01:26:37.728Z] Notification saved
[2026-05-22T01:26:37.728Z] humidity => 72.2
[2026-05-22T01:26:37.735Z] humidity: 72.2 saved
[2026-05-22T01:26:37.735Z] ph => 4.9
[2026-05-22T01:26:37.746Z] humidity: 72.2 saved
[2026-05-22T01:26:37.746Z] ph => 4.9
[2026-05-22T01:26:37.767Z] ph: 4.9 saved
[2026-05-22T01:26:37.767Z] ph: 4.9 saved
[2026-05-22T01:26:37.777Z] Notification saved
[2026-05-22T01:26:37.791Z] Notification saved
[2026-05-22T01:26:47.675Z] Topic: aquaponic/device/data
[2026-05-22T01:26:47.676Z] Payload: {"mac_address":"ESP:32:AA:BB:CC:01","sensors":{"temperature":17.2,"humidity":53.1,"ph":4.3}}
[2026-05-22T01:26:47.677Z] Topic: aquaponic/device/data
[2026-05-22T01:26:47.677Z] Payload: {"mac_address":"ESP:32:AA:BB:CC:01","sensors":{"temperature":17.2,"humidity":53.1,"ph":4.3}}
[2026-05-22T01:26:47.677Z] temperature => 17.2
[2026-05-22T01:26:47.678Z] temperature => 17.2
[2026-05-22T01:26:47.693Z] temperature: 17.2 saved
[2026-05-22T01:26:47.696Z] temperature: 17.2 saved
[2026-05-22T01:26:47.705Z] Notification saved
[2026-05-22T01:26:47.706Z] humidity => 53.1
[2026-05-22T01:26:47.712Z] Notification saved
[2026-05-22T01:26:47.713Z] humidity => 53.1
[2026-05-22T01:26:47.732Z] humidity: 53.1 saved
[2026-05-22T01:26:47.732Z] ph => 4.3
[2026-05-22T01:26:47.734Z] humidity: 53.1 saved
[2026-05-22T01:26:47.735Z] ph => 4.3
[2026-05-22T01:26:47.746Z] ph: 4.3 saved
[2026-05-22T01:26:47.752Z] ph: 4.3 saved
[2026-05-22T01:26:47.761Z] Notification saved
[2026-05-22T01:26:47.770Z] Notification saved
[2026-05-22T01:26:57.690Z] Topic: aquaponic/device/data
[2026-05-22T01:26:57.690Z] Payload: {"mac_address":"ESP:32:AA:BB:CC:01","sensors":{"temperature":17,"humidity":91.8,"ph":7.4}}
[2026-05-22T01:26:57.691Z] Topic: aquaponic/device/data
[2026-05-22T01:26:57.691Z] Payload: {"mac_address":"ESP:32:AA:BB:CC:01","sensors":{"temperature":17,"humidity":91.8,"ph":7.4}}
[2026-05-22T01:26:57.692Z] temperature => 17
[2026-05-22T01:26:57.692Z] temperature => 17
[2026-05-22T01:26:57.705Z] temperature: 17 saved
[2026-05-22T01:26:57.712Z] temperature: 17 saved
[2026-05-22T01:26:57.720Z] Notification saved
[2026-05-22T01:26:57.721Z] humidity => 91.8
[2026-05-22T01:26:57.727Z] Notification saved
[2026-05-22T01:26:57.727Z] humidity => 91.8
[2026-05-22T01:26:57.741Z] humidity: 91.8 saved
[2026-05-22T01:26:57.744Z] humidity: 91.8 saved
[2026-05-22T01:26:57.750Z] Notification saved
[2026-05-22T01:26:57.751Z] ph => 7.4
[2026-05-22T01:26:57.760Z] Notification saved
[2026-05-22T01:26:57.760Z] ph => 7.4
[2026-05-22T01:26:57.784Z] ph: 7.4 saved
[2026-05-22T01:26:57.784Z] ph: 7.4 saved
[2026-05-22T01:27:07.706Z] Topic: aquaponic/device/data
[2026-05-22T01:27:07.706Z] Payload: {"mac_address":"ESP:32:AA:BB:CC:01","sensors":{"temperature":23.3,"humidity":58.1,"ph":4.6}}
[2026-05-22T01:27:07.707Z] Topic: aquaponic/device/data
[2026-05-22T01:27:07.707Z] Payload: {"mac_address":"ESP:32:AA:BB:CC:01","sensors":{"temperature":23.3,"humidity":58.1,"ph":4.6}}
[2026-05-22T01:27:07.708Z] temperature => 23.3
[2026-05-22T01:27:07.708Z] temperature => 23.3
[2026-05-22T01:27:07.731Z] temperature: 23.3 saved
[2026-05-22T01:27:07.731Z] temperature: 23.3 saved
[2026-05-22T01:27:07.731Z] humidity => 58.1
[2026-05-22T01:27:07.731Z] humidity => 58.1
[2026-05-22T01:27:07.747Z] humidity: 58.1 saved
[2026-05-22T01:27:07.747Z] humidity: 58.1 saved
[2026-05-22T01:27:07.748Z] ph => 4.6
[2026-05-22T01:27:07.748Z] ph => 4.6
[2026-05-22T01:27:07.755Z] ph: 4.6 saved
[2026-05-22T01:27:07.755Z] ph: 4.6 saved
[2026-05-22T01:27:07.779Z] Notification saved
[2026-05-22T01:27:07.787Z] Notification saved
[2026-05-22T01:27:17.713Z] Topic: aquaponic/device/data
[2026-05-22T01:27:17.713Z] Payload: {"mac_address":"ESP:32:AA:BB:CC:01","sensors":{"temperature":30.8,"humidity":32.2,"ph":7.1}}
[2026-05-22T01:27:17.713Z] Topic: aquaponic/device/data
[2026-05-22T01:27:17.713Z] Payload: {"mac_address":"ESP:32:AA:BB:CC:01","sensors":{"temperature":30.8,"humidity":32.2,"ph":7.1}}
[2026-05-22T01:27:17.714Z] temperature => 30.8
[2026-05-22T01:27:17.715Z] temperature => 30.8
[2026-05-22T01:27:17.737Z] temperature: 30.8 saved
[2026-05-22T01:27:17.737Z] humidity => 32.2
[2026-05-22T01:27:17.737Z] temperature: 30.8 saved
[2026-05-22T01:27:17.737Z] humidity => 32.2
[2026-05-22T01:27:17.745Z] humidity: 32.2 saved
[2026-05-22T01:27:17.749Z] humidity: 32.2 saved
[2026-05-22T01:27:17.756Z] Notification saved
[2026-05-22T01:27:17.756Z] ph => 7.1
[2026-05-22T01:27:17.765Z] Notification saved
[2026-05-22T01:27:17.765Z] ph => 7.1
[2026-05-22T01:27:17.780Z] ph: 7.1 saved
[2026-05-22T01:27:17.790Z] ph: 7.1 saved
[2026-05-22T01:27:27.723Z] Topic: aquaponic/device/data
[2026-05-22T01:27:27.724Z] Payload: {"mac_address":"ESP:32:AA:BB:CC:01","sensors":{"temperature":35.9,"humidity":56.2,"ph":7}}
[2026-05-22T01:27:27.724Z] Topic: aquaponic/device/data
[2026-05-22T01:27:27.724Z] Payload: {"mac_address":"ESP:32:AA:BB:CC:01","sensors":{"temperature":35.9,"humidity":56.2,"ph":7}}
[2026-05-22T01:27:27.725Z] temperature => 35.9
[2026-05-22T01:27:27.726Z] temperature => 35.9
[2026-05-22T01:27:27.733Z] temperature: 35.9 saved
[2026-05-22T01:27:27.740Z] temperature: 35.9 saved
[2026-05-22T01:27:27.746Z] Notification saved
[2026-05-22T01:27:27.747Z] humidity => 56.2
[2026-05-22T01:27:27.762Z] Notification saved
[2026-05-22T01:27:27.762Z] humidity => 56.2
[2026-05-22T01:27:27.765Z] humidity: 56.2 saved
[2026-05-22T01:27:27.765Z] ph => 7
[2026-05-22T01:27:27.773Z] humidity: 56.2 saved
[2026-05-22T01:27:27.774Z] ph => 7
[2026-05-22T01:27:27.798Z] ph: 7 saved
[2026-05-22T01:27:27.805Z] ph: 7 saved
[2026-05-22T01:27:37.753Z] Topic: aquaponic/device/data
[2026-05-22T01:27:37.753Z] Payload: {"mac_address":"ESP:32:AA:BB:CC:01","sensors":{"temperature":18.7,"humidity":88.8,"ph":6.1}}
[2026-05-22T01:27:37.753Z] Topic: aquaponic/device/data
[2026-05-22T01:27:37.753Z] Payload: {"mac_address":"ESP:32:AA:BB:CC:01","sensors":{"temperature":18.7,"humidity":88.8,"ph":6.1}}
[2026-05-22T01:27:37.755Z] temperature => 18.7
[2026-05-22T01:27:37.755Z] temperature => 18.7
[2026-05-22T01:27:37.797Z] temperature: 18.7 saved
[2026-05-22T01:27:37.797Z] humidity => 88.8
[2026-05-22T01:27:37.807Z] temperature: 18.7 saved
[2026-05-22T01:27:37.808Z] humidity => 88.8
[2026-05-22T01:27:37.814Z] humidity: 88.8 saved
[2026-05-22T01:27:37.832Z] humidity: 88.8 saved
[2026-05-22T01:27:37.835Z] Notification saved
[2026-05-22T01:27:37.836Z] ph => 6.1
[2026-05-22T01:27:37.847Z] Notification saved
[2026-05-22T01:27:37.847Z] ph => 6.1
[2026-05-22T01:27:37.868Z] ph: 6.1 saved
[2026-05-22T01:27:37.869Z] ph: 6.1 saved
[2026-05-22T01:27:47.746Z] Topic: aquaponic/device/data
[2026-05-22T01:27:47.747Z] Payload: {"mac_address":"ESP:32:AA:BB:CC:01","sensors":{"temperature":22.7,"humidity":40.5,"ph":8.2}}
[2026-05-22T01:27:47.747Z] Topic: aquaponic/device/data
[2026-05-22T01:27:47.747Z] Payload: {"mac_address":"ESP:32:AA:BB:CC:01","sensors":{"temperature":22.7,"humidity":40.5,"ph":8.2}}
[2026-05-22T01:27:47.748Z] temperature => 22.7
[2026-05-22T01:27:47.749Z] temperature => 22.7
[2026-05-22T01:27:47.815Z] temperature: 22.7 saved
[2026-05-22T01:27:47.815Z] temperature: 22.7 saved
[2026-05-22T01:27:47.816Z] humidity => 40.5
[2026-05-22T01:27:47.816Z] humidity => 40.5
[2026-05-22T01:27:47.833Z] humidity: 40.5 saved
[2026-05-22T01:27:47.833Z] humidity: 40.5 saved
[2026-05-22T01:27:47.833Z] ph => 8.2
[2026-05-22T01:27:47.833Z] ph => 8.2
[2026-05-22T01:27:47.858Z] ph: 8.2 saved
[2026-05-22T01:27:47.858Z] ph: 8.2 saved
[2026-05-22T01:27:47.868Z] Notification saved
[2026-05-22T01:27:47.868Z] Notification saved
[2026-05-22T01:27:57.763Z] Topic: aquaponic/device/data
[2026-05-22T01:27:57.763Z] Payload: {"mac_address":"ESP:32:AA:BB:CC:01","sensors":{"temperature":17.5,"humidity":70.8,"ph":5}}
[2026-05-22T01:27:57.763Z] Topic: aquaponic/device/data
[2026-05-22T01:27:57.763Z] Payload: {"mac_address":"ESP:32:AA:BB:CC:01","sensors":{"temperature":17.5,"humidity":70.8,"ph":5}}
[2026-05-22T01:27:57.765Z] temperature => 17.5
[2026-05-22T01:27:57.765Z] temperature => 17.5
[2026-05-22T01:27:57.788Z] temperature: 17.5 saved
[2026-05-22T01:27:57.789Z] temperature: 17.5 saved
[2026-05-22T01:27:57.806Z] Notification saved
[2026-05-22T01:27:57.806Z] humidity => 70.8
[2026-05-22T01:27:57.814Z] Notification saved
[2026-05-22T01:27:57.814Z] humidity => 70.8
[2026-05-22T01:27:57.831Z] humidity: 70.8 saved
[2026-05-22T01:27:57.831Z] ph => 5
[2026-05-22T01:27:57.834Z] humidity: 70.8 saved
[2026-05-22T01:27:57.834Z] ph => 5
[2026-05-22T01:27:57.856Z] ph: 5 saved
[2026-05-22T01:27:57.866Z] ph: 5 saved
[2026-05-22T01:27:57.893Z] Notification saved
[2026-05-22T01:27:57.893Z] Notification saved
[2026-05-22T01:28:07.772Z] Topic: aquaponic/device/data
[2026-05-22T01:28:07.772Z] Topic: aquaponic/device/data
[2026-05-22T01:28:07.772Z] Payload: {"mac_address":"ESP:32:AA:BB:CC:01","sensors":{"temperature":30.1,"humidity":94.1,"ph":7.7}}
[2026-05-22T01:28:07.772Z] Payload: {"mac_address":"ESP:32:AA:BB:CC:01","sensors":{"temperature":30.1,"humidity":94.1,"ph":7.7}}
[2026-05-22T01:28:07.774Z] temperature => 30.1
[2026-05-22T01:28:07.774Z] temperature => 30.1
[2026-05-22T01:28:07.784Z] temperature: 30.1 saved
[2026-05-22T01:28:07.784Z] humidity => 94.1
[2026-05-22T01:28:07.796Z] temperature: 30.1 saved
[2026-05-22T01:28:07.796Z] humidity => 94.1
[2026-05-22T01:28:07.803Z] humidity: 94.1 saved
[2026-05-22T01:28:07.826Z] humidity: 94.1 saved
[2026-05-22T01:28:07.831Z] Notification saved
[2026-05-22T01:28:07.831Z] ph => 7.7
[2026-05-22T01:28:07.840Z] Notification saved
[2026-05-22T01:28:07.840Z] ph => 7.7
[2026-05-22T01:28:07.856Z] ph: 7.7 saved
[2026-05-22T01:28:07.860Z] ph: 7.7 saved
[2026-05-22T01:28:07.867Z] Notification saved
[2026-05-22T01:28:07.879Z] Notification saved
[2026-05-22T01:28:17.796Z] Topic: aquaponic/device/data
[2026-05-22T01:28:17.796Z] Payload: {"mac_address":"ESP:32:AA:BB:CC:01","sensors":{"temperature":22.5,"humidity":81.6,"ph":6.6}}
[2026-05-22T01:28:17.797Z] Topic: aquaponic/device/data
[2026-05-22T01:28:17.797Z] Payload: {"mac_address":"ESP:32:AA:BB:CC:01","sensors":{"temperature":22.5,"humidity":81.6,"ph":6.6}}
[2026-05-22T01:28:17.798Z] temperature => 22.5
[2026-05-22T01:28:17.798Z] temperature => 22.5
[2026-05-22T01:28:17.819Z] temperature: 22.5 saved
[2026-05-22T01:28:17.819Z] humidity => 81.6
[2026-05-22T01:28:17.822Z] temperature: 22.5 saved
[2026-05-22T01:28:17.822Z] humidity => 81.6
[2026-05-22T01:28:17.831Z] humidity: 81.6 saved
[2026-05-22T01:28:17.831Z] ph => 6.6
[2026-05-22T01:28:17.842Z] humidity: 81.6 saved
[2026-05-22T01:28:17.843Z] ph => 6.6
[2026-05-22T01:28:17.846Z] ph: 6.6 saved
[2026-05-22T01:28:17.856Z] ph: 6.6 saved
[2026-05-22T01:28:27.805Z] Topic: aquaponic/device/data
[2026-05-22T01:28:27.805Z] Payload: {"mac_address":"ESP:32:AA:BB:CC:01","sensors":{"temperature":27.6,"humidity":47.8,"ph":5.1}}
[2026-05-22T01:28:27.805Z] Topic: aquaponic/device/data
[2026-05-22T01:28:27.805Z] Payload: {"mac_address":"ESP:32:AA:BB:CC:01","sensors":{"temperature":27.6,"humidity":47.8,"ph":5.1}}
[2026-05-22T01:28:27.806Z] temperature => 27.6
[2026-05-22T01:28:27.807Z] temperature => 27.6
[2026-05-22T01:28:27.816Z] temperature: 27.6 saved
[2026-05-22T01:28:27.816Z] humidity => 47.8
[2026-05-22T01:28:27.834Z] temperature: 27.6 saved
[2026-05-22T01:28:27.834Z] humidity => 47.8
[2026-05-22T01:28:27.837Z] humidity: 47.8 saved
[2026-05-22T01:28:27.837Z] ph => 5.1
[2026-05-22T01:28:27.848Z] humidity: 47.8 saved
[2026-05-22T01:28:27.848Z] ph => 5.1
[2026-05-22T01:28:27.861Z] ph: 5.1 saved
[2026-05-22T01:28:27.870Z] ph: 5.1 saved
[2026-05-22T01:28:27.879Z] Notification saved
[2026-05-22T01:28:27.896Z] Notification saved
[2026-05-22T01:28:37.811Z] Topic: aquaponic/device/data
[2026-05-22T01:28:37.811Z] Payload: {"mac_address":"ESP:32:AA:BB:CC:01","sensors":{"temperature":16.5,"humidity":76.7,"ph":8.9}}
[2026-05-22T01:28:37.812Z] Topic: aquaponic/device/data
[2026-05-22T01:28:37.812Z] Payload: {"mac_address":"ESP:32:AA:BB:CC:01","sensors":{"temperature":16.5,"humidity":76.7,"ph":8.9}}
[2026-05-22T01:28:37.813Z] temperature => 16.5
[2026-05-22T01:28:37.813Z] temperature => 16.5
[2026-05-22T01:28:37.822Z] temperature: 16.5 saved
[2026-05-22T01:28:37.826Z] temperature: 16.5 saved
[2026-05-22T01:28:37.837Z] Notification saved
[2026-05-22T01:28:37.838Z] humidity => 76.7
[2026-05-22T01:28:37.846Z] Notification saved
[2026-05-22T01:28:37.846Z] humidity => 76.7
[2026-05-22T01:28:37.853Z] humidity: 76.7 saved
[2026-05-22T01:28:37.853Z] ph => 8.9
[2026-05-22T01:28:37.862Z] humidity: 76.7 saved
[2026-05-22T01:28:37.862Z] ph => 8.9
[2026-05-22T01:28:37.869Z] ph: 8.9 saved
[2026-05-22T01:28:37.895Z] ph: 8.9 saved
[2026-05-22T01:28:37.900Z] Notification saved
[2026-05-22T01:28:37.906Z] Notification saved
[2026-05-22T01:28:47.826Z] Topic: aquaponic/device/data
[2026-05-22T01:28:47.826Z] Payload: {"mac_address":"ESP:32:AA:BB:CC:01","sensors":{"temperature":25.5,"humidity":53.6,"ph":4}}
[2026-05-22T01:28:47.827Z] Topic: aquaponic/device/data
[2026-05-22T01:28:47.827Z] Payload: {"mac_address":"ESP:32:AA:BB:CC:01","sensors":{"temperature":25.5,"humidity":53.6,"ph":4}}
[2026-05-22T01:28:47.828Z] temperature => 25.5
[2026-05-22T01:28:47.829Z] temperature => 25.5
[2026-05-22T01:28:47.844Z] temperature: 25.5 saved
[2026-05-22T01:28:47.844Z] humidity => 53.6
[2026-05-22T01:28:47.854Z] temperature: 25.5 saved
[2026-05-22T01:28:47.854Z] humidity => 53.6
[2026-05-22T01:28:47.860Z] humidity: 53.6 saved
[2026-05-22T01:28:47.861Z] ph => 4
[2026-05-22T01:28:47.867Z] humidity: 53.6 saved
[2026-05-22T01:28:47.867Z] ph => 4
[2026-05-22T01:28:47.874Z] ph: 4 saved
[2026-05-22T01:28:47.888Z] ph: 4 saved
[2026-05-22T01:28:47.891Z] Notification saved
[2026-05-22T01:28:47.898Z] Notification saved
[2026-05-22T01:28:57.842Z] Topic: aquaponic/device/data
[2026-05-22T01:28:57.842Z] Payload: {"mac_address":"ESP:32:AA:BB:CC:01","sensors":{"temperature":15.3,"humidity":49.7,"ph":8.7}}
[2026-05-22T01:28:57.843Z] Topic: aquaponic/device/data
[2026-05-22T01:28:57.843Z] Payload: {"mac_address":"ESP:32:AA:BB:CC:01","sensors":{"temperature":15.3,"humidity":49.7,"ph":8.7}}
[2026-05-22T01:28:57.843Z] temperature => 15.3
[2026-05-22T01:28:57.844Z] temperature => 15.3
[2026-05-22T01:28:57.861Z] temperature: 15.3 saved
[2026-05-22T01:28:57.872Z] temperature: 15.3 saved
[2026-05-22T01:28:57.882Z] Notification saved
[2026-05-22T01:28:57.882Z] humidity => 49.7
[2026-05-22T01:28:57.885Z] Notification saved
[2026-05-22T01:28:57.885Z] humidity => 49.7
[2026-05-22T01:28:57.894Z] humidity: 49.7 saved
[2026-05-22T01:28:57.894Z] ph => 8.7
[2026-05-22T01:28:57.900Z] humidity: 49.7 saved
[2026-05-22T01:28:57.901Z] ph => 8.7
[2026-05-22T01:28:57.910Z] ph: 8.7 saved
[2026-05-22T01:28:57.929Z] ph: 8.7 saved
[2026-05-22T01:28:57.932Z] Notification saved
[2026-05-22T01:28:57.939Z] Notification saved
[2026-05-22T01:29:07.847Z] Topic: aquaponic/device/data
[2026-05-22T01:29:07.847Z] Payload: {"mac_address":"ESP:32:AA:BB:CC:01","sensors":{"temperature":16.4,"humidity":50.9,"ph":5}}
[2026-05-22T01:29:07.847Z] Topic: aquaponic/device/data
[2026-05-22T01:29:07.847Z] Payload: {"mac_address":"ESP:32:AA:BB:CC:01","sensors":{"temperature":16.4,"humidity":50.9,"ph":5}}
[2026-05-22T01:29:07.848Z] temperature => 16.4
[2026-05-22T01:29:07.849Z] temperature => 16.4
[2026-05-22T01:29:07.862Z] temperature: 16.4 saved
[2026-05-22T01:29:07.865Z] temperature: 16.4 saved
[2026-05-22T01:29:07.872Z] Notification saved
[2026-05-22T01:29:07.872Z] humidity => 50.9
[2026-05-22T01:29:07.879Z] Notification saved
[2026-05-22T01:29:07.879Z] humidity => 50.9
[2026-05-22T01:29:07.890Z] humidity: 50.9 saved
[2026-05-22T01:29:07.891Z] ph => 5
[2026-05-22T01:29:07.900Z] humidity: 50.9 saved
[2026-05-22T01:29:07.900Z] ph => 5
[2026-05-22T01:29:07.909Z] ph: 5 saved
[2026-05-22T01:29:07.931Z] ph: 5 saved
[2026-05-22T01:29:07.934Z] Notification saved
[2026-05-22T01:29:07.940Z] Notification saved
[2026-05-22T01:29:17.857Z] Topic: aquaponic/device/data
[2026-05-22T01:29:17.858Z] Payload: {"mac_address":"ESP:32:AA:BB:CC:01","sensors":{"temperature":30.9,"humidity":87.5,"ph":7.8}}
[2026-05-22T01:29:17.858Z] Topic: aquaponic/device/data
[2026-05-22T01:29:17.858Z] Payload: {"mac_address":"ESP:32:AA:BB:CC:01","sensors":{"temperature":30.9,"humidity":87.5,"ph":7.8}}
[2026-05-22T01:29:17.859Z] temperature => 30.9
[2026-05-22T01:29:17.860Z] temperature => 30.9
[2026-05-22T01:29:17.869Z] temperature: 30.9 saved
[2026-05-22T01:29:17.869Z] humidity => 87.5
[2026-05-22T01:29:17.872Z] temperature: 30.9 saved
[2026-05-22T01:29:17.872Z] humidity => 87.5
[2026-05-22T01:29:17.886Z] humidity: 87.5 saved
[2026-05-22T01:29:17.897Z] humidity: 87.5 saved
[2026-05-22T01:29:17.906Z] Notification saved
[2026-05-22T01:29:17.906Z] ph => 7.8
[2026-05-22T01:29:17.925Z] Notification saved
[2026-05-22T01:29:17.925Z] ph => 7.8
[2026-05-22T01:29:17.929Z] ph: 7.8 saved
[2026-05-22T01:29:17.936Z] ph: 7.8 saved
[2026-05-22T01:29:17.944Z] Notification saved
[2026-05-22T01:29:17.961Z] Notification saved
[2026-05-22T01:29:27.876Z] Topic: aquaponic/device/data
[2026-05-22T01:29:27.877Z] Payload: {"mac_address":"ESP:32:AA:BB:CC:01","sensors":{"temperature":17.9,"humidity":58.1,"ph":5.3}}
[2026-05-22T01:29:27.877Z] Topic: aquaponic/device/data
[2026-05-22T01:29:27.877Z] Payload: {"mac_address":"ESP:32:AA:BB:CC:01","sensors":{"temperature":17.9,"humidity":58.1,"ph":5.3}}
[2026-05-22T01:29:27.878Z] temperature => 17.9
[2026-05-22T01:29:27.879Z] temperature => 17.9
[2026-05-22T01:29:27.896Z] temperature: 17.9 saved
[2026-05-22T01:29:27.896Z] temperature: 17.9 saved
[2026-05-22T01:29:27.909Z] Notification saved
[2026-05-22T01:29:27.909Z] Notification saved
[2026-05-22T01:29:27.909Z] humidity => 58.1
[2026-05-22T01:29:27.909Z] humidity => 58.1
[2026-05-22T01:29:27.929Z] humidity: 58.1 saved
[2026-05-22T01:29:27.929Z] humidity: 58.1 saved
[2026-05-22T01:29:27.929Z] ph => 5.3
[2026-05-22T01:29:27.929Z] ph => 5.3
[2026-05-22T01:29:27.963Z] ph: 5.3 saved
[2026-05-22T01:29:27.963Z] ph: 5.3 saved
[2026-05-22T01:29:27.988Z] Notification saved
[2026-05-22T01:29:27.988Z] Notification saved
[2026-05-22T01:29:37.883Z] Topic: aquaponic/device/data
[2026-05-22T01:29:37.883Z] Payload: {"mac_address":"ESP:32:AA:BB:CC:01","sensors":{"temperature":17.1,"humidity":66.5,"ph":4.4}}
[2026-05-22T01:29:37.883Z] Topic: aquaponic/device/data
[2026-05-22T01:29:37.883Z] Payload: {"mac_address":"ESP:32:AA:BB:CC:01","sensors":{"temperature":17.1,"humidity":66.5,"ph":4.4}}
[2026-05-22T01:29:37.884Z] temperature => 17.1
[2026-05-22T01:29:37.884Z] temperature => 17.1
[2026-05-22T01:29:37.911Z] temperature: 17.1 saved
[2026-05-22T01:29:37.911Z] temperature: 17.1 saved
[2026-05-22T01:29:37.926Z] Notification saved
[2026-05-22T01:29:37.926Z] humidity => 66.5
[2026-05-22T01:29:37.932Z] Notification saved
[2026-05-22T01:29:37.932Z] humidity => 66.5
[2026-05-22T01:29:37.948Z] humidity: 66.5 saved
[2026-05-22T01:29:37.948Z] ph => 4.4
[2026-05-22T01:29:37.952Z] humidity: 66.5 saved
[2026-05-22T01:29:37.952Z] ph => 4.4
[2026-05-22T01:29:37.962Z] ph: 4.4 saved
[2026-05-22T01:29:37.968Z] ph: 4.4 saved
[2026-05-22T01:29:37.977Z] Notification saved
[2026-05-22T01:29:37.994Z] Notification saved
[2026-05-22T01:29:47.901Z] Topic: aquaponic/device/data
[2026-05-22T01:29:47.902Z] Payload: {"mac_address":"ESP:32:AA:BB:CC:01","sensors":{"temperature":29.9,"humidity":64.7,"ph":6.8}}
[2026-05-22T01:29:47.902Z] Topic: aquaponic/device/data
[2026-05-22T01:29:47.902Z] Payload: {"mac_address":"ESP:32:AA:BB:CC:01","sensors":{"temperature":29.9,"humidity":64.7,"ph":6.8}}
[2026-05-22T01:29:47.903Z] temperature => 29.9
[2026-05-22T01:29:47.903Z] temperature => 29.9
[2026-05-22T01:29:47.921Z] temperature: 29.9 saved
[2026-05-22T01:29:47.921Z] temperature: 29.9 saved
[2026-05-22T01:29:47.921Z] humidity => 64.7
[2026-05-22T01:29:47.921Z] humidity => 64.7
[2026-05-22T01:29:47.931Z] humidity: 64.7 saved
[2026-05-22T01:29:47.931Z] humidity: 64.7 saved
[2026-05-22T01:29:47.931Z] ph => 6.8
[2026-05-22T01:29:47.931Z] ph => 6.8
[2026-05-22T01:29:47.950Z] ph: 6.8 saved
[2026-05-22T01:29:47.950Z] ph: 6.8 saved
[2026-05-22T01:29:57.907Z] Topic: aquaponic/device/data
[2026-05-22T01:29:57.907Z] Payload: {"mac_address":"ESP:32:AA:BB:CC:01","sensors":{"temperature":35,"humidity":55,"ph":5}}
[2026-05-22T01:29:57.907Z] Topic: aquaponic/device/data
[2026-05-22T01:29:57.908Z] Payload: {"mac_address":"ESP:32:AA:BB:CC:01","sensors":{"temperature":35,"humidity":55,"ph":5}}
[2026-05-22T01:29:57.909Z] temperature => 35
[2026-05-22T01:29:57.909Z] temperature => 35
[2026-05-22T01:29:57.918Z] temperature: 35 saved
[2026-05-22T01:29:57.932Z] temperature: 35 saved
[2026-05-22T01:29:57.935Z] Notification saved
[2026-05-22T01:29:57.935Z] humidity => 55
[2026-05-22T01:29:57.942Z] Notification saved
[2026-05-22T01:29:57.942Z] humidity => 55
[2026-05-22T01:29:57.954Z] humidity: 55 saved
[2026-05-22T01:29:57.954Z] ph => 5
[2026-05-22T01:29:57.958Z] humidity: 55 saved
[2026-05-22T01:29:57.958Z] ph => 5
[2026-05-22T01:29:57.966Z] ph: 5 saved
[2026-05-22T01:29:57.975Z] ph: 5 saved
[2026-05-22T01:29:57.984Z] Notification saved
[2026-05-22T01:29:57.991Z] Notification saved
[2026-05-22T01:30:07.917Z] Topic: aquaponic/device/data
[2026-05-22T01:30:07.917Z] Payload: {"mac_address":"ESP:32:AA:BB:CC:01","sensors":{"temperature":15.6,"humidity":92.3,"ph":4.2}}
[2026-05-22T01:30:07.917Z] Topic: aquaponic/device/data
[2026-05-22T01:30:07.918Z] Payload: {"mac_address":"ESP:32:AA:BB:CC:01","sensors":{"temperature":15.6,"humidity":92.3,"ph":4.2}}
[2026-05-22T01:30:07.919Z] temperature => 15.6
[2026-05-22T01:30:07.919Z] temperature => 15.6
[2026-05-22T01:30:07.928Z] temperature: 15.6 saved
[2026-05-22T01:30:07.937Z] temperature: 15.6 saved
[2026-05-22T01:30:07.949Z] Notification saved
[2026-05-22T01:30:07.949Z] humidity => 92.3
[2026-05-22T01:30:07.952Z] Notification saved
[2026-05-22T01:30:07.952Z] humidity => 92.3
[2026-05-22T01:30:07.958Z] humidity: 92.3 saved
[2026-05-22T01:30:07.967Z] humidity: 92.3 saved
[2026-05-22T01:30:07.979Z] Notification saved
[2026-05-22T01:30:07.979Z] ph => 4.2
[2026-05-22T01:30:07.985Z] Notification saved
[2026-05-22T01:30:07.985Z] ph => 4.2
[2026-05-22T01:30:08.002Z] ph: 4.2 saved
[2026-05-22T01:30:08.008Z] ph: 4.2 saved
[2026-05-22T01:30:08.034Z] Notification saved
[2026-05-22T01:30:08.051Z] Notification saved
[2026-05-22T01:30:17.929Z] Topic: aquaponic/device/data
[2026-05-22T01:30:17.929Z] Payload: {"mac_address":"ESP:32:AA:BB:CC:01","sensors":{"temperature":19.7,"humidity":71.3,"ph":6.3}}
[2026-05-22T01:30:17.929Z] Topic: aquaponic/device/data
[2026-05-22T01:30:17.930Z] Payload: {"mac_address":"ESP:32:AA:BB:CC:01","sensors":{"temperature":19.7,"humidity":71.3,"ph":6.3}}
[2026-05-22T01:30:17.931Z] temperature => 19.7
[2026-05-22T01:30:17.931Z] temperature => 19.7
[2026-05-22T01:30:17.948Z] temperature: 19.7 saved
[2026-05-22T01:30:17.948Z] humidity => 71.3
[2026-05-22T01:30:17.951Z] temperature: 19.7 saved
[2026-05-22T01:30:17.951Z] humidity => 71.3
[2026-05-22T01:30:17.957Z] humidity: 71.3 saved
[2026-05-22T01:30:17.957Z] ph => 6.3
[2026-05-22T01:30:17.966Z] humidity: 71.3 saved
[2026-05-22T01:30:17.966Z] ph => 6.3
[2026-05-22T01:30:17.986Z] ph: 6.3 saved
[2026-05-22T01:30:17.989Z] ph: 6.3 saved
[2026-05-22T01:30:27.944Z] Topic: aquaponic/device/data
[2026-05-22T01:30:27.944Z] Payload: {"mac_address":"ESP:32:AA:BB:CC:01","sensors":{"temperature":21,"humidity":59.2,"ph":8}}
[2026-05-22T01:30:27.945Z] Topic: aquaponic/device/data
[2026-05-22T01:30:27.945Z] Payload: {"mac_address":"ESP:32:AA:BB:CC:01","sensors":{"temperature":21,"humidity":59.2,"ph":8}}
[2026-05-22T01:30:27.946Z] temperature => 21
[2026-05-22T01:30:27.947Z] temperature => 21
[2026-05-22T01:30:27.959Z] temperature: 21 saved
[2026-05-22T01:30:27.960Z] humidity => 59.2
[2026-05-22T01:30:27.984Z] humidity: 59.2 saved
[2026-05-22T01:30:27.984Z] temperature: 21 saved
[2026-05-22T01:30:27.984Z] ph => 8
[2026-05-22T01:30:27.984Z] humidity => 59.2
[2026-05-22T01:30:27.998Z] ph: 8 saved
[2026-05-22T01:30:27.998Z] humidity: 59.2 saved
[2026-05-22T01:30:27.998Z] ph => 8
[2026-05-22T01:30:28.013Z] Notification saved
[2026-05-22T01:30:28.013Z] ph: 8 saved
[2026-05-22T01:30:28.031Z] Notification saved
[2026-05-22T01:30:37.974Z] Topic: aquaponic/device/data
[2026-05-22T01:30:37.974Z] Payload: {"mac_address":"ESP:32:AA:BB:CC:01","sensors":{"temperature":20.3,"humidity":73.4,"ph":6.7}}
[2026-05-22T01:30:37.975Z] Topic: aquaponic/device/data
[2026-05-22T01:30:37.975Z] Payload: {"mac_address":"ESP:32:AA:BB:CC:01","sensors":{"temperature":20.3,"humidity":73.4,"ph":6.7}}
[2026-05-22T01:30:37.976Z] temperature => 20.3
[2026-05-22T01:30:37.977Z] temperature => 20.3
[2026-05-22T01:30:37.990Z] temperature: 20.3 saved
[2026-05-22T01:30:37.990Z] humidity => 73.4
[2026-05-22T01:30:37.993Z] temperature: 20.3 saved
[2026-05-22T01:30:37.993Z] humidity => 73.4
[2026-05-22T01:30:38.000Z] humidity: 73.4 saved
[2026-05-22T01:30:38.000Z] ph => 6.7
[2026-05-22T01:30:38.012Z] humidity: 73.4 saved
[2026-05-22T01:30:38.012Z] ph => 6.7
[2026-05-22T01:30:38.024Z] ph: 6.7 saved
[2026-05-22T01:30:38.038Z] ph: 6.7 saved
[2026-05-22T01:30:47.965Z] Topic: aquaponic/device/data
[2026-05-22T01:30:47.966Z] Payload: {"mac_address":"ESP:32:AA:BB:CC:01","sensors":{"temperature":19.6,"humidity":43.1,"ph":6.8}}
[2026-05-22T01:30:47.966Z] Topic: aquaponic/device/data
[2026-05-22T01:30:47.967Z] Payload: {"mac_address":"ESP:32:AA:BB:CC:01","sensors":{"temperature":19.6,"humidity":43.1,"ph":6.8}}
[2026-05-22T01:30:47.967Z] temperature => 19.6
[2026-05-22T01:30:47.968Z] temperature => 19.6
[2026-05-22T01:30:47.983Z] temperature: 19.6 saved
[2026-05-22T01:30:47.983Z] temperature: 19.6 saved
[2026-05-22T01:30:47.983Z] humidity => 43.1
[2026-05-22T01:30:47.983Z] humidity => 43.1
[2026-05-22T01:30:48.000Z] humidity: 43.1 saved
[2026-05-22T01:30:48.000Z] humidity: 43.1 saved
[2026-05-22T01:30:48.000Z] ph => 6.8
[2026-05-22T01:30:48.000Z] ph => 6.8
[2026-05-22T01:30:48.021Z] ph: 6.8 saved
[2026-05-22T01:30:48.021Z] ph: 6.8 saved
[2026-05-22T01:30:57.979Z] Topic: aquaponic/device/data
[2026-05-22T01:30:57.980Z] Payload: {"mac_address":"ESP:32:AA:BB:CC:01","sensors":{"temperature":21.1,"humidity":54,"ph":6.4}}
[2026-05-22T01:30:57.980Z] Topic: aquaponic/device/data
[2026-05-22T01:30:57.980Z] Payload: {"mac_address":"ESP:32:AA:BB:CC:01","sensors":{"temperature":21.1,"humidity":54,"ph":6.4}}
[2026-05-22T01:30:57.981Z] temperature => 21.1
[2026-05-22T01:30:57.982Z] temperature => 21.1
[2026-05-22T01:30:57.994Z] temperature: 21.1 saved
[2026-05-22T01:30:57.995Z] humidity => 54
[2026-05-22T01:30:58.003Z] temperature: 21.1 saved
[2026-05-22T01:30:58.004Z] humidity => 54
[2026-05-22T01:30:58.012Z] humidity: 54 saved
[2026-05-22T01:30:58.012Z] ph => 6.4
[2026-05-22T01:30:58.029Z] ph: 6.4 saved
[2026-05-22T01:30:58.029Z] humidity: 54 saved
[2026-05-22T01:30:58.029Z] ph => 6.4
[2026-05-22T01:30:58.046Z] ph: 6.4 saved
[2026-05-22T01:31:07.993Z] Topic: aquaponic/device/data
[2026-05-22T01:31:07.994Z] Payload: {"mac_address":"ESP:32:AA:BB:CC:01","sensors":{"temperature":34.5,"humidity":51.2,"ph":8.2}}
[2026-05-22T01:31:07.994Z] Topic: aquaponic/device/data
[2026-05-22T01:31:07.994Z] Payload: {"mac_address":"ESP:32:AA:BB:CC:01","sensors":{"temperature":34.5,"humidity":51.2,"ph":8.2}}
[2026-05-22T01:31:07.995Z] temperature => 34.5
[2026-05-22T01:31:07.995Z] temperature => 34.5
[2026-05-22T01:31:08.007Z] temperature: 34.5 saved
[2026-05-22T01:31:08.013Z] temperature: 34.5 saved
[2026-05-22T01:31:08.019Z] Notification saved
[2026-05-22T01:31:08.019Z] humidity => 51.2
[2026-05-22T01:31:08.026Z] Notification saved
[2026-05-22T01:31:08.026Z] humidity => 51.2
[2026-05-22T01:31:08.051Z] humidity: 51.2 saved
[2026-05-22T01:31:08.051Z] ph => 8.2
[2026-05-22T01:31:08.054Z] humidity: 51.2 saved
[2026-05-22T01:31:08.054Z] ph => 8.2
[2026-05-22T01:31:08.060Z] ph: 8.2 saved
[2026-05-22T01:31:08.069Z] ph: 8.2 saved
[2026-05-22T01:31:08.075Z] Notification saved
[2026-05-22T01:31:08.084Z] Notification saved
[2026-05-22T01:31:18.004Z] Topic: aquaponic/device/data
[2026-05-22T01:31:18.004Z] Payload: {"mac_address":"ESP:32:AA:BB:CC:01","sensors":{"temperature":17.6,"humidity":41.3,"ph":6.5}}
[2026-05-22T01:31:18.004Z] Topic: aquaponic/device/data
[2026-05-22T01:31:18.004Z] Payload: {"mac_address":"ESP:32:AA:BB:CC:01","sensors":{"temperature":17.6,"humidity":41.3,"ph":6.5}}
[2026-05-22T01:31:18.005Z] temperature => 17.6
[2026-05-22T01:31:18.006Z] temperature => 17.6
[2026-05-22T01:31:18.017Z] temperature: 17.6 saved
[2026-05-22T01:31:18.020Z] temperature: 17.6 saved
[2026-05-22T01:31:18.029Z] Notification saved
[2026-05-22T01:31:18.029Z] humidity => 41.3
[2026-05-22T01:31:18.049Z] Notification saved
[2026-05-22T01:31:18.049Z] humidity => 41.3
[2026-05-22T01:31:18.052Z] humidity: 41.3 saved
[2026-05-22T01:31:18.053Z] ph => 6.5
[2026-05-22T01:31:18.062Z] humidity: 41.3 saved
[2026-05-22T01:31:18.062Z] ph => 6.5
[2026-05-22T01:31:18.073Z] ph: 6.5 saved
[2026-05-22T01:31:18.080Z] ph: 6.5 saved
[2026-05-22T01:31:28.015Z] Topic: aquaponic/device/data
[2026-05-22T01:31:28.015Z] Payload: {"mac_address":"ESP:32:AA:BB:CC:01","sensors":{"temperature":23.9,"humidity":94.4,"ph":4.7}}
[2026-05-22T01:31:28.016Z] Topic: aquaponic/device/data
[2026-05-22T01:31:28.016Z] Payload: {"mac_address":"ESP:32:AA:BB:CC:01","sensors":{"temperature":23.9,"humidity":94.4,"ph":4.7}}
[2026-05-22T01:31:28.017Z] temperature => 23.9
[2026-05-22T01:31:28.017Z] temperature => 23.9
[2026-05-22T01:31:28.025Z] temperature: 23.9 saved
[2026-05-22T01:31:28.025Z] humidity => 94.4
[2026-05-22T01:31:28.028Z] temperature: 23.9 saved
[2026-05-22T01:31:28.028Z] humidity => 94.4
[2026-05-22T01:31:28.039Z] humidity: 94.4 saved
[2026-05-22T01:31:28.046Z] humidity: 94.4 saved
[2026-05-22T01:31:28.053Z] Notification saved
[2026-05-22T01:31:28.053Z] ph => 4.7
[2026-05-22T01:31:28.070Z] Notification saved
[2026-05-22T01:31:28.070Z] ph => 4.7
[2026-05-22T01:31:28.075Z] ph: 4.7 saved
[2026-05-22T01:31:28.081Z] ph: 4.7 saved
[2026-05-22T01:31:28.111Z] Notification saved
[2026-05-22T01:31:28.120Z] Notification saved
[2026-05-22T01:31:38.032Z] Topic: aquaponic/device/data
[2026-05-22T01:31:38.032Z] Payload: {"mac_address":"ESP:32:AA:BB:CC:01","sensors":{"temperature":17.6,"humidity":62.2,"ph":7.3}}
[2026-05-22T01:31:38.033Z] Topic: aquaponic/device/data
[2026-05-22T01:31:38.033Z] Payload: {"mac_address":"ESP:32:AA:BB:CC:01","sensors":{"temperature":17.6,"humidity":62.2,"ph":7.3}}
[2026-05-22T01:31:38.034Z] temperature => 17.6
[2026-05-22T01:31:38.035Z] temperature => 17.6
[2026-05-22T01:31:38.060Z] temperature: 17.6 saved
[2026-05-22T01:31:38.068Z] temperature: 17.6 saved
[2026-05-22T01:31:38.093Z] Notification saved
[2026-05-22T01:31:38.093Z] humidity => 62.2
[2026-05-22T01:31:38.103Z] Notification saved
[2026-05-22T01:31:38.103Z] humidity => 62.2
[2026-05-22T01:31:38.132Z] humidity: 62.2 saved
[2026-05-22T01:31:38.132Z] ph => 7.3
[2026-05-22T01:31:38.154Z] humidity: 62.2 saved
[2026-05-22T01:31:38.154Z] ph => 7.3
[2026-05-22T01:31:38.182Z] ph: 7.3 saved
[2026-05-22T01:31:38.188Z] ph: 7.3 saved
[2026-05-22T01:31:48.041Z] Topic: aquaponic/device/data
[2026-05-22T01:31:48.041Z] Payload: {"mac_address":"ESP:32:AA:BB:CC:01","sensors":{"temperature":16.9,"humidity":54.9,"ph":8.8}}
[2026-05-22T01:31:48.041Z] Topic: aquaponic/device/data
[2026-05-22T01:31:48.041Z] Payload: {"mac_address":"ESP:32:AA:BB:CC:01","sensors":{"temperature":16.9,"humidity":54.9,"ph":8.8}}
[2026-05-22T01:31:48.043Z] temperature => 16.9
[2026-05-22T01:31:48.043Z] temperature => 16.9
[2026-05-22T01:31:48.052Z] temperature: 16.9 saved
[2026-05-22T01:31:48.055Z] temperature: 16.9 saved
[2026-05-22T01:31:48.063Z] Notification saved
[2026-05-22T01:31:48.063Z] humidity => 54.9
[2026-05-22T01:31:48.081Z] Notification saved
[2026-05-22T01:31:48.082Z] humidity => 54.9
[2026-05-22T01:31:48.085Z] humidity: 54.9 saved
[2026-05-22T01:31:48.085Z] ph => 8.8
[2026-05-22T01:31:48.096Z] humidity: 54.9 saved
[2026-05-22T01:31:48.096Z] ph => 8.8
[2026-05-22T01:31:48.118Z] ph: 8.8 saved
[2026-05-22T01:31:48.131Z] ph: 8.8 saved
[2026-05-22T01:31:48.154Z] Notification saved
[2026-05-22T01:31:48.157Z] Notification saved
[2026-05-22T01:31:58.053Z] Topic: aquaponic/device/data
[2026-05-22T01:31:58.053Z] Payload: {"mac_address":"ESP:32:AA:BB:CC:01","sensors":{"temperature":17.3,"humidity":71.1,"ph":7.6}}
[2026-05-22T01:31:58.054Z] Topic: aquaponic/device/data
[2026-05-22T01:31:58.054Z] Payload: {"mac_address":"ESP:32:AA:BB:CC:01","sensors":{"temperature":17.3,"humidity":71.1,"ph":7.6}}
[2026-05-22T01:31:58.055Z] temperature => 17.3
[2026-05-22T01:31:58.055Z] temperature => 17.3
[2026-05-22T01:31:58.063Z] temperature: 17.3 saved
[2026-05-22T01:31:58.070Z] temperature: 17.3 saved
[2026-05-22T01:31:58.077Z] Notification saved
[2026-05-22T01:31:58.077Z] humidity => 71.1
[2026-05-22T01:31:58.086Z] Notification saved
[2026-05-22T01:31:58.086Z] humidity => 71.1
[2026-05-22T01:31:58.094Z] humidity: 71.1 saved
[2026-05-22T01:31:58.095Z] ph => 7.6
[2026-05-22T01:31:58.113Z] ph: 7.6 saved
[2026-05-22T01:31:58.113Z] humidity: 71.1 saved
[2026-05-22T01:31:58.113Z] ph => 7.6
[2026-05-22T01:31:58.123Z] Notification saved
[2026-05-22T01:31:58.126Z] ph: 7.6 saved
[2026-05-22T01:31:58.139Z] Notification saved
[2026-05-22T01:32:08.066Z] Topic: aquaponic/device/data
[2026-05-22T01:32:08.066Z] Topic: aquaponic/device/data
[2026-05-22T01:32:08.066Z] Payload: {"mac_address":"ESP:32:AA:BB:CC:01","sensors":{"temperature":30.2,"humidity":34.9,"ph":8.3}}
[2026-05-22T01:32:08.066Z] Payload: {"mac_address":"ESP:32:AA:BB:CC:01","sensors":{"temperature":30.2,"humidity":34.9,"ph":8.3}}
[2026-05-22T01:32:08.067Z] temperature => 30.2
[2026-05-22T01:32:08.068Z] temperature => 30.2
[2026-05-22T01:32:08.092Z] temperature: 30.2 saved
[2026-05-22T01:32:08.092Z] humidity => 34.9
[2026-05-22T01:32:08.099Z] temperature: 30.2 saved
[2026-05-22T01:32:08.100Z] humidity => 34.9
[2026-05-22T01:32:08.106Z] humidity: 34.9 saved
[2026-05-22T01:32:08.125Z] humidity: 34.9 saved
[2026-05-22T01:32:08.144Z] Notification saved
[2026-05-22T01:32:08.144Z] Notification saved
[2026-05-22T01:32:08.144Z] ph => 8.3
[2026-05-22T01:32:08.144Z] ph => 8.3
[2026-05-22T01:32:08.162Z] ph: 8.3 saved
[2026-05-22T01:32:08.162Z] ph: 8.3 saved
[2026-05-22T01:32:08.183Z] Notification saved
[2026-05-22T01:32:08.183Z] Notification saved
[2026-05-22T01:32:18.076Z] Topic: aquaponic/device/data
[2026-05-22T01:32:18.077Z] Payload: {"mac_address":"ESP:32:AA:BB:CC:01","sensors":{"temperature":33.9,"humidity":89.9,"ph":7.1}}
[2026-05-22T01:32:18.077Z] Topic: aquaponic/device/data
[2026-05-22T01:32:18.077Z] Payload: {"mac_address":"ESP:32:AA:BB:CC:01","sensors":{"temperature":33.9,"humidity":89.9,"ph":7.1}}
[2026-05-22T01:32:18.078Z] temperature => 33.9
[2026-05-22T01:32:18.078Z] temperature => 33.9
[2026-05-22T01:32:18.099Z] temperature: 33.9 saved
[2026-05-22T01:32:18.099Z] temperature: 33.9 saved
[2026-05-22T01:32:18.116Z] Notification saved
[2026-05-22T01:32:18.116Z] Notification saved
[2026-05-22T01:32:18.116Z] humidity => 89.9
[2026-05-22T01:32:18.116Z] humidity => 89.9
[2026-05-22T01:32:18.158Z] humidity: 89.9 saved
[2026-05-22T01:32:18.158Z] humidity: 89.9 saved
[2026-05-22T01:32:18.176Z] Notification saved
[2026-05-22T01:32:18.176Z] ph => 7.1
[2026-05-22T01:32:18.197Z] Notification saved
[2026-05-22T01:32:18.197Z] ph => 7.1
[2026-05-22T01:32:18.204Z] ph: 7.1 saved
[2026-05-22T01:32:18.221Z] ph: 7.1 saved
[2026-05-22T01:32:28.089Z] Topic: aquaponic/device/data
[2026-05-22T01:32:28.090Z] Payload: {"mac_address":"ESP:32:AA:BB:CC:01","sensors":{"temperature":17.2,"humidity":30.3,"ph":6}}
[2026-05-22T01:32:28.090Z] Topic: aquaponic/device/data
[2026-05-22T01:32:28.090Z] Payload: {"mac_address":"ESP:32:AA:BB:CC:01","sensors":{"temperature":17.2,"humidity":30.3,"ph":6}}
[2026-05-22T01:32:28.091Z] temperature => 17.2
[2026-05-22T01:32:28.091Z] temperature => 17.2
[2026-05-22T01:32:28.103Z] temperature: 17.2 saved
[2026-05-22T01:32:28.111Z] temperature: 17.2 saved
[2026-05-22T01:32:28.120Z] Notification saved
[2026-05-22T01:32:28.120Z] humidity => 30.3
[2026-05-22T01:32:28.132Z] Notification saved
[2026-05-22T01:32:28.132Z] humidity => 30.3
[2026-05-22T01:32:28.152Z] humidity: 30.3 saved
[2026-05-22T01:32:28.155Z] humidity: 30.3 saved
[2026-05-22T01:32:28.162Z] Notification saved
[2026-05-22T01:32:28.162Z] ph => 6
[2026-05-22T01:32:28.171Z] Notification saved
[2026-05-22T01:32:28.171Z] ph => 6
[2026-05-22T01:32:28.190Z] ph: 6 saved
[2026-05-22T01:32:28.190Z] ph: 6 saved
[2026-05-22T01:32:38.103Z] Topic: aquaponic/device/data
[2026-05-22T01:32:38.103Z] Topic: aquaponic/device/data
[2026-05-22T01:32:38.104Z] Payload: {"mac_address":"ESP:32:AA:BB:CC:01","sensors":{"temperature":22.7,"humidity":79.7,"ph":7.7}}
[2026-05-22T01:32:38.104Z] Payload: {"mac_address":"ESP:32:AA:BB:CC:01","sensors":{"temperature":22.7,"humidity":79.7,"ph":7.7}}
[2026-05-22T01:32:38.105Z] temperature => 22.7
[2026-05-22T01:32:38.105Z] temperature => 22.7
[2026-05-22T01:32:38.128Z] temperature: 22.7 saved
[2026-05-22T01:32:38.129Z] humidity => 79.7
[2026-05-22T01:32:38.139Z] temperature: 22.7 saved
[2026-05-22T01:32:38.139Z] humidity => 79.7
[2026-05-22T01:32:38.168Z] humidity: 79.7 saved
[2026-05-22T01:32:38.168Z] ph => 7.7
[2026-05-22T01:32:38.186Z] humidity: 79.7 saved
[2026-05-22T01:32:38.186Z] ph => 7.7
[2026-05-22T01:32:38.197Z] ph: 7.7 saved
[2026-05-22T01:32:38.213Z] ph: 7.7 saved
[2026-05-22T01:32:38.223Z] Notification saved
[2026-05-22T01:32:38.241Z] Notification saved
[2026-05-22T01:32:48.112Z] Topic: aquaponic/device/data
[2026-05-22T01:32:48.112Z] Payload: {"mac_address":"ESP:32:AA:BB:CC:01","sensors":{"temperature":17.8,"humidity":81.3,"ph":4.4}}
[2026-05-22T01:32:48.113Z] Topic: aquaponic/device/data
[2026-05-22T01:32:48.113Z] Payload: {"mac_address":"ESP:32:AA:BB:CC:01","sensors":{"temperature":17.8,"humidity":81.3,"ph":4.4}}
[2026-05-22T01:32:48.114Z] temperature => 17.8
[2026-05-22T01:32:48.114Z] temperature => 17.8
[2026-05-22T01:32:48.122Z] temperature: 17.8 saved
[2026-05-22T01:32:48.125Z] temperature: 17.8 saved
[2026-05-22T01:32:48.136Z] Notification saved
[2026-05-22T01:32:48.136Z] humidity => 81.3
[2026-05-22T01:32:48.143Z] Notification saved
[2026-05-22T01:32:48.143Z] humidity => 81.3
[2026-05-22T01:32:48.156Z] humidity: 81.3 saved
[2026-05-22T01:32:48.156Z] ph => 4.4
[2026-05-22T01:32:48.159Z] humidity: 81.3 saved
[2026-05-22T01:32:48.159Z] ph => 4.4
[2026-05-22T01:32:48.167Z] ph: 4.4 saved
[2026-05-22T01:32:48.176Z] ph: 4.4 saved
[2026-05-22T01:32:48.186Z] Notification saved
[2026-05-22T01:32:48.189Z] Notification saved
[2026-05-22T01:32:58.129Z] Topic: aquaponic/device/data
[2026-05-22T01:32:58.129Z] Payload: {"mac_address":"ESP:32:AA:BB:CC:01","sensors":{"temperature":20.3,"humidity":41.7,"ph":7.6}}
[2026-05-22T01:32:58.129Z] Topic: aquaponic/device/data
[2026-05-22T01:32:58.130Z] Payload: {"mac_address":"ESP:32:AA:BB:CC:01","sensors":{"temperature":20.3,"humidity":41.7,"ph":7.6}}
[2026-05-22T01:32:58.130Z] temperature => 20.3
[2026-05-22T01:32:58.131Z] temperature => 20.3
[2026-05-22T01:32:58.140Z] temperature: 20.3 saved
[2026-05-22T01:32:58.140Z] humidity => 41.7
[2026-05-22T01:32:58.143Z] temperature: 20.3 saved
[2026-05-22T01:32:58.143Z] humidity => 41.7
[2026-05-22T01:32:58.150Z] humidity: 41.7 saved
[2026-05-22T01:32:58.150Z] ph => 7.6
[2026-05-22T01:32:58.165Z] humidity: 41.7 saved
[2026-05-22T01:32:58.166Z] ph => 7.6
[2026-05-22T01:32:58.174Z] ph: 7.6 saved
[2026-05-22T01:32:58.183Z] ph: 7.6 saved
[2026-05-22T01:32:58.190Z] Notification saved
[2026-05-22T01:32:58.197Z] Notification saved
[2026-05-22T01:33:08.137Z] Topic: aquaponic/device/data
[2026-05-22T01:33:08.138Z] Payload: {"mac_address":"ESP:32:AA:BB:CC:01","sensors":{"temperature":33.9,"humidity":89.9,"ph":5.4}}
[2026-05-22T01:33:08.138Z] Topic: aquaponic/device/data
[2026-05-22T01:33:08.138Z] Payload: {"mac_address":"ESP:32:AA:BB:CC:01","sensors":{"temperature":33.9,"humidity":89.9,"ph":5.4}}
[2026-05-22T01:33:08.139Z] temperature => 33.9
[2026-05-22T01:33:08.140Z] temperature => 33.9
[2026-05-22T01:33:08.156Z] temperature: 33.9 saved
[2026-05-22T01:33:08.160Z] temperature: 33.9 saved
[2026-05-22T01:33:08.171Z] Notification saved
[2026-05-22T01:33:08.171Z] humidity => 89.9
[2026-05-22T01:33:08.178Z] Notification saved
[2026-05-22T01:33:08.178Z] humidity => 89.9
[2026-05-22T01:33:08.195Z] humidity: 89.9 saved
[2026-05-22T01:33:08.198Z] humidity: 89.9 saved
[2026-05-22T01:33:08.208Z] Notification saved
[2026-05-22T01:33:08.209Z] ph => 5.4
[2026-05-22T01:33:08.226Z] Notification saved
[2026-05-22T01:33:08.226Z] ph => 5.4
[2026-05-22T01:33:08.229Z] ph: 5.4 saved
[2026-05-22T01:33:08.235Z] ph: 5.4 saved
[2026-05-22T01:33:08.242Z] Notification saved
[2026-05-22T01:33:08.250Z] Notification saved
[2026-05-22T01:33:18.150Z] Topic: aquaponic/device/data
[2026-05-22T01:33:18.150Z] Payload: {"mac_address":"ESP:32:AA:BB:CC:01","sensors":{"temperature":24.4,"humidity":64.7,"ph":6.3}}
[2026-05-22T01:33:18.151Z] Topic: aquaponic/device/data
[2026-05-22T01:33:18.151Z] Payload: {"mac_address":"ESP:32:AA:BB:CC:01","sensors":{"temperature":24.4,"humidity":64.7,"ph":6.3}}
[2026-05-22T01:33:18.152Z] temperature => 24.4
[2026-05-22T01:33:18.152Z] temperature => 24.4
[2026-05-22T01:33:18.163Z] temperature: 24.4 saved
[2026-05-22T01:33:18.163Z] temperature: 24.4 saved
[2026-05-22T01:33:18.163Z] humidity => 64.7
[2026-05-22T01:33:18.163Z] humidity => 64.7
[2026-05-22T01:33:18.186Z] humidity: 64.7 saved
[2026-05-22T01:33:18.186Z] humidity: 64.7 saved
[2026-05-22T01:33:18.186Z] ph => 6.3
[2026-05-22T01:33:18.186Z] ph => 6.3
[2026-05-22T01:33:18.196Z] ph: 6.3 saved
[2026-05-22T01:33:18.196Z] ph: 6.3 saved
[2026-05-22T01:33:28.163Z] Topic: aquaponic/device/data
[2026-05-22T01:33:28.163Z] Payload: {"mac_address":"ESP:32:AA:BB:CC:01","sensors":{"temperature":33.4,"humidity":36.5,"ph":8.2}}
[2026-05-22T01:33:28.164Z] Topic: aquaponic/device/data
[2026-05-22T01:33:28.164Z] Payload: {"mac_address":"ESP:32:AA:BB:CC:01","sensors":{"temperature":33.4,"humidity":36.5,"ph":8.2}}
[2026-05-22T01:33:28.164Z] temperature => 33.4
[2026-05-22T01:33:28.165Z] temperature => 33.4
[2026-05-22T01:33:28.175Z] temperature: 33.4 saved
[2026-05-22T01:33:28.178Z] temperature: 33.4 saved
[2026-05-22T01:33:28.187Z] Notification saved
[2026-05-22T01:33:28.187Z] humidity => 36.5
[2026-05-22T01:33:28.195Z] Notification saved
[2026-05-22T01:33:28.196Z] humidity => 36.5
[2026-05-22T01:33:28.211Z] humidity: 36.5 saved
[2026-05-22T01:33:28.216Z] humidity: 36.5 saved
[2026-05-22T01:33:28.225Z] Notification saved
[2026-05-22T01:33:28.225Z] ph => 8.2
[2026-05-22T01:33:28.234Z] Notification saved
[2026-05-22T01:33:28.234Z] ph => 8.2
[2026-05-22T01:33:28.244Z] ph: 8.2 saved
[2026-05-22T01:33:28.253Z] ph: 8.2 saved
[2026-05-22T01:33:28.266Z] Notification saved
[2026-05-22T01:33:28.270Z] Notification saved
[2026-05-22T01:33:38.176Z] Topic: aquaponic/device/data
[2026-05-22T01:33:38.176Z] Payload: {"mac_address":"ESP:32:AA:BB:CC:01","sensors":{"temperature":34.3,"humidity":64,"ph":6}}
[2026-05-22T01:33:38.176Z] Topic: aquaponic/device/data
[2026-05-22T01:33:38.176Z] Payload: {"mac_address":"ESP:32:AA:BB:CC:01","sensors":{"temperature":34.3,"humidity":64,"ph":6}}
[2026-05-22T01:33:38.177Z] temperature => 34.3
[2026-05-22T01:33:38.178Z] temperature => 34.3
[2026-05-22T01:33:38.197Z] temperature: 34.3 saved
[2026-05-22T01:33:38.200Z] temperature: 34.3 saved
[2026-05-22T01:33:38.207Z] Notification saved
[2026-05-22T01:33:38.207Z] humidity => 64
[2026-05-22T01:33:38.217Z] Notification saved
[2026-05-22T01:33:38.217Z] humidity: 64 saved
[2026-05-22T01:33:38.217Z] humidity => 64
[2026-05-22T01:33:38.217Z] ph => 6
[2026-05-22T01:33:38.242Z] humidity: 64 saved
[2026-05-22T01:33:38.242Z] ph: 6 saved
[2026-05-22T01:33:38.242Z] ph => 6
[2026-05-22T01:33:38.254Z] ph: 6 saved
[2026-05-22T01:33:48.185Z] Topic: aquaponic/device/data
[2026-05-22T01:33:48.185Z] Payload: {"mac_address":"ESP:32:AA:BB:CC:01","sensors":{"temperature":17.5,"humidity":54.4,"ph":5.6}}
[2026-05-22T01:33:48.186Z] Topic: aquaponic/device/data
[2026-05-22T01:33:48.186Z] Payload: {"mac_address":"ESP:32:AA:BB:CC:01","sensors":{"temperature":17.5,"humidity":54.4,"ph":5.6}}
[2026-05-22T01:33:48.187Z] temperature => 17.5
[2026-05-22T01:33:48.188Z] temperature => 17.5
[2026-05-22T01:33:48.205Z] temperature: 17.5 saved
[2026-05-22T01:33:48.208Z] temperature: 17.5 saved
[2026-05-22T01:33:48.215Z] Notification saved
[2026-05-22T01:33:48.215Z] humidity => 54.4
[2026-05-22T01:33:48.225Z] Notification saved
[2026-05-22T01:33:48.225Z] humidity => 54.4
[2026-05-22T01:33:48.234Z] humidity: 54.4 saved
[2026-05-22T01:33:48.234Z] ph => 5.6
[2026-05-22T01:33:48.247Z] humidity: 54.4 saved
[2026-05-22T01:33:48.247Z] ph => 5.6
[2026-05-22T01:33:48.253Z] ph: 5.6 saved
[2026-05-22T01:33:48.259Z] ph: 5.6 saved
[2026-05-22T01:33:58.201Z] Topic: aquaponic/device/data
[2026-05-22T01:33:58.201Z] Payload: {"mac_address":"ESP:32:AA:BB:CC:01","sensors":{"temperature":15.4,"humidity":78,"ph":8.8}}
[2026-05-22T01:33:58.202Z] Topic: aquaponic/device/data
[2026-05-22T01:33:58.202Z] Payload: {"mac_address":"ESP:32:AA:BB:CC:01","sensors":{"temperature":15.4,"humidity":78,"ph":8.8}}
[2026-05-22T01:33:58.202Z] temperature => 15.4
[2026-05-22T01:33:58.203Z] temperature => 15.4
[2026-05-22T01:33:58.213Z] temperature: 15.4 saved
[2026-05-22T01:33:58.217Z] temperature: 15.4 saved
[2026-05-22T01:33:58.224Z] Notification saved
[2026-05-22T01:33:58.224Z] humidity => 78
[2026-05-22T01:33:58.235Z] Notification saved
[2026-05-22T01:33:58.235Z] humidity => 78
[2026-05-22T01:33:58.250Z] humidity: 78 saved
[2026-05-22T01:33:58.250Z] ph => 8.8
[2026-05-22T01:33:58.265Z] humidity: 78 saved
[2026-05-22T01:33:58.265Z] ph => 8.8
[2026-05-22T01:33:58.280Z] ph: 8.8 saved
[2026-05-22T01:33:58.283Z] ph: 8.8 saved
[2026-05-22T01:33:58.291Z] Notification saved
[2026-05-22T01:33:58.302Z] Notification saved
[2026-05-22T01:34:08.234Z] Topic: aquaponic/device/data
[2026-05-22T01:34:08.234Z] Payload: {"mac_address":"ESP:32:AA:BB:CC:01","sensors":{"temperature":23.9,"humidity":50.3,"ph":7.8}}
[2026-05-22T01:34:08.235Z] Topic: aquaponic/device/data
[2026-05-22T01:34:08.235Z] Payload: {"mac_address":"ESP:32:AA:BB:CC:01","sensors":{"temperature":23.9,"humidity":50.3,"ph":7.8}}
[2026-05-22T01:34:08.236Z] temperature => 23.9
[2026-05-22T01:34:08.236Z] temperature => 23.9
[2026-05-22T01:34:08.250Z] temperature: 23.9 saved
[2026-05-22T01:34:08.250Z] humidity => 50.3
[2026-05-22T01:34:08.293Z] temperature: 23.9 saved
[2026-05-22T01:34:08.293Z] humidity: 50.3 saved
[2026-05-22T01:34:08.294Z] humidity => 50.3
[2026-05-22T01:34:08.294Z] ph => 7.8
[2026-05-22T01:34:08.326Z] humidity: 50.3 saved
[2026-05-22T01:34:08.326Z] ph: 7.8 saved
[2026-05-22T01:34:08.326Z] ph => 7.8
[2026-05-22T01:34:08.348Z] ph: 7.8 saved
[2026-05-22T01:34:08.348Z] Notification saved
[2026-05-22T01:34:08.370Z] Notification saved
[2026-05-22T01:34:18.222Z] Topic: aquaponic/device/data
[2026-05-22T01:34:18.223Z] Payload: {"mac_address":"ESP:32:AA:BB:CC:01","sensors":{"temperature":17.2,"humidity":47.4,"ph":7.4}}
[2026-05-22T01:34:18.223Z] Topic: aquaponic/device/data
[2026-05-22T01:34:18.223Z] Payload: {"mac_address":"ESP:32:AA:BB:CC:01","sensors":{"temperature":17.2,"humidity":47.4,"ph":7.4}}
[2026-05-22T01:34:18.224Z] temperature => 17.2
[2026-05-22T01:34:18.224Z] temperature => 17.2
[2026-05-22T01:34:18.239Z] temperature: 17.2 saved
[2026-05-22T01:34:18.239Z] temperature: 17.2 saved
[2026-05-22T01:34:18.262Z] Notification saved
[2026-05-22T01:34:18.262Z] Notification saved
[2026-05-22T01:34:18.263Z] humidity => 47.4
[2026-05-22T01:34:18.263Z] humidity => 47.4
[2026-05-22T01:34:18.274Z] humidity: 47.4 saved
[2026-05-22T01:34:18.274Z] humidity: 47.4 saved
[2026-05-22T01:34:18.274Z] ph => 7.4
[2026-05-22T01:34:18.274Z] ph => 7.4
[2026-05-22T01:34:18.287Z] ph: 7.4 saved
[2026-05-22T01:34:18.291Z] ph: 7.4 saved
[2026-05-22T01:34:28.239Z] Topic: aquaponic/device/data
[2026-05-22T01:34:28.239Z] Payload: {"mac_address":"ESP:32:AA:BB:CC:01","sensors":{"temperature":21,"humidity":76.1,"ph":4.6}}
[2026-05-22T01:34:28.241Z] temperature => 21
[2026-05-22T01:34:28.241Z] Topic: aquaponic/device/data
[2026-05-22T01:34:28.241Z] Payload: {"mac_address":"ESP:32:AA:BB:CC:01","sensors":{"temperature":21,"humidity":76.1,"ph":4.6}}
[2026-05-22T01:34:28.243Z] temperature => 21
[2026-05-22T01:34:28.250Z] temperature: 21 saved
[2026-05-22T01:34:28.250Z] humidity => 76.1
[2026-05-22T01:34:28.253Z] temperature: 21 saved
[2026-05-22T01:34:28.253Z] humidity => 76.1
[2026-05-22T01:34:28.263Z] humidity: 76.1 saved
[2026-05-22T01:34:28.263Z] ph => 4.6
[2026-05-22T01:34:28.274Z] humidity: 76.1 saved
[2026-05-22T01:34:28.275Z] ph => 4.6
[2026-05-22T01:34:28.281Z] ph: 4.6 saved
[2026-05-22T01:34:28.291Z] ph: 4.6 saved
[2026-05-22T01:34:28.303Z] Notification saved
[2026-05-22T01:34:28.311Z] Notification saved
[2026-05-22T01:34:38.251Z] Topic: aquaponic/device/data
[2026-05-22T01:34:38.251Z] Payload: {"mac_address":"ESP:32:AA:BB:CC:01","sensors":{"temperature":32.5,"humidity":41.2,"ph":8.9}}
[2026-05-22T01:34:38.252Z] Topic: aquaponic/device/data
[2026-05-22T01:34:38.252Z] Payload: {"mac_address":"ESP:32:AA:BB:CC:01","sensors":{"temperature":32.5,"humidity":41.2,"ph":8.9}}
[2026-05-22T01:34:38.253Z] temperature => 32.5
[2026-05-22T01:34:38.253Z] temperature => 32.5
[2026-05-22T01:34:38.270Z] temperature: 32.5 saved
[2026-05-22T01:34:38.270Z] temperature: 32.5 saved
[2026-05-22T01:34:38.281Z] Notification saved
[2026-05-22T01:34:38.281Z] Notification saved
[2026-05-22T01:34:38.281Z] humidity => 41.2
[2026-05-22T01:34:38.281Z] humidity => 41.2
[2026-05-22T01:34:38.298Z] humidity: 41.2 saved
[2026-05-22T01:34:38.298Z] humidity: 41.2 saved
[2026-05-22T01:34:38.298Z] ph => 8.9
[2026-05-22T01:34:38.298Z] ph => 8.9
[2026-05-22T01:34:38.308Z] ph: 8.9 saved
[2026-05-22T01:34:38.308Z] ph: 8.9 saved
[2026-05-22T01:34:38.319Z] Notification saved
[2026-05-22T01:34:38.319Z] Notification saved
[2026-05-22T01:34:48.260Z] Topic: aquaponic/device/data
[2026-05-22T01:34:48.260Z] Payload: {"mac_address":"ESP:32:AA:BB:CC:01","sensors":{"temperature":35.9,"humidity":39.2,"ph":8.7}}
[2026-05-22T01:34:48.260Z] Topic: aquaponic/device/data
[2026-05-22T01:34:48.260Z] Payload: {"mac_address":"ESP:32:AA:BB:CC:01","sensors":{"temperature":35.9,"humidity":39.2,"ph":8.7}}
[2026-05-22T01:34:48.262Z] temperature => 35.9
[2026-05-22T01:34:48.262Z] temperature => 35.9
[2026-05-22T01:34:48.285Z] temperature: 35.9 saved
[2026-05-22T01:34:48.309Z] temperature: 35.9 saved
[2026-05-22T01:34:48.328Z] Notification saved
[2026-05-22T01:34:48.328Z] humidity => 39.2
[2026-05-22T01:34:48.344Z] Notification saved
[2026-05-22T01:34:48.344Z] humidity => 39.2
[2026-05-22T01:34:48.367Z] humidity: 39.2 saved
[2026-05-22T01:34:48.384Z] humidity: 39.2 saved
[2026-05-22T01:34:48.407Z] Notification saved
[2026-05-22T01:34:48.407Z] Notification saved
[2026-05-22T01:34:48.407Z] ph => 8.7
[2026-05-22T01:34:48.407Z] ph => 8.7
[2026-05-22T01:34:48.417Z] ph: 8.7 saved
[2026-05-22T01:34:48.417Z] ph: 8.7 saved
[2026-05-22T01:34:48.430Z] Notification saved
[2026-05-22T01:34:48.430Z] Notification saved
[2026-05-22T01:34:58.277Z] Topic: aquaponic/device/data
[2026-05-22T01:34:58.278Z] Payload: {"mac_address":"ESP:32:AA:BB:CC:01","sensors":{"temperature":20.2,"humidity":56.3,"ph":6.1}}
[2026-05-22T01:34:58.278Z] Topic: aquaponic/device/data
[2026-05-22T01:34:58.278Z] Payload: {"mac_address":"ESP:32:AA:BB:CC:01","sensors":{"temperature":20.2,"humidity":56.3,"ph":6.1}}
[2026-05-22T01:34:58.279Z] temperature => 20.2
[2026-05-22T01:34:58.279Z] temperature => 20.2
[2026-05-22T01:34:58.293Z] temperature: 20.2 saved
[2026-05-22T01:34:58.293Z] temperature: 20.2 saved
[2026-05-22T01:34:58.293Z] humidity => 56.3
[2026-05-22T01:34:58.293Z] humidity => 56.3
[2026-05-22T01:34:58.310Z] humidity: 56.3 saved
[2026-05-22T01:34:58.310Z] humidity: 56.3 saved
[2026-05-22T01:34:58.310Z] ph => 6.1
[2026-05-22T01:34:58.310Z] ph => 6.1
[2026-05-22T01:34:58.326Z] ph: 6.1 saved
[2026-05-22T01:34:58.326Z] ph: 6.1 saved
[2026-05-22T01:35:08.306Z] Topic: aquaponic/device/data
[2026-05-22T01:35:08.306Z] Payload: {"mac_address":"ESP:32:AA:BB:CC:01","sensors":{"temperature":19.4,"humidity":82.9,"ph":7.8}}
[2026-05-22T01:35:08.307Z] temperature => 19.4
[2026-05-22T01:35:08.308Z] Topic: aquaponic/device/data
[2026-05-22T01:35:08.308Z] Payload: {"mac_address":"ESP:32:AA:BB:CC:01","sensors":{"temperature":19.4,"humidity":82.9,"ph":7.8}}
[2026-05-22T01:35:08.309Z] temperature => 19.4
[2026-05-22T01:35:08.334Z] temperature: 19.4 saved
[2026-05-22T01:35:08.334Z] humidity => 82.9
[2026-05-22T01:35:08.339Z] temperature: 19.4 saved
[2026-05-22T01:35:08.339Z] humidity => 82.9
[2026-05-22T01:35:08.349Z] humidity: 82.9 saved
[2026-05-22T01:35:08.349Z] ph => 7.8
[2026-05-22T01:35:08.359Z] humidity: 82.9 saved
[2026-05-22T01:35:08.359Z] ph => 7.8
[2026-05-22T01:35:08.370Z] ph: 7.8 saved
[2026-05-22T01:35:08.386Z] Notification saved
[2026-05-22T01:35:08.386Z] ph: 7.8 saved
[2026-05-22T01:35:08.397Z] Notification saved
[2026-05-22T01:35:18.297Z] Topic: aquaponic/device/data
[2026-05-22T01:35:18.298Z] Payload: {"mac_address":"ESP:32:AA:BB:CC:01","sensors":{"temperature":35.7,"humidity":51.8,"ph":8.5}}
[2026-05-22T01:35:18.298Z] Topic: aquaponic/device/data
[2026-05-22T01:35:18.298Z] Payload: {"mac_address":"ESP:32:AA:BB:CC:01","sensors":{"temperature":35.7,"humidity":51.8,"ph":8.5}}
[2026-05-22T01:35:18.299Z] temperature => 35.7
[2026-05-22T01:35:18.299Z] temperature => 35.7
[2026-05-22T01:35:18.310Z] temperature: 35.7 saved
[2026-05-22T01:35:18.319Z] temperature: 35.7 saved
[2026-05-22T01:35:18.343Z] Notification saved
[2026-05-22T01:35:18.343Z] humidity => 51.8
[2026-05-22T01:35:18.346Z] Notification saved
[2026-05-22T01:35:18.346Z] humidity => 51.8
[2026-05-22T01:35:18.352Z] humidity: 51.8 saved
[2026-05-22T01:35:18.353Z] ph => 8.5
[2026-05-22T01:35:18.366Z] humidity: 51.8 saved
[2026-05-22T01:35:18.366Z] ph => 8.5
[2026-05-22T01:35:18.399Z] ph: 8.5 saved
[2026-05-22T01:35:18.399Z] ph: 8.5 saved
[2026-05-22T01:35:18.414Z] Notification saved
[2026-05-22T01:35:18.414Z] Notification saved
[2026-05-22T01:35:28.326Z] Topic: aquaponic/device/data
[2026-05-22T01:35:28.326Z] Topic: aquaponic/device/data
[2026-05-22T01:35:28.327Z] Payload: {"mac_address":"ESP:32:AA:BB:CC:01","sensors":{"temperature":27,"humidity":63.5,"ph":4.5}}
[2026-05-22T01:35:28.327Z] Payload: {"mac_address":"ESP:32:AA:BB:CC:01","sensors":{"temperature":27,"humidity":63.5,"ph":4.5}}
[2026-05-22T01:35:28.328Z] temperature => 27
[2026-05-22T01:35:28.328Z] temperature => 27
[2026-05-22T01:35:28.342Z] temperature: 27 saved
[2026-05-22T01:35:28.342Z] humidity => 63.5
[2026-05-22T01:35:28.345Z] temperature: 27 saved
[2026-05-22T01:35:28.345Z] humidity => 63.5
[2026-05-22T01:35:28.352Z] humidity: 63.5 saved
[2026-05-22T01:35:28.352Z] ph => 4.5
[2026-05-22T01:35:28.382Z] humidity: 63.5 saved
[2026-05-22T01:35:28.382Z] ph => 4.5
[2026-05-22T01:35:28.392Z] ph: 4.5 saved
[2026-05-22T01:35:28.407Z] Notification saved
[2026-05-22T01:35:28.407Z] ph: 4.5 saved
[2026-05-22T01:35:28.432Z] Notification saved
[2026-05-22T01:35:38.328Z] Topic: aquaponic/device/data
[2026-05-22T01:35:38.328Z] Payload: {"mac_address":"ESP:32:AA:BB:CC:01","sensors":{"temperature":27.5,"humidity":76.4,"ph":4.5}}
[2026-05-22T01:35:38.329Z] Topic: aquaponic/device/data
[2026-05-22T01:35:38.329Z] Payload: {"mac_address":"ESP:32:AA:BB:CC:01","sensors":{"temperature":27.5,"humidity":76.4,"ph":4.5}}
[2026-05-22T01:35:38.330Z] temperature => 27.5
[2026-05-22T01:35:38.331Z] temperature => 27.5
[2026-05-22T01:35:38.351Z] temperature: 27.5 saved
[2026-05-22T01:35:38.351Z] temperature: 27.5 saved
[2026-05-22T01:35:38.351Z] humidity => 76.4
[2026-05-22T01:35:38.351Z] humidity => 76.4
[2026-05-22T01:35:38.367Z] humidity: 76.4 saved
[2026-05-22T01:35:38.367Z] ph => 4.5
[2026-05-22T01:35:38.376Z] humidity: 76.4 saved
[2026-05-22T01:35:38.376Z] ph => 4.5
[2026-05-22T01:35:38.389Z] ph: 4.5 saved
[2026-05-22T01:35:38.396Z] ph: 4.5 saved
[2026-05-22T01:35:38.416Z] Notification saved
[2026-05-22T01:35:38.419Z] Notification saved
[2026-05-22T01:35:48.336Z] Topic: aquaponic/device/data
[2026-05-22T01:35:48.337Z] Payload: {"mac_address":"ESP:32:AA:BB:CC:01","sensors":{"temperature":18,"humidity":74.8,"ph":4.6}}
[2026-05-22T01:35:48.337Z] Topic: aquaponic/device/data
[2026-05-22T01:35:48.337Z] Payload: {"mac_address":"ESP:32:AA:BB:CC:01","sensors":{"temperature":18,"humidity":74.8,"ph":4.6}}
[2026-05-22T01:35:48.338Z] temperature => 18
[2026-05-22T01:35:48.339Z] temperature => 18
[2026-05-22T01:35:48.361Z] temperature: 18 saved
[2026-05-22T01:35:48.361Z] temperature: 18 saved
[2026-05-22T01:35:48.362Z] humidity => 74.8
[2026-05-22T01:35:48.362Z] humidity => 74.8
[2026-05-22T01:35:48.402Z] humidity: 74.8 saved
[2026-05-22T01:35:48.402Z] humidity: 74.8 saved
[2026-05-22T01:35:48.402Z] ph => 4.6
[2026-05-22T01:35:48.402Z] ph => 4.6
[2026-05-22T01:35:48.427Z] ph: 4.6 saved
[2026-05-22T01:35:48.427Z] ph: 4.6 saved
[2026-05-22T01:35:48.437Z] Notification saved
[2026-05-22T01:35:48.437Z] Notification saved
[2026-05-22T01:35:58.346Z] Topic: aquaponic/device/data
[2026-05-22T01:35:58.346Z] Payload: {"mac_address":"ESP:32:AA:BB:CC:01","sensors":{"temperature":21.2,"humidity":36.2,"ph":7.1}}
[2026-05-22T01:35:58.346Z] Topic: aquaponic/device/data
[2026-05-22T01:35:58.347Z] Payload: {"mac_address":"ESP:32:AA:BB:CC:01","sensors":{"temperature":21.2,"humidity":36.2,"ph":7.1}}
[2026-05-22T01:35:58.347Z] temperature => 21.2
[2026-05-22T01:35:58.348Z] temperature => 21.2
[2026-05-22T01:35:58.362Z] temperature: 21.2 saved
[2026-05-22T01:35:58.362Z] humidity => 36.2
[2026-05-22T01:35:58.365Z] temperature: 21.2 saved
[2026-05-22T01:35:58.365Z] humidity => 36.2
[2026-05-22T01:35:58.374Z] humidity: 36.2 saved
[2026-05-22T01:35:58.390Z] humidity: 36.2 saved
[2026-05-22T01:35:58.412Z] Notification saved
[2026-05-22T01:35:58.412Z] ph => 7.1
[2026-05-22T01:35:58.429Z] Notification saved
[2026-05-22T01:35:58.430Z] ph => 7.1
[2026-05-22T01:35:58.471Z] ph: 7.1 saved
[2026-05-22T01:35:58.471Z] ph: 7.1 saved
[2026-05-22T01:36:08.357Z] Topic: aquaponic/device/data
[2026-05-22T01:36:08.357Z] Payload: {"mac_address":"ESP:32:AA:BB:CC:01","sensors":{"temperature":23.1,"humidity":93.9,"ph":8.6}}
[2026-05-22T01:36:08.357Z] Topic: aquaponic/device/data
[2026-05-22T01:36:08.357Z] Payload: {"mac_address":"ESP:32:AA:BB:CC:01","sensors":{"temperature":23.1,"humidity":93.9,"ph":8.6}}
[2026-05-22T01:36:08.359Z] temperature => 23.1
[2026-05-22T01:36:08.359Z] temperature => 23.1
[2026-05-22T01:36:08.371Z] temperature: 23.1 saved
[2026-05-22T01:36:08.371Z] humidity => 93.9
[2026-05-22T01:36:08.376Z] temperature: 23.1 saved
[2026-05-22T01:36:08.377Z] humidity => 93.9
[2026-05-22T01:36:08.392Z] humidity: 93.9 saved
[2026-05-22T01:36:08.406Z] humidity: 93.9 saved
[2026-05-22T01:36:08.411Z] Notification saved
[2026-05-22T01:36:08.411Z] ph => 8.6
[2026-05-22T01:36:08.420Z] Notification saved
[2026-05-22T01:36:08.420Z] ph => 8.6
[2026-05-22T01:36:08.430Z] ph: 8.6 saved
[2026-05-22T01:36:08.440Z] ph: 8.6 saved
[2026-05-22T01:36:08.452Z] Notification saved
[2026-05-22T01:36:08.463Z] Notification saved
[2026-05-22T01:36:18.379Z] Topic: aquaponic/device/data
[2026-05-22T01:36:18.379Z] Payload: {"mac_address":"ESP:32:AA:BB:CC:01","sensors":{"temperature":28.5,"humidity":71.2,"ph":4.3}}
[2026-05-22T01:36:18.380Z] Topic: aquaponic/device/data
[2026-05-22T01:36:18.380Z] Payload: {"mac_address":"ESP:32:AA:BB:CC:01","sensors":{"temperature":28.5,"humidity":71.2,"ph":4.3}}
[2026-05-22T01:36:18.380Z] temperature => 28.5
[2026-05-22T01:36:18.381Z] temperature => 28.5
[2026-05-22T01:36:18.393Z] temperature: 28.5 saved
[2026-05-22T01:36:18.394Z] humidity => 71.2
[2026-05-22T01:36:18.397Z] temperature: 28.5 saved
[2026-05-22T01:36:18.397Z] humidity => 71.2
[2026-05-22T01:36:18.404Z] humidity: 71.2 saved
[2026-05-22T01:36:18.404Z] ph => 4.3
[2026-05-22T01:36:18.422Z] ph: 4.3 saved
[2026-05-22T01:36:18.422Z] humidity: 71.2 saved
[2026-05-22T01:36:18.423Z] ph => 4.3
[2026-05-22T01:36:18.436Z] Notification saved
[2026-05-22T01:36:18.436Z] ph: 4.3 saved
[2026-05-22T01:36:18.445Z] Notification saved
[2026-05-22T01:36:28.389Z] Topic: aquaponic/device/data
[2026-05-22T01:36:28.389Z] Payload: {"mac_address":"ESP:32:AA:BB:CC:01","sensors":{"temperature":15.5,"humidity":77.7,"ph":7.2}}
[2026-05-22T01:36:28.389Z] Topic: aquaponic/device/data
[2026-05-22T01:36:28.390Z] Payload: {"mac_address":"ESP:32:AA:BB:CC:01","sensors":{"temperature":15.5,"humidity":77.7,"ph":7.2}}
[2026-05-22T01:36:28.391Z] temperature => 15.5
[2026-05-22T01:36:28.391Z] temperature => 15.5
[2026-05-22T01:36:28.408Z] temperature: 15.5 saved
[2026-05-22T01:36:28.414Z] temperature: 15.5 saved
[2026-05-22T01:36:28.427Z] Notification saved
[2026-05-22T01:36:28.428Z] humidity => 77.7
[2026-05-22T01:36:28.430Z] Notification saved
[2026-05-22T01:36:28.431Z] humidity => 77.7
[2026-05-22T01:36:28.442Z] humidity: 77.7 saved
[2026-05-22T01:36:28.442Z] ph => 7.2
[2026-05-22T01:36:28.452Z] humidity: 77.7 saved
[2026-05-22T01:36:28.452Z] ph => 7.2
[2026-05-22T01:36:28.462Z] ph: 7.2 saved
[2026-05-22T01:36:28.478Z] ph: 7.2 saved
[2026-05-22T01:36:38.403Z] Topic: aquaponic/device/data
[2026-05-22T01:36:38.403Z] Topic: aquaponic/device/data
[2026-05-22T01:36:38.403Z] Payload: {"mac_address":"ESP:32:AA:BB:CC:01","sensors":{"temperature":17.5,"humidity":57.5,"ph":6.4}}
[2026-05-22T01:36:38.403Z] Payload: {"mac_address":"ESP:32:AA:BB:CC:01","sensors":{"temperature":17.5,"humidity":57.5,"ph":6.4}}
[2026-05-22T01:36:38.405Z] temperature => 17.5
[2026-05-22T01:36:38.405Z] temperature => 17.5
[2026-05-22T01:36:38.420Z] temperature: 17.5 saved
[2026-05-22T01:36:38.424Z] temperature: 17.5 saved
[2026-05-22T01:36:38.435Z] Notification saved
[2026-05-22T01:36:38.435Z] humidity => 57.5
[2026-05-22T01:36:38.443Z] Notification saved
[2026-05-22T01:36:38.444Z] humidity => 57.5
[2026-05-22T01:36:38.450Z] humidity: 57.5 saved
[2026-05-22T01:36:38.450Z] ph => 6.4
[2026-05-22T01:36:38.468Z] humidity: 57.5 saved
[2026-05-22T01:36:38.468Z] ph => 6.4
[2026-05-22T01:36:38.471Z] ph: 6.4 saved
[2026-05-22T01:36:38.477Z] ph: 6.4 saved
[2026-05-22T01:36:48.405Z] Topic: aquaponic/device/data
[2026-05-22T01:36:48.405Z] Payload: {"mac_address":"ESP:32:AA:BB:CC:01","sensors":{"temperature":33.5,"humidity":69.9,"ph":8.3}}
[2026-05-22T01:36:48.406Z] Topic: aquaponic/device/data
[2026-05-22T01:36:48.406Z] Payload: {"mac_address":"ESP:32:AA:BB:CC:01","sensors":{"temperature":33.5,"humidity":69.9,"ph":8.3}}
[2026-05-22T01:36:48.407Z] temperature => 33.5
[2026-05-22T01:36:48.407Z] temperature => 33.5
[2026-05-22T01:36:48.431Z] temperature: 33.5 saved
[2026-05-22T01:36:48.431Z] temperature: 33.5 saved
[2026-05-22T01:36:48.461Z] Notification saved
[2026-05-22T01:36:48.461Z] Notification saved
[2026-05-22T01:36:48.461Z] humidity => 69.9
[2026-05-22T01:36:48.461Z] humidity => 69.9
[2026-05-22T01:36:48.482Z] humidity: 69.9 saved
[2026-05-22T01:36:48.482Z] humidity: 69.9 saved
[2026-05-22T01:36:48.482Z] ph => 8.3
[2026-05-22T01:36:48.482Z] ph => 8.3
[2026-05-22T01:36:48.510Z] ph: 8.3 saved
[2026-05-22T01:36:48.510Z] ph: 8.3 saved
[2026-05-22T01:36:48.564Z] Notification saved
[2026-05-22T01:36:48.564Z] Notification saved
[2026-05-22T01:36:58.425Z] Topic: aquaponic/device/data
[2026-05-22T01:36:58.425Z] Payload: {"mac_address":"ESP:32:AA:BB:CC:01","sensors":{"temperature":21.4,"humidity":37.2,"ph":4.7}}
[2026-05-22T01:36:58.425Z] Topic: aquaponic/device/data
[2026-05-22T01:36:58.425Z] Payload: {"mac_address":"ESP:32:AA:BB:CC:01","sensors":{"temperature":21.4,"humidity":37.2,"ph":4.7}}
[2026-05-22T01:36:58.427Z] temperature => 21.4
[2026-05-22T01:36:58.427Z] temperature => 21.4
[2026-05-22T01:36:58.435Z] temperature: 21.4 saved
[2026-05-22T01:36:58.435Z] humidity => 37.2
[2026-05-22T01:36:58.438Z] temperature: 21.4 saved
[2026-05-22T01:36:58.438Z] humidity => 37.2
[2026-05-22T01:36:58.452Z] humidity: 37.2 saved
[2026-05-22T01:36:58.463Z] humidity: 37.2 saved
[2026-05-22T01:36:58.476Z] Notification saved
[2026-05-22T01:36:58.476Z] ph => 4.7
[2026-05-22T01:36:58.479Z] Notification saved
[2026-05-22T01:36:58.479Z] ph => 4.7
[2026-05-22T01:36:58.488Z] ph: 4.7 saved
[2026-05-22T01:36:58.495Z] ph: 4.7 saved
[2026-05-22T01:36:58.502Z] Notification saved
[2026-05-22T01:36:58.521Z] Notification saved
[2026-05-22T01:37:08.430Z] Topic: aquaponic/device/data
[2026-05-22T01:37:08.430Z] Payload: {"mac_address":"ESP:32:AA:BB:CC:01","sensors":{"temperature":22.9,"humidity":64.1,"ph":8.2}}
[2026-05-22T01:37:08.430Z] Topic: aquaponic/device/data
[2026-05-22T01:37:08.431Z] Payload: {"mac_address":"ESP:32:AA:BB:CC:01","sensors":{"temperature":22.9,"humidity":64.1,"ph":8.2}}
[2026-05-22T01:37:08.432Z] temperature => 22.9
[2026-05-22T01:37:08.432Z] temperature => 22.9
[2026-05-22T01:37:08.454Z] temperature: 22.9 saved
[2026-05-22T01:37:08.454Z] temperature: 22.9 saved
[2026-05-22T01:37:08.454Z] humidity => 64.1
[2026-05-22T01:37:08.454Z] humidity => 64.1
[2026-05-22T01:37:08.469Z] humidity: 64.1 saved
[2026-05-22T01:37:08.469Z] humidity: 64.1 saved
[2026-05-22T01:37:08.469Z] ph => 8.2
[2026-05-22T01:37:08.469Z] ph => 8.2
[2026-05-22T01:37:08.486Z] ph: 8.2 saved
[2026-05-22T01:37:08.486Z] ph: 8.2 saved
[2026-05-22T01:37:08.502Z] Notification saved
[2026-05-22T01:37:08.502Z] Notification saved
[2026-05-22T01:37:18.442Z] Topic: aquaponic/device/data
[2026-05-22T01:37:18.443Z] Payload: {"mac_address":"ESP:32:AA:BB:CC:01","sensors":{"temperature":34.9,"humidity":61.5,"ph":8.4}}
[2026-05-22T01:37:18.443Z] Topic: aquaponic/device/data
[2026-05-22T01:37:18.443Z] Payload: {"mac_address":"ESP:32:AA:BB:CC:01","sensors":{"temperature":34.9,"humidity":61.5,"ph":8.4}}
[2026-05-22T01:37:18.444Z] temperature => 34.9
[2026-05-22T01:37:18.444Z] temperature => 34.9
[2026-05-22T01:37:18.452Z] temperature: 34.9 saved
[2026-05-22T01:37:18.469Z] temperature: 34.9 saved
[2026-05-22T01:37:18.476Z] Notification saved
[2026-05-22T01:37:18.476Z] humidity => 61.5
[2026-05-22T01:37:18.483Z] Notification saved
[2026-05-22T01:37:18.483Z] humidity => 61.5
[2026-05-22T01:37:18.498Z] humidity: 61.5 saved
[2026-05-22T01:37:18.499Z] ph => 8.4
[2026-05-22T01:37:18.506Z] humidity: 61.5 saved
[2026-05-22T01:37:18.506Z] ph => 8.4
[2026-05-22T01:37:18.515Z] ph: 8.4 saved
[2026-05-22T01:37:18.523Z] ph: 8.4 saved
[2026-05-22T01:37:18.539Z] Notification saved
[2026-05-22T01:37:18.542Z] Notification saved
[2026-05-22T01:37:28.454Z] Topic: aquaponic/device/data
[2026-05-22T01:37:28.454Z] Payload: {"mac_address":"ESP:32:AA:BB:CC:01","sensors":{"temperature":25.7,"humidity":67.6,"ph":6.3}}
[2026-05-22T01:37:28.455Z] Topic: aquaponic/device/data
[2026-05-22T01:37:28.455Z] Payload: {"mac_address":"ESP:32:AA:BB:CC:01","sensors":{"temperature":25.7,"humidity":67.6,"ph":6.3}}
[2026-05-22T01:37:28.456Z] temperature => 25.7
[2026-05-22T01:37:28.457Z] temperature => 25.7
[2026-05-22T01:37:28.494Z] temperature: 25.7 saved
[2026-05-22T01:37:28.494Z] temperature: 25.7 saved
[2026-05-22T01:37:28.494Z] humidity => 67.6
[2026-05-22T01:37:28.494Z] humidity => 67.6
[2026-05-22T01:37:28.510Z] humidity: 67.6 saved
[2026-05-22T01:37:28.510Z] humidity: 67.6 saved
[2026-05-22T01:37:28.511Z] ph => 6.3
[2026-05-22T01:37:28.511Z] ph => 6.3
[2026-05-22T01:37:28.528Z] ph: 6.3 saved
[2026-05-22T01:37:28.528Z] ph: 6.3 saved
[2026-05-22T01:37:38.469Z] Topic: aquaponic/device/data
[2026-05-22T01:37:38.469Z] Payload: {"mac_address":"ESP:32:AA:BB:CC:01","sensors":{"temperature":15.4,"humidity":69.9,"ph":5.6}}
[2026-05-22T01:37:38.469Z] Topic: aquaponic/device/data
[2026-05-22T01:37:38.469Z] Payload: {"mac_address":"ESP:32:AA:BB:CC:01","sensors":{"temperature":15.4,"humidity":69.9,"ph":5.6}}
[2026-05-22T01:37:38.470Z] temperature => 15.4
[2026-05-22T01:37:38.471Z] temperature => 15.4
[2026-05-22T01:37:38.483Z] temperature: 15.4 saved
[2026-05-22T01:37:38.483Z] temperature: 15.4 saved
[2026-05-22T01:37:38.498Z] Notification saved
[2026-05-22T01:37:38.498Z] Notification saved
[2026-05-22T01:37:38.498Z] humidity => 69.9
[2026-05-22T01:37:38.498Z] humidity => 69.9
[2026-05-22T01:37:38.512Z] humidity: 69.9 saved
[2026-05-22T01:37:38.512Z] humidity: 69.9 saved
[2026-05-22T01:37:38.512Z] ph => 5.6
[2026-05-22T01:37:38.512Z] ph => 5.6
[2026-05-22T01:37:38.519Z] ph: 5.6 saved
[2026-05-22T01:37:38.522Z] ph: 5.6 saved
[2026-05-22T01:37:48.537Z] Topic: aquaponic/device/data
[2026-05-22T01:37:48.537Z] Payload: {"mac_address":"ESP:32:AA:BB:CC:01","sensors":{"temperature":21,"humidity":33.9,"ph":4.5}}
[2026-05-22T01:37:48.538Z] temperature => 21
[2026-05-22T01:37:48.559Z] temperature: 21 saved
[2026-05-22T01:37:48.559Z] humidity => 33.9
[2026-05-22T01:37:48.559Z] Topic: aquaponic/device/data
[2026-05-22T01:37:48.559Z] Payload: {"mac_address":"ESP:32:AA:BB:CC:01","sensors":{"temperature":21,"humidity":33.9,"ph":4.5}}
[2026-05-22T01:37:48.561Z] temperature => 21
[2026-05-22T01:37:48.569Z] humidity: 33.9 saved
[2026-05-22T01:37:48.575Z] temperature: 21 saved
[2026-05-22T01:37:48.575Z] humidity => 33.9
[2026-05-22T01:37:48.592Z] Notification saved
[2026-05-22T01:37:48.593Z] ph => 4.5
[2026-05-22T01:37:48.618Z] ph: 4.5 saved
[2026-05-22T01:37:48.663Z] humidity: 33.9 saved
[2026-05-22T01:37:48.672Z] Notification saved
[2026-05-22T01:37:48.681Z] Notification saved
[2026-05-22T01:37:48.681Z] ph => 4.5
[2026-05-22T01:37:48.690Z] ph: 4.5 saved
[2026-05-22T01:37:48.700Z] Notification saved
[2026-05-22T01:37:58.492Z] Topic: aquaponic/device/data
[2026-05-22T01:37:58.492Z] Payload: {"mac_address":"ESP:32:AA:BB:CC:01","sensors":{"temperature":20.3,"humidity":47.4,"ph":7.5}}
[2026-05-22T01:37:58.493Z] Topic: aquaponic/device/data
[2026-05-22T01:37:58.493Z] Payload: {"mac_address":"ESP:32:AA:BB:CC:01","sensors":{"temperature":20.3,"humidity":47.4,"ph":7.5}}
[2026-05-22T01:37:58.494Z] temperature => 20.3
[2026-05-22T01:37:58.494Z] temperature => 20.3
[2026-05-22T01:37:58.503Z] temperature: 20.3 saved
[2026-05-22T01:37:58.504Z] humidity => 47.4
[2026-05-22T01:37:58.512Z] temperature: 20.3 saved
[2026-05-22T01:37:58.512Z] humidity => 47.4
[2026-05-22T01:37:58.521Z] humidity: 47.4 saved
[2026-05-22T01:37:58.521Z] ph => 7.5
[2026-05-22T01:37:58.527Z] humidity: 47.4 saved
[2026-05-22T01:37:58.527Z] ph => 7.5
[2026-05-22T01:37:58.542Z] ph: 7.5 saved
[2026-05-22T01:37:58.542Z] ph: 7.5 saved
[2026-05-22T01:38:08.504Z] Topic: aquaponic/device/data
[2026-05-22T01:38:08.504Z] Payload: {"mac_address":"ESP:32:AA:BB:CC:01","sensors":{"temperature":25.3,"humidity":72.6,"ph":7.3}}
[2026-05-22T01:38:08.504Z] Topic: aquaponic/device/data
[2026-05-22T01:38:08.505Z] Payload: {"mac_address":"ESP:32:AA:BB:CC:01","sensors":{"temperature":25.3,"humidity":72.6,"ph":7.3}}
[2026-05-22T01:38:08.506Z] temperature => 25.3
[2026-05-22T01:38:08.506Z] temperature => 25.3
[2026-05-22T01:38:08.516Z] temperature: 25.3 saved
[2026-05-22T01:38:08.516Z] humidity => 72.6
[2026-05-22T01:38:08.519Z] temperature: 25.3 saved
[2026-05-22T01:38:08.519Z] humidity => 72.6
[2026-05-22T01:38:08.526Z] humidity: 72.6 saved
[2026-05-22T01:38:08.526Z] ph => 7.3
[2026-05-22T01:38:08.544Z] humidity: 72.6 saved
[2026-05-22T01:38:08.544Z] ph => 7.3
[2026-05-22T01:38:08.547Z] ph: 7.3 saved
[2026-05-22T01:38:08.556Z] ph: 7.3 saved
[2026-05-22T01:38:18.515Z] Topic: aquaponic/device/data
[2026-05-22T01:38:18.515Z] Payload: {"mac_address":"ESP:32:AA:BB:CC:01","sensors":{"temperature":21.8,"humidity":49.7,"ph":4.7}}
[2026-05-22T01:38:18.516Z] Topic: aquaponic/device/data
[2026-05-22T01:38:18.516Z] Payload: {"mac_address":"ESP:32:AA:BB:CC:01","sensors":{"temperature":21.8,"humidity":49.7,"ph":4.7}}
[2026-05-22T01:38:18.517Z] temperature => 21.8
[2026-05-22T01:38:18.518Z] temperature => 21.8
[2026-05-22T01:38:18.529Z] temperature: 21.8 saved
[2026-05-22T01:38:18.529Z] humidity => 49.7
[2026-05-22T01:38:18.542Z] temperature: 21.8 saved
[2026-05-22T01:38:18.542Z] humidity => 49.7
[2026-05-22T01:38:18.570Z] humidity: 49.7 saved
[2026-05-22T01:38:18.571Z] ph => 4.7
[2026-05-22T01:38:18.574Z] humidity: 49.7 saved
[2026-05-22T01:38:18.574Z] ph => 4.7
[2026-05-22T01:38:18.582Z] ph: 4.7 saved
[2026-05-22T01:38:18.614Z] Notification saved
[2026-05-22T01:38:18.614Z] ph: 4.7 saved
[2026-05-22T01:38:18.639Z] Notification saved
[2026-05-22T01:38:28.545Z] Topic: aquaponic/device/data
[2026-05-22T01:38:28.545Z] Payload: {"mac_address":"ESP:32:AA:BB:CC:01","sensors":{"temperature":19,"humidity":86.1,"ph":4.2}}
[2026-05-22T01:38:28.546Z] Topic: aquaponic/device/data
[2026-05-22T01:38:28.546Z] Payload: {"mac_address":"ESP:32:AA:BB:CC:01","sensors":{"temperature":19,"humidity":86.1,"ph":4.2}}
[2026-05-22T01:38:28.547Z] temperature => 19
[2026-05-22T01:38:28.547Z] temperature => 19
[2026-05-22T01:38:28.555Z] temperature: 19 saved
[2026-05-22T01:38:28.556Z] humidity => 86.1
[2026-05-22T01:38:28.559Z] temperature: 19 saved
[2026-05-22T01:38:28.559Z] humidity => 86.1
[2026-05-22T01:38:28.567Z] humidity: 86.1 saved
[2026-05-22T01:38:28.582Z] humidity: 86.1 saved
[2026-05-22T01:38:28.585Z] Notification saved
[2026-05-22T01:38:28.585Z] ph => 4.2
[2026-05-22T01:38:28.595Z] Notification saved
[2026-05-22T01:38:28.595Z] ph => 4.2
[2026-05-22T01:38:28.605Z] ph: 4.2 saved
[2026-05-22T01:38:28.611Z] ph: 4.2 saved
[2026-05-22T01:38:28.638Z] Notification saved
[2026-05-22T01:38:28.646Z] Notification saved
[2026-05-22T01:38:38.552Z] Topic: aquaponic/device/data
[2026-05-22T01:38:38.552Z] Payload: {"mac_address":"ESP:32:AA:BB:CC:01","sensors":{"temperature":27.5,"humidity":88.1,"ph":8.6}}
[2026-05-22T01:38:38.553Z] Topic: aquaponic/device/data
[2026-05-22T01:38:38.553Z] Payload: {"mac_address":"ESP:32:AA:BB:CC:01","sensors":{"temperature":27.5,"humidity":88.1,"ph":8.6}}
[2026-05-22T01:38:38.554Z] temperature => 27.5
[2026-05-22T01:38:38.554Z] temperature => 27.5
[2026-05-22T01:38:38.566Z] temperature: 27.5 saved
[2026-05-22T01:38:38.566Z] humidity => 88.1
[2026-05-22T01:38:38.582Z] temperature: 27.5 saved
[2026-05-22T01:38:38.582Z] humidity => 88.1
[2026-05-22T01:38:38.589Z] humidity: 88.1 saved
[2026-05-22T01:38:38.598Z] humidity: 88.1 saved
[2026-05-22T01:38:38.608Z] Notification saved
[2026-05-22T01:38:38.608Z] ph => 8.6
[2026-05-22T01:38:38.622Z] Notification saved
[2026-05-22T01:38:38.622Z] ph => 8.6
[2026-05-22T01:38:38.643Z] ph: 8.6 saved
[2026-05-22T01:38:38.643Z] ph: 8.6 saved
[2026-05-22T01:38:38.725Z] Notification saved
[2026-05-22T01:38:38.725Z] Notification saved
[2026-05-22T01:38:48.633Z] Topic: aquaponic/device/data
[2026-05-22T01:38:48.633Z] Payload: {"mac_address":"ESP:32:AA:BB:CC:01","sensors":{"temperature":31.5,"humidity":72.7,"ph":7.2}}
[2026-05-22T01:38:48.635Z] temperature => 31.5
[2026-05-22T01:38:48.636Z] Topic: aquaponic/device/data
[2026-05-22T01:38:48.637Z] Payload: {"mac_address":"ESP:32:AA:BB:CC:01","sensors":{"temperature":31.5,"humidity":72.7,"ph":7.2}}
[2026-05-22T01:38:48.638Z] temperature => 31.5
[2026-05-22T01:38:48.647Z] temperature: 31.5 saved
[2026-05-22T01:38:48.647Z] humidity => 72.7
[2026-05-22T01:38:48.655Z] temperature: 31.5 saved
[2026-05-22T01:38:48.655Z] humidity => 72.7
[2026-05-22T01:38:48.669Z] humidity: 72.7 saved
[2026-05-22T01:38:48.669Z] ph => 7.2
[2026-05-22T01:38:48.672Z] humidity: 72.7 saved
[2026-05-22T01:38:48.672Z] ph => 7.2
[2026-05-22T01:38:48.682Z] ph: 7.2 saved
[2026-05-22T01:38:48.691Z] ph: 7.2 saved
[2026-05-22T01:38:58.570Z] Topic: aquaponic/device/data
[2026-05-22T01:38:58.570Z] Payload: {"mac_address":"ESP:32:AA:BB:CC:01","sensors":{"temperature":28.4,"humidity":31.3,"ph":7.3}}
[2026-05-22T01:38:58.571Z] Topic: aquaponic/device/data
[2026-05-22T01:38:58.571Z] Payload: {"mac_address":"ESP:32:AA:BB:CC:01","sensors":{"temperature":28.4,"humidity":31.3,"ph":7.3}}
[2026-05-22T01:38:58.572Z] temperature => 28.4
[2026-05-22T01:38:58.572Z] temperature => 28.4
[2026-05-22T01:38:58.588Z] temperature: 28.4 saved
[2026-05-22T01:38:58.588Z] humidity => 31.3
[2026-05-22T01:38:58.590Z] temperature: 28.4 saved
[2026-05-22T01:38:58.591Z] humidity => 31.3
[2026-05-22T01:38:58.599Z] humidity: 31.3 saved
[2026-05-22T01:38:58.608Z] humidity: 31.3 saved
[2026-05-22T01:38:58.631Z] Notification saved
[2026-05-22T01:38:58.631Z] ph => 7.3
[2026-05-22T01:38:58.644Z] Notification saved
[2026-05-22T01:38:58.644Z] ph => 7.3
[2026-05-22T01:38:58.655Z] ph: 7.3 saved
[2026-05-22T01:38:58.672Z] ph: 7.3 saved
[2026-05-22T01:39:08.587Z] Topic: aquaponic/device/data
[2026-05-22T01:39:08.587Z] Payload: {"mac_address":"ESP:32:AA:BB:CC:01","sensors":{"temperature":27.3,"humidity":31.4,"ph":4.9}}
[2026-05-22T01:39:08.588Z] Topic: aquaponic/device/data
[2026-05-22T01:39:08.588Z] Payload: {"mac_address":"ESP:32:AA:BB:CC:01","sensors":{"temperature":27.3,"humidity":31.4,"ph":4.9}}
[2026-05-22T01:39:08.589Z] temperature => 27.3
[2026-05-22T01:39:08.589Z] temperature => 27.3
[2026-05-22T01:39:08.602Z] temperature: 27.3 saved
[2026-05-22T01:39:08.602Z] humidity => 31.4
[2026-05-22T01:39:08.605Z] temperature: 27.3 saved
[2026-05-22T01:39:08.605Z] humidity => 31.4
[2026-05-22T01:39:08.620Z] humidity: 31.4 saved
[2026-05-22T01:39:08.626Z] humidity: 31.4 saved
[2026-05-22T01:39:08.634Z] Notification saved
[2026-05-22T01:39:08.634Z] ph => 4.9
[2026-05-22T01:39:08.644Z] Notification saved
[2026-05-22T01:39:08.645Z] ph => 4.9
[2026-05-22T01:39:08.660Z] ph: 4.9 saved
[2026-05-22T01:39:08.666Z] ph: 4.9 saved
[2026-05-22T01:39:08.696Z] Notification saved
[2026-05-22T01:39:08.699Z] Notification saved
[2026-05-22T01:39:18.587Z] Topic: aquaponic/device/data
[2026-05-22T01:39:18.587Z] Payload: {"mac_address":"ESP:32:AA:BB:CC:01","sensors":{"temperature":24.9,"humidity":66.4,"ph":4.8}}
[2026-05-22T01:39:18.588Z] Topic: aquaponic/device/data
[2026-05-22T01:39:18.588Z] Payload: {"mac_address":"ESP:32:AA:BB:CC:01","sensors":{"temperature":24.9,"humidity":66.4,"ph":4.8}}
[2026-05-22T01:39:18.589Z] temperature => 24.9
[2026-05-22T01:39:18.590Z] temperature => 24.9
[2026-05-22T01:39:18.600Z] temperature: 24.9 saved
[2026-05-22T01:39:18.600Z] humidity => 66.4
[2026-05-22T01:39:18.603Z] temperature: 24.9 saved
[2026-05-22T01:39:18.603Z] humidity => 66.4
[2026-05-22T01:39:18.610Z] humidity: 66.4 saved
[2026-05-22T01:39:18.610Z] ph => 4.8
[2026-05-22T01:39:18.628Z] humidity: 66.4 saved
[2026-05-22T01:39:18.629Z] ph => 4.8
[2026-05-22T01:39:18.632Z] ph: 4.8 saved
[2026-05-22T01:39:18.638Z] ph: 4.8 saved
[2026-05-22T01:39:18.645Z] Notification saved
[2026-05-22T01:39:18.654Z] Notification saved
[2026-05-22T01:39:28.609Z] Topic: aquaponic/device/data
[2026-05-22T01:39:28.609Z] Payload: {"mac_address":"ESP:32:AA:BB:CC:01","sensors":{"temperature":33.9,"humidity":40.2,"ph":4.3}}
[2026-05-22T01:39:28.609Z] Topic: aquaponic/device/data
[2026-05-22T01:39:28.610Z] Payload: {"mac_address":"ESP:32:AA:BB:CC:01","sensors":{"temperature":33.9,"humidity":40.2,"ph":4.3}}
[2026-05-22T01:39:28.611Z] temperature => 33.9
[2026-05-22T01:39:28.611Z] temperature => 33.9
[2026-05-22T01:39:28.623Z] temperature: 33.9 saved
[2026-05-22T01:39:28.636Z] temperature: 33.9 saved
[2026-05-22T01:39:28.643Z] Notification saved
[2026-05-22T01:39:28.643Z] humidity => 40.2
[2026-05-22T01:39:28.652Z] Notification saved
[2026-05-22T01:39:28.652Z] humidity => 40.2
[2026-05-22T01:39:28.655Z] humidity: 40.2 saved
[2026-05-22T01:39:28.656Z] ph => 4.3
[2026-05-22T01:39:28.664Z] humidity: 40.2 saved
[2026-05-22T01:39:28.664Z] ph => 4.3
[2026-05-22T01:39:28.682Z] ph: 4.3 saved
[2026-05-22T01:39:28.682Z] ph: 4.3 saved
[2026-05-22T01:39:28.699Z] Notification saved
[2026-05-22T01:39:28.699Z] Notification saved
[2026-05-22T01:39:38.619Z] Topic: aquaponic/device/data
[2026-05-22T01:39:38.619Z] Payload: {"mac_address":"ESP:32:AA:BB:CC:01","sensors":{"temperature":33.5,"humidity":85.9,"ph":4.5}}
[2026-05-22T01:39:38.620Z] Topic: aquaponic/device/data
[2026-05-22T01:39:38.620Z] Payload: {"mac_address":"ESP:32:AA:BB:CC:01","sensors":{"temperature":33.5,"humidity":85.9,"ph":4.5}}
[2026-05-22T01:39:38.621Z] temperature => 33.5
[2026-05-22T01:39:38.621Z] temperature => 33.5
[2026-05-22T01:39:38.639Z] temperature: 33.5 saved
[2026-05-22T01:39:38.639Z] temperature: 33.5 saved
[2026-05-22T01:39:38.651Z] Notification saved
[2026-05-22T01:39:38.651Z] Notification saved
[2026-05-22T01:39:38.651Z] humidity => 85.9
[2026-05-22T01:39:38.651Z] humidity => 85.9
[2026-05-22T01:39:38.663Z] humidity: 85.9 saved
[2026-05-22T01:39:38.663Z] humidity: 85.9 saved
[2026-05-22T01:39:38.675Z] Notification saved
[2026-05-22T01:39:38.675Z] Notification saved
[2026-05-22T01:39:38.675Z] ph => 4.5
[2026-05-22T01:39:38.675Z] ph => 4.5
[2026-05-22T01:39:38.682Z] ph: 4.5 saved
[2026-05-22T01:39:38.685Z] ph: 4.5 saved
[2026-05-22T01:39:38.694Z] Notification saved
[2026-05-22T01:39:38.703Z] Notification saved
[2026-05-22T01:39:48.629Z] Topic: aquaponic/device/data
[2026-05-22T01:39:48.629Z] Payload: {"mac_address":"ESP:32:AA:BB:CC:01","sensors":{"temperature":31.2,"humidity":93.1,"ph":6.3}}
[2026-05-22T01:39:48.630Z] Topic: aquaponic/device/data
[2026-05-22T01:39:48.630Z] Payload: {"mac_address":"ESP:32:AA:BB:CC:01","sensors":{"temperature":31.2,"humidity":93.1,"ph":6.3}}
[2026-05-22T01:39:48.631Z] temperature => 31.2
[2026-05-22T01:39:48.631Z] temperature => 31.2
[2026-05-22T01:39:48.643Z] temperature: 31.2 saved
[2026-05-22T01:39:48.643Z] humidity => 93.1
[2026-05-22T01:39:48.648Z] temperature: 31.2 saved
[2026-05-22T01:39:48.648Z] humidity => 93.1
[2026-05-22T01:39:48.657Z] humidity: 93.1 saved
[2026-05-22T01:39:48.674Z] humidity: 93.1 saved
[2026-05-22T01:39:48.677Z] Notification saved
[2026-05-22T01:39:48.678Z] ph => 6.3
[2026-05-22T01:39:48.685Z] Notification saved
[2026-05-22T01:39:48.685Z] ph => 6.3
[2026-05-22T01:39:48.701Z] ph: 6.3 saved
[2026-05-22T01:39:48.714Z] ph: 6.3 saved
[2026-05-22T01:39:58.651Z] Topic: aquaponic/device/data
[2026-05-22T01:39:58.652Z] Payload: {"mac_address":"ESP:32:AA:BB:CC:01","sensors":{"temperature":16.6,"humidity":31.3,"ph":5.7}}
[2026-05-22T01:39:58.652Z] Topic: aquaponic/device/data
[2026-05-22T01:39:58.652Z] Payload: {"mac_address":"ESP:32:AA:BB:CC:01","sensors":{"temperature":16.6,"humidity":31.3,"ph":5.7}}
[2026-05-22T01:39:58.653Z] temperature => 16.6
[2026-05-22T01:39:58.654Z] temperature => 16.6
[2026-05-22T01:39:58.666Z] temperature: 16.6 saved
[2026-05-22T01:39:58.672Z] temperature: 16.6 saved
[2026-05-22T01:39:58.684Z] Notification saved
[2026-05-22T01:39:58.684Z] humidity => 31.3
[2026-05-22T01:39:58.690Z] Notification saved
[2026-05-22T01:39:58.690Z] humidity => 31.3
[2026-05-22T01:39:58.699Z] humidity: 31.3 saved
[2026-05-22T01:39:58.706Z] humidity: 31.3 saved
[2026-05-22T01:39:58.714Z] Notification saved
[2026-05-22T01:39:58.714Z] ph => 5.7
[2026-05-22T01:39:58.735Z] Notification saved
[2026-05-22T01:39:58.735Z] ph => 5.7
[2026-05-22T01:39:58.739Z] ph: 5.7 saved
[2026-05-22T01:39:58.745Z] ph: 5.7 saved
[2026-05-22T01:40:08.649Z] Topic: aquaponic/device/data
[2026-05-22T01:40:08.650Z] Payload: {"mac_address":"ESP:32:AA:BB:CC:01","sensors":{"temperature":16.4,"humidity":35.6,"ph":4.4}}
[2026-05-22T01:40:08.650Z] Topic: aquaponic/device/data
[2026-05-22T01:40:08.650Z] Payload: {"mac_address":"ESP:32:AA:BB:CC:01","sensors":{"temperature":16.4,"humidity":35.6,"ph":4.4}}
[2026-05-22T01:40:08.651Z] temperature => 16.4
[2026-05-22T01:40:08.651Z] temperature => 16.4
[2026-05-22T01:40:08.675Z] temperature: 16.4 saved
[2026-05-22T01:40:08.678Z] temperature: 16.4 saved
[2026-05-22T01:40:08.687Z] Notification saved
[2026-05-22T01:40:08.687Z] humidity => 35.6
[2026-05-22T01:40:08.693Z] Notification saved
[2026-05-22T01:40:08.693Z] humidity => 35.6
[2026-05-22T01:40:08.712Z] humidity: 35.6 saved
[2026-05-22T01:40:08.716Z] humidity: 35.6 saved
[2026-05-22T01:40:08.725Z] Notification saved
[2026-05-22T01:40:08.725Z] ph => 4.4
[2026-05-22T01:40:08.744Z] Notification saved
[2026-05-22T01:40:08.745Z] ph => 4.4
[2026-05-22T01:40:08.747Z] ph: 4.4 saved
[2026-05-22T01:40:08.756Z] ph: 4.4 saved
[2026-05-22T01:40:08.765Z] Notification saved
[2026-05-22T01:40:08.776Z] Notification saved
[2026-05-22T01:40:18.662Z] Topic: aquaponic/device/data
[2026-05-22T01:40:18.662Z] Payload: {"mac_address":"ESP:32:AA:BB:CC:01","sensors":{"temperature":27.5,"humidity":77.8,"ph":8}}
[2026-05-22T01:40:18.663Z] Topic: aquaponic/device/data
[2026-05-22T01:40:18.663Z] Payload: {"mac_address":"ESP:32:AA:BB:CC:01","sensors":{"temperature":27.5,"humidity":77.8,"ph":8}}
[2026-05-22T01:40:18.664Z] temperature => 27.5
[2026-05-22T01:40:18.664Z] temperature => 27.5
[2026-05-22T01:40:18.682Z] temperature: 27.5 saved
[2026-05-22T01:40:18.682Z] temperature: 27.5 saved
[2026-05-22T01:40:18.682Z] humidity => 77.8
[2026-05-22T01:40:18.682Z] humidity => 77.8
[2026-05-22T01:40:18.694Z] humidity: 77.8 saved
[2026-05-22T01:40:18.694Z] humidity: 77.8 saved
[2026-05-22T01:40:18.694Z] ph => 8
[2026-05-22T01:40:18.694Z] ph => 8
[2026-05-22T01:40:18.717Z] ph: 8 saved
[2026-05-22T01:40:18.720Z] ph: 8 saved
[2026-05-22T01:40:18.728Z] Notification saved
[2026-05-22T01:40:18.738Z] Notification saved
[2026-05-22T01:40:28.679Z] Topic: aquaponic/device/data
[2026-05-22T01:40:28.679Z] Payload: {"mac_address":"ESP:32:AA:BB:CC:01","sensors":{"temperature":19.9,"humidity":89.6,"ph":4.7}}
[2026-05-22T01:40:28.679Z] Topic: aquaponic/device/data
[2026-05-22T01:40:28.680Z] Payload: {"mac_address":"ESP:32:AA:BB:CC:01","sensors":{"temperature":19.9,"humidity":89.6,"ph":4.7}}
[2026-05-22T01:40:28.681Z] temperature => 19.9
[2026-05-22T01:40:28.681Z] temperature => 19.9
[2026-05-22T01:40:28.698Z] temperature: 19.9 saved
[2026-05-22T01:40:28.698Z] temperature: 19.9 saved
[2026-05-22T01:40:28.698Z] humidity => 89.6
[2026-05-22T01:40:28.698Z] humidity => 89.6
[2026-05-22T01:40:28.717Z] humidity: 89.6 saved
[2026-05-22T01:40:28.717Z] humidity: 89.6 saved
[2026-05-22T01:40:28.725Z] Notification saved
[2026-05-22T01:40:28.725Z] ph => 4.7
[2026-05-22T01:40:28.728Z] Notification saved
[2026-05-22T01:40:28.728Z] ph => 4.7
[2026-05-22T01:40:28.736Z] ph: 4.7 saved
[2026-05-22T01:40:28.745Z] ph: 4.7 saved
[2026-05-22T01:40:28.763Z] Notification saved
[2026-05-22T01:40:28.764Z] Notification saved
[2026-05-22T01:40:38.692Z] Topic: aquaponic/device/data
[2026-05-22T01:40:38.692Z] Payload: {"mac_address":"ESP:32:AA:BB:CC:01","sensors":{"temperature":30.6,"humidity":91.8,"ph":5.1}}
[2026-05-22T01:40:38.693Z] Topic: aquaponic/device/data
[2026-05-22T01:40:38.693Z] Payload: {"mac_address":"ESP:32:AA:BB:CC:01","sensors":{"temperature":30.6,"humidity":91.8,"ph":5.1}}
[2026-05-22T01:40:38.694Z] temperature => 30.6
[2026-05-22T01:40:38.694Z] temperature => 30.6
[2026-05-22T01:40:38.714Z] temperature: 30.6 saved
[2026-05-22T01:40:38.715Z] humidity => 91.8
[2026-05-22T01:40:38.723Z] temperature: 30.6 saved
[2026-05-22T01:40:38.723Z] humidity => 91.8
[2026-05-22T01:40:38.742Z] humidity: 91.8 saved
[2026-05-22T01:40:38.745Z] humidity: 91.8 saved
[2026-05-22T01:40:38.760Z] Notification saved
[2026-05-22T01:40:38.760Z] ph => 5.1
[2026-05-22T01:40:38.767Z] Notification saved
[2026-05-22T01:40:38.767Z] ph => 5.1
[2026-05-22T01:40:38.782Z] ph: 5.1 saved
[2026-05-22T01:40:38.785Z] ph: 5.1 saved
[2026-05-22T01:40:38.792Z] Notification saved
[2026-05-22T01:40:38.799Z] Notification saved
[2026-05-22T01:40:48.696Z] Topic: aquaponic/device/data
[2026-05-22T01:40:48.697Z] Payload: {"mac_address":"ESP:32:AA:BB:CC:01","sensors":{"temperature":20.4,"humidity":78.3,"ph":8.2}}
[2026-05-22T01:40:48.697Z] Topic: aquaponic/device/data
[2026-05-22T01:40:48.697Z] Payload: {"mac_address":"ESP:32:AA:BB:CC:01","sensors":{"temperature":20.4,"humidity":78.3,"ph":8.2}}
[2026-05-22T01:40:48.698Z] temperature => 20.4
[2026-05-22T01:40:48.699Z] temperature => 20.4
[2026-05-22T01:40:48.707Z] temperature: 20.4 saved
[2026-05-22T01:40:48.707Z] humidity => 78.3
[2026-05-22T01:40:48.735Z] humidity: 78.3 saved
[2026-05-22T01:40:48.735Z] ph => 8.2
[2026-05-22T01:40:48.735Z] temperature: 20.4 saved
[2026-05-22T01:40:48.736Z] humidity => 78.3
[2026-05-22T01:40:48.743Z] humidity: 78.3 saved
[2026-05-22T01:40:48.744Z] ph => 8.2
[2026-05-22T01:40:48.744Z] ph: 8.2 saved
[2026-05-22T01:40:48.755Z] ph: 8.2 saved
[2026-05-22T01:40:48.758Z] Notification saved
[2026-05-22T01:40:48.764Z] Notification saved
[2026-05-22T01:40:58.711Z] Topic: aquaponic/device/data
[2026-05-22T01:40:58.711Z] Payload: {"mac_address":"ESP:32:AA:BB:CC:01","sensors":{"temperature":18.9,"humidity":69.8,"ph":6.6}}
[2026-05-22T01:40:58.712Z] Topic: aquaponic/device/data
[2026-05-22T01:40:58.712Z] Payload: {"mac_address":"ESP:32:AA:BB:CC:01","sensors":{"temperature":18.9,"humidity":69.8,"ph":6.6}}
[2026-05-22T01:40:58.713Z] temperature => 18.9
[2026-05-22T01:40:58.713Z] temperature => 18.9
[2026-05-22T01:40:58.728Z] temperature: 18.9 saved
[2026-05-22T01:40:58.728Z] humidity => 69.8
[2026-05-22T01:40:58.732Z] temperature: 18.9 saved
[2026-05-22T01:40:58.732Z] humidity => 69.8
[2026-05-22T01:40:58.739Z] humidity: 69.8 saved
[2026-05-22T01:40:58.739Z] ph => 6.6
[2026-05-22T01:40:58.749Z] humidity: 69.8 saved
[2026-05-22T01:40:58.749Z] ph => 6.6
[2026-05-22T01:40:58.756Z] ph: 6.6 saved
[2026-05-22T01:40:58.767Z] ph: 6.6 saved
[2026-05-22T01:41:08.725Z] Topic: aquaponic/device/data
[2026-05-22T01:41:08.725Z] Payload: {"mac_address":"ESP:32:AA:BB:CC:01","sensors":{"temperature":34.5,"humidity":86.5,"ph":7.1}}
[2026-05-22T01:41:08.725Z] Topic: aquaponic/device/data
[2026-05-22T01:41:08.726Z] Payload: {"mac_address":"ESP:32:AA:BB:CC:01","sensors":{"temperature":34.5,"humidity":86.5,"ph":7.1}}
[2026-05-22T01:41:08.727Z] temperature => 34.5
[2026-05-22T01:41:08.727Z] temperature => 34.5
[2026-05-22T01:41:08.740Z] temperature: 34.5 saved
[2026-05-22T01:41:08.742Z] temperature: 34.5 saved
[2026-05-22T01:41:08.751Z] Notification saved
[2026-05-22T01:41:08.751Z] humidity => 86.5
[2026-05-22T01:41:08.762Z] Notification saved
[2026-05-22T01:41:08.762Z] humidity => 86.5
[2026-05-22T01:41:08.793Z] humidity: 86.5 saved
[2026-05-22T01:41:08.793Z] humidity: 86.5 saved
[2026-05-22T01:41:08.816Z] Notification saved
[2026-05-22T01:41:08.816Z] Notification saved
[2026-05-22T01:41:08.816Z] ph => 7.1
[2026-05-22T01:41:08.816Z] ph => 7.1
[2026-05-22T01:41:08.825Z] ph: 7.1 saved
[2026-05-22T01:41:08.858Z] ph: 7.1 saved
[2026-05-22T01:41:18.734Z] Topic: aquaponic/device/data
[2026-05-22T01:41:18.734Z] Payload: {"mac_address":"ESP:32:AA:BB:CC:01","sensors":{"temperature":33.2,"humidity":41.9,"ph":7.7}}
[2026-05-22T01:41:18.735Z] Topic: aquaponic/device/data
[2026-05-22T01:41:18.735Z] Payload: {"mac_address":"ESP:32:AA:BB:CC:01","sensors":{"temperature":33.2,"humidity":41.9,"ph":7.7}}
[2026-05-22T01:41:18.736Z] temperature => 33.2
[2026-05-22T01:41:18.736Z] temperature => 33.2
[2026-05-22T01:41:18.759Z] temperature: 33.2 saved
[2026-05-22T01:41:18.759Z] temperature: 33.2 saved
[2026-05-22T01:41:18.770Z] Notification saved
[2026-05-22T01:41:18.770Z] humidity => 41.9
[2026-05-22T01:41:18.773Z] Notification saved
[2026-05-22T01:41:18.773Z] humidity => 41.9
[2026-05-22T01:41:18.782Z] humidity: 41.9 saved
[2026-05-22T01:41:18.783Z] ph => 7.7
[2026-05-22T01:41:18.794Z] humidity: 41.9 saved
[2026-05-22T01:41:18.794Z] ph => 7.7
[2026-05-22T01:41:18.803Z] ph: 7.7 saved
[2026-05-22T01:41:18.812Z] ph: 7.7 saved
[2026-05-22T01:41:18.822Z] Notification saved
[2026-05-22T01:41:18.831Z] Notification saved
[2026-05-22T01:41:28.746Z] Topic: aquaponic/device/data
[2026-05-22T01:41:28.747Z] Payload: {"mac_address":"ESP:32:AA:BB:CC:01","sensors":{"temperature":26.8,"humidity":75,"ph":7.3}}
[2026-05-22T01:41:28.747Z] Topic: aquaponic/device/data
[2026-05-22T01:41:28.747Z] Payload: {"mac_address":"ESP:32:AA:BB:CC:01","sensors":{"temperature":26.8,"humidity":75,"ph":7.3}}
[2026-05-22T01:41:28.748Z] temperature => 26.8
[2026-05-22T01:41:28.748Z] temperature => 26.8
[2026-05-22T01:41:28.765Z] temperature: 26.8 saved
[2026-05-22T01:41:28.765Z] temperature: 26.8 saved
[2026-05-22T01:41:28.765Z] humidity => 75
[2026-05-22T01:41:28.765Z] humidity => 75
[2026-05-22T01:41:28.778Z] humidity: 75 saved
[2026-05-22T01:41:28.778Z] humidity: 75 saved
[2026-05-22T01:41:28.778Z] ph => 7.3
[2026-05-22T01:41:28.778Z] ph => 7.3
[2026-05-22T01:41:28.788Z] ph: 7.3 saved
[2026-05-22T01:41:28.788Z] ph: 7.3 saved
[2026-05-22T01:41:38.775Z] Topic: aquaponic/device/data
[2026-05-22T01:41:38.776Z] Payload: {"mac_address":"ESP:32:AA:BB:CC:01","sensors":{"temperature":15.1,"humidity":63.7,"ph":7}}
[2026-05-22T01:41:38.776Z] Topic: aquaponic/device/data
[2026-05-22T01:41:38.776Z] Payload: {"mac_address":"ESP:32:AA:BB:CC:01","sensors":{"temperature":15.1,"humidity":63.7,"ph":7}}
[2026-05-22T01:41:38.777Z] temperature => 15.1
[2026-05-22T01:41:38.777Z] temperature => 15.1
[2026-05-22T01:41:38.793Z] temperature: 15.1 saved
[2026-05-22T01:41:38.793Z] temperature: 15.1 saved
[2026-05-22T01:41:38.801Z] Notification saved
[2026-05-22T01:41:38.801Z] Notification saved
[2026-05-22T01:41:38.801Z] humidity => 63.7
[2026-05-22T01:41:38.801Z] humidity => 63.7
[2026-05-22T01:41:38.820Z] humidity: 63.7 saved
[2026-05-22T01:41:38.820Z] ph => 7
[2026-05-22T01:41:38.823Z] humidity: 63.7 saved
[2026-05-22T01:41:38.823Z] ph => 7
[2026-05-22T01:41:38.829Z] ph: 7 saved
[2026-05-22T01:41:38.838Z] ph: 7 saved
[2026-05-22T01:41:48.770Z] Topic: aquaponic/device/data
[2026-05-22T01:41:48.770Z] Payload: {"mac_address":"ESP:32:AA:BB:CC:01","sensors":{"temperature":35.6,"humidity":34.1,"ph":5.3}}
[2026-05-22T01:41:48.771Z] Topic: aquaponic/device/data
[2026-05-22T01:41:48.771Z] Payload: {"mac_address":"ESP:32:AA:BB:CC:01","sensors":{"temperature":35.6,"humidity":34.1,"ph":5.3}}
[2026-05-22T01:41:48.772Z] temperature => 35.6
[2026-05-22T01:41:48.773Z] temperature => 35.6
[2026-05-22T01:41:48.786Z] temperature: 35.6 saved
[2026-05-22T01:41:48.786Z] temperature: 35.6 saved
[2026-05-22T01:41:48.793Z] Notification saved
[2026-05-22T01:41:48.793Z] humidity => 34.1
[2026-05-22T01:41:48.797Z] Notification saved
[2026-05-22T01:41:48.797Z] humidity => 34.1
[2026-05-22T01:41:48.804Z] humidity: 34.1 saved
[2026-05-22T01:41:48.815Z] humidity: 34.1 saved
[2026-05-22T01:41:48.823Z] Notification saved
[2026-05-22T01:41:48.823Z] ph => 5.3
[2026-05-22T01:41:48.834Z] Notification saved
[2026-05-22T01:41:48.834Z] ph => 5.3
[2026-05-22T01:41:48.853Z] ph: 5.3 saved
[2026-05-22T01:41:48.861Z] ph: 5.3 saved
[2026-05-22T01:41:48.868Z] Notification saved
[2026-05-22T01:41:48.884Z] Notification saved
[2026-05-22T01:41:58.786Z] Topic: aquaponic/device/data
[2026-05-22T01:41:58.786Z] Payload: {"mac_address":"ESP:32:AA:BB:CC:01","sensors":{"temperature":19.4,"humidity":38.4,"ph":7.2}}
[2026-05-22T01:41:58.787Z] Topic: aquaponic/device/data
[2026-05-22T01:41:58.787Z] Payload: {"mac_address":"ESP:32:AA:BB:CC:01","sensors":{"temperature":19.4,"humidity":38.4,"ph":7.2}}
[2026-05-22T01:41:58.788Z] temperature => 19.4
[2026-05-22T01:41:58.788Z] temperature => 19.4
[2026-05-22T01:41:58.800Z] temperature: 19.4 saved
[2026-05-22T01:41:58.800Z] humidity => 38.4
[2026-05-22T01:41:58.803Z] temperature: 19.4 saved
[2026-05-22T01:41:58.803Z] humidity => 38.4
[2026-05-22T01:41:58.810Z] humidity: 38.4 saved
[2026-05-22T01:41:58.828Z] Notification saved
[2026-05-22T01:41:58.828Z] ph => 7.2
[2026-05-22T01:41:58.828Z] humidity: 38.4 saved
[2026-05-22T01:41:58.843Z] ph: 7.2 saved
[2026-05-22T01:41:58.843Z] Notification saved
[2026-05-22T01:41:58.843Z] ph => 7.2
[2026-05-22T01:41:58.855Z] ph: 7.2 saved
[2026-05-22T01:42:08.794Z] Topic: aquaponic/device/data
[2026-05-22T01:42:08.795Z] Payload: {"mac_address":"ESP:32:AA:BB:CC:01","sensors":{"temperature":28.8,"humidity":72.9,"ph":7.6}}
[2026-05-22T01:42:08.795Z] Topic: aquaponic/device/data
[2026-05-22T01:42:08.795Z] Payload: {"mac_address":"ESP:32:AA:BB:CC:01","sensors":{"temperature":28.8,"humidity":72.9,"ph":7.6}}
[2026-05-22T01:42:08.796Z] temperature => 28.8
[2026-05-22T01:42:08.796Z] temperature => 28.8
[2026-05-22T01:42:08.806Z] temperature: 28.8 saved
[2026-05-22T01:42:08.806Z] humidity => 72.9
[2026-05-22T01:42:08.817Z] temperature: 28.8 saved
[2026-05-22T01:42:08.817Z] humidity => 72.9
[2026-05-22T01:42:08.842Z] humidity: 72.9 saved
[2026-05-22T01:42:08.842Z] ph => 7.6
[2026-05-22T01:42:08.845Z] humidity: 72.9 saved
[2026-05-22T01:42:08.845Z] ph => 7.6
[2026-05-22T01:42:08.853Z] ph: 7.6 saved
[2026-05-22T01:42:08.860Z] ph: 7.6 saved
[2026-05-22T01:42:08.877Z] Notification saved
[2026-05-22T01:42:08.881Z] Notification saved
[2026-05-22T01:42:18.811Z] Topic: aquaponic/device/data
[2026-05-22T01:42:18.811Z] Payload: {"mac_address":"ESP:32:AA:BB:CC:01","sensors":{"temperature":35.8,"humidity":52.8,"ph":8.7}}
[2026-05-22T01:42:18.813Z] temperature => 35.8
[2026-05-22T01:42:18.813Z] Topic: aquaponic/device/data
[2026-05-22T01:42:18.813Z] Payload: {"mac_address":"ESP:32:AA:BB:CC:01","sensors":{"temperature":35.8,"humidity":52.8,"ph":8.7}}
[2026-05-22T01:42:18.815Z] temperature => 35.8
[2026-05-22T01:42:18.825Z] temperature: 35.8 saved
[2026-05-22T01:42:18.848Z] temperature: 35.8 saved
[2026-05-22T01:42:18.851Z] Notification saved
[2026-05-22T01:42:18.851Z] humidity => 52.8
[2026-05-22T01:42:18.862Z] Notification saved
[2026-05-22T01:42:18.862Z] humidity => 52.8
[2026-05-22T01:42:18.868Z] humidity: 52.8 saved
[2026-05-22T01:42:18.868Z] ph => 8.7
[2026-05-22T01:42:18.880Z] humidity: 52.8 saved
[2026-05-22T01:42:18.880Z] ph => 8.7
[2026-05-22T01:42:18.887Z] ph: 8.7 saved
[2026-05-22T01:42:18.904Z] ph: 8.7 saved
[2026-05-22T01:42:18.904Z] Notification saved
[2026-05-22T01:42:18.915Z] Notification saved
[2026-05-22T01:42:28.821Z] Topic: aquaponic/device/data
[2026-05-22T01:42:28.821Z] Payload: {"mac_address":"ESP:32:AA:BB:CC:01","sensors":{"temperature":24.8,"humidity":31.5,"ph":8.4}}
[2026-05-22T01:42:28.822Z] Topic: aquaponic/device/data
[2026-05-22T01:42:28.822Z] Payload: {"mac_address":"ESP:32:AA:BB:CC:01","sensors":{"temperature":24.8,"humidity":31.5,"ph":8.4}}
[2026-05-22T01:42:28.822Z] temperature => 24.8
[2026-05-22T01:42:28.823Z] temperature => 24.8
[2026-05-22T01:42:28.831Z] temperature: 24.8 saved
[2026-05-22T01:42:28.831Z] humidity => 31.5
[2026-05-22T01:42:28.834Z] temperature: 24.8 saved
[2026-05-22T01:42:28.834Z] humidity => 31.5
[2026-05-22T01:42:28.846Z] humidity: 31.5 saved
[2026-05-22T01:42:28.852Z] humidity: 31.5 saved
[2026-05-22T01:42:28.864Z] Notification saved
[2026-05-22T01:42:28.864Z] ph => 8.4
[2026-05-22T01:42:28.877Z] Notification saved
[2026-05-22T01:42:28.877Z] ph => 8.4
[2026-05-22T01:42:28.886Z] ph: 8.4 saved
[2026-05-22T01:42:28.892Z] ph: 8.4 saved
[2026-05-22T01:42:28.919Z] Notification saved
[2026-05-22T01:42:28.919Z] Notification saved
[2026-05-22T01:42:39.028Z] Topic: aquaponic/device/data
[2026-05-22T01:42:39.028Z] Payload: {"mac_address":"ESP:32:AA:BB:CC:01","sensors":{"temperature":35.7,"humidity":49.2,"ph":7.4}}
[2026-05-22T01:42:39.029Z] Topic: aquaponic/device/data
[2026-05-22T01:42:39.029Z] Payload: {"mac_address":"ESP:32:AA:BB:CC:01","sensors":{"temperature":35.7,"humidity":49.2,"ph":7.4}}
[2026-05-22T01:42:39.030Z] temperature => 35.7
[2026-05-22T01:42:39.031Z] temperature => 35.7
[2026-05-22T01:42:39.048Z] temperature: 35.7 saved
[2026-05-22T01:42:39.051Z] temperature: 35.7 saved
[2026-05-22T01:42:39.063Z] Notification saved
[2026-05-22T01:42:39.064Z] humidity => 49.2
[2026-05-22T01:42:39.088Z] Notification saved
[2026-05-22T01:42:39.088Z] humidity: 49.2 saved
[2026-05-22T01:42:39.088Z] humidity => 49.2
[2026-05-22T01:42:39.088Z] ph => 7.4
[2026-05-22T01:42:39.110Z] humidity: 49.2 saved
[2026-05-22T01:42:39.110Z] ph: 7.4 saved
[2026-05-22T01:42:39.111Z] ph => 7.4
[2026-05-22T01:42:39.121Z] ph: 7.4 saved
[2026-05-22T01:42:48.849Z] Topic: aquaponic/device/data
[2026-05-22T01:42:48.849Z] Payload: {"mac_address":"ESP:32:AA:BB:CC:01","sensors":{"temperature":29.3,"humidity":34.3,"ph":4.5}}
[2026-05-22T01:42:48.849Z] Topic: aquaponic/device/data
[2026-05-22T01:42:48.849Z] Payload: {"mac_address":"ESP:32:AA:BB:CC:01","sensors":{"temperature":29.3,"humidity":34.3,"ph":4.5}}
[2026-05-22T01:42:48.851Z] temperature => 29.3
[2026-05-22T01:42:48.851Z] temperature => 29.3
[2026-05-22T01:42:48.868Z] temperature: 29.3 saved
[2026-05-22T01:42:48.869Z] humidity => 34.3
[2026-05-22T01:42:48.875Z] temperature: 29.3 saved
[2026-05-22T01:42:48.875Z] humidity => 34.3
[2026-05-22T01:42:48.885Z] humidity: 34.3 saved
[2026-05-22T01:42:48.896Z] humidity: 34.3 saved
[2026-05-22T01:42:48.913Z] Notification saved
[2026-05-22T01:42:48.913Z] ph => 4.5
[2026-05-22T01:42:48.921Z] Notification saved
[2026-05-22T01:42:48.921Z] ph => 4.5
[2026-05-22T01:42:48.945Z] ph: 4.5 saved
[2026-05-22T01:42:48.945Z] ph: 4.5 saved
[2026-05-22T01:42:48.957Z] Notification saved
[2026-05-22T01:42:48.957Z] Notification saved
[2026-05-22T01:42:58.858Z] Topic: aquaponic/device/data
[2026-05-22T01:42:58.858Z] Payload: {"mac_address":"ESP:32:AA:BB:CC:01","sensors":{"temperature":25,"humidity":92.2,"ph":6.1}}
[2026-05-22T01:42:58.859Z] Topic: aquaponic/device/data
[2026-05-22T01:42:58.859Z] Payload: {"mac_address":"ESP:32:AA:BB:CC:01","sensors":{"temperature":25,"humidity":92.2,"ph":6.1}}
[2026-05-22T01:42:58.860Z] temperature => 25
[2026-05-22T01:42:58.860Z] temperature => 25
[2026-05-22T01:42:58.870Z] temperature: 25 saved
[2026-05-22T01:42:58.870Z] humidity => 92.2
[2026-05-22T01:42:58.873Z] temperature: 25 saved
[2026-05-22T01:42:58.873Z] humidity => 92.2
[2026-05-22T01:42:58.884Z] humidity: 92.2 saved
[2026-05-22T01:42:58.895Z] humidity: 92.2 saved
[2026-05-22T01:42:58.902Z] Notification saved
[2026-05-22T01:42:58.902Z] ph => 6.1
[2026-05-22T01:42:58.911Z] Notification saved
[2026-05-22T01:42:58.911Z] ph => 6.1
[2026-05-22T01:42:58.920Z] ph: 6.1 saved
[2026-05-22T01:42:58.927Z] ph: 6.1 saved
[2026-05-22T01:43:08.867Z] Topic: aquaponic/device/data
[2026-05-22T01:43:08.868Z] Payload: {"mac_address":"ESP:32:AA:BB:CC:01","sensors":{"temperature":27.1,"humidity":92.7,"ph":4}}
[2026-05-22T01:43:08.868Z] Topic: aquaponic/device/data
[2026-05-22T01:43:08.868Z] Payload: {"mac_address":"ESP:32:AA:BB:CC:01","sensors":{"temperature":27.1,"humidity":92.7,"ph":4}}
[2026-05-22T01:43:08.869Z] temperature => 27.1
[2026-05-22T01:43:08.869Z] temperature => 27.1
[2026-05-22T01:43:08.884Z] temperature: 27.1 saved
[2026-05-22T01:43:08.884Z] temperature: 27.1 saved
[2026-05-22T01:43:08.884Z] humidity => 92.7
[2026-05-22T01:43:08.884Z] humidity => 92.7
[2026-05-22T01:43:08.901Z] humidity: 92.7 saved
[2026-05-22T01:43:08.901Z] humidity: 92.7 saved
[2026-05-22T01:43:08.918Z] Notification saved
[2026-05-22T01:43:08.918Z] Notification saved
[2026-05-22T01:43:08.919Z] ph => 4
[2026-05-22T01:43:08.919Z] ph => 4
[2026-05-22T01:43:08.939Z] ph: 4 saved
[2026-05-22T01:43:08.939Z] ph: 4 saved
[2026-05-22T01:43:08.946Z] Notification saved
[2026-05-22T01:43:08.946Z] Notification saved
[2026-05-22T01:43:18.888Z] Topic: aquaponic/device/data
[2026-05-22T01:43:18.888Z] Payload: {"mac_address":"ESP:32:AA:BB:CC:01","sensors":{"temperature":29.3,"humidity":52.4,"ph":7.8}}
[2026-05-22T01:43:18.889Z] Topic: aquaponic/device/data
[2026-05-22T01:43:18.889Z] Payload: {"mac_address":"ESP:32:AA:BB:CC:01","sensors":{"temperature":29.3,"humidity":52.4,"ph":7.8}}
[2026-05-22T01:43:18.890Z] temperature => 29.3
[2026-05-22T01:43:18.891Z] temperature => 29.3
[2026-05-22T01:43:18.915Z] temperature: 29.3 saved
[2026-05-22T01:43:18.915Z] temperature: 29.3 saved
[2026-05-22T01:43:18.915Z] humidity => 52.4
[2026-05-22T01:43:18.915Z] humidity => 52.4
[2026-05-22T01:43:18.956Z] humidity: 52.4 saved
[2026-05-22T01:43:18.956Z] humidity: 52.4 saved
[2026-05-22T01:43:18.956Z] ph => 7.8
[2026-05-22T01:43:18.956Z] ph => 7.8
[2026-05-22T01:43:18.970Z] ph: 7.8 saved
[2026-05-22T01:43:18.973Z] ph: 7.8 saved
[2026-05-22T01:43:18.986Z] Notification saved
[2026-05-22T01:43:19.003Z] Notification saved
[2026-05-22T01:43:28.903Z] Topic: aquaponic/device/data
[2026-05-22T01:43:28.904Z] Payload: {"mac_address":"ESP:32:AA:BB:CC:01","sensors":{"temperature":31.7,"humidity":92.5,"ph":8.9}}
[2026-05-22T01:43:28.904Z] Topic: aquaponic/device/data
[2026-05-22T01:43:28.904Z] Payload: {"mac_address":"ESP:32:AA:BB:CC:01","sensors":{"temperature":31.7,"humidity":92.5,"ph":8.9}}
[2026-05-22T01:43:28.905Z] temperature => 31.7
[2026-05-22T01:43:28.905Z] temperature => 31.7
[2026-05-22T01:43:28.925Z] temperature: 31.7 saved
[2026-05-22T01:43:28.925Z] humidity => 92.5
[2026-05-22T01:43:28.936Z] temperature: 31.7 saved
[2026-05-22T01:43:28.936Z] humidity => 92.5
[2026-05-22T01:43:28.948Z] humidity: 92.5 saved
[2026-05-22T01:43:28.951Z] humidity: 92.5 saved
[2026-05-22T01:43:28.962Z] Notification saved
[2026-05-22T01:43:28.962Z] ph => 8.9
[2026-05-22T01:43:28.975Z] Notification saved
[2026-05-22T01:43:28.975Z] ph => 8.9
[2026-05-22T01:43:28.979Z] ph: 8.9 saved
[2026-05-22T01:43:28.985Z] ph: 8.9 saved
[2026-05-22T01:43:29.000Z] Notification saved
[2026-05-22T01:43:29.004Z] Notification saved
[2026-05-22T01:43:38.918Z] Topic: aquaponic/device/data
[2026-05-22T01:43:38.918Z] Payload: {"mac_address":"ESP:32:AA:BB:CC:01","sensors":{"temperature":34.7,"humidity":70.2,"ph":5.7}}
[2026-05-22T01:43:38.919Z] Topic: aquaponic/device/data
[2026-05-22T01:43:38.919Z] Payload: {"mac_address":"ESP:32:AA:BB:CC:01","sensors":{"temperature":34.7,"humidity":70.2,"ph":5.7}}
[2026-05-22T01:43:38.920Z] temperature => 34.7
[2026-05-22T01:43:38.920Z] temperature => 34.7
[2026-05-22T01:43:38.929Z] temperature: 34.7 saved
[2026-05-22T01:43:38.929Z] temperature: 34.7 saved
[2026-05-22T01:43:38.946Z] Notification saved
[2026-05-22T01:43:38.946Z] humidity => 70.2
[2026-05-22T01:43:38.949Z] Notification saved
[2026-05-22T01:43:38.949Z] humidity => 70.2
[2026-05-22T01:43:38.955Z] humidity: 70.2 saved
[2026-05-22T01:43:38.955Z] ph => 5.7
[2026-05-22T01:43:38.962Z] humidity: 70.2 saved
[2026-05-22T01:43:38.962Z] ph => 5.7
[2026-05-22T01:43:38.968Z] ph: 5.7 saved
[2026-05-22T01:43:38.985Z] ph: 5.7 saved
[2026-05-22T01:43:48.918Z] Topic: aquaponic/device/data
[2026-05-22T01:43:48.918Z] Payload: {"mac_address":"ESP:32:AA:BB:CC:01","sensors":{"temperature":24.4,"humidity":30.2,"ph":5.6}}
[2026-05-22T01:43:48.919Z] Topic: aquaponic/device/data
[2026-05-22T01:43:48.919Z] Payload: {"mac_address":"ESP:32:AA:BB:CC:01","sensors":{"temperature":24.4,"humidity":30.2,"ph":5.6}}
[2026-05-22T01:43:48.920Z] temperature => 24.4
[2026-05-22T01:43:48.920Z] temperature => 24.4
[2026-05-22T01:43:48.929Z] temperature: 24.4 saved
[2026-05-22T01:43:48.929Z] humidity => 30.2
[2026-05-22T01:43:48.936Z] temperature: 24.4 saved
[2026-05-22T01:43:48.936Z] humidity => 30.2
[2026-05-22T01:43:48.945Z] humidity: 30.2 saved
[2026-05-22T01:43:48.952Z] humidity: 30.2 saved
[2026-05-22T01:43:48.963Z] Notification saved
[2026-05-22T01:43:48.963Z] ph => 5.6
[2026-05-22T01:43:48.966Z] Notification saved
[2026-05-22T01:43:48.966Z] ph => 5.6
[2026-05-22T01:43:48.974Z] ph: 5.6 saved
[2026-05-22T01:43:48.993Z] ph: 5.6 saved
[2026-05-22T01:43:58.931Z] Topic: aquaponic/device/data
[2026-05-22T01:43:58.931Z] Payload: {"mac_address":"ESP:32:AA:BB:CC:01","sensors":{"temperature":24,"humidity":63.2,"ph":8.5}}
[2026-05-22T01:43:58.932Z] Topic: aquaponic/device/data
[2026-05-22T01:43:58.932Z] Payload: {"mac_address":"ESP:32:AA:BB:CC:01","sensors":{"temperature":24,"humidity":63.2,"ph":8.5}}
[2026-05-22T01:43:58.933Z] temperature => 24
[2026-05-22T01:43:58.933Z] temperature => 24
[2026-05-22T01:43:58.945Z] temperature: 24 saved
[2026-05-22T01:43:58.945Z] humidity => 63.2
[2026-05-22T01:43:58.950Z] temperature: 24 saved
[2026-05-22T01:43:58.950Z] humidity => 63.2
[2026-05-22T01:43:58.957Z] humidity: 63.2 saved
[2026-05-22T01:43:58.958Z] ph => 8.5
[2026-05-22T01:43:58.975Z] humidity: 63.2 saved
[2026-05-22T01:43:58.975Z] ph => 8.5
[2026-05-22T01:43:58.978Z] ph: 8.5 saved
[2026-05-22T01:43:58.988Z] ph: 8.5 saved
[2026-05-22T01:43:58.996Z] Notification saved
[2026-05-22T01:43:59.007Z] Notification saved
[2026-05-22T01:44:08.945Z] Topic: aquaponic/device/data
[2026-05-22T01:44:08.945Z] Payload: {"mac_address":"ESP:32:AA:BB:CC:01","sensors":{"temperature":35.1,"humidity":72.6,"ph":7.7}}
[2026-05-22T01:44:08.946Z] Topic: aquaponic/device/data
[2026-05-22T01:44:08.946Z] Payload: {"mac_address":"ESP:32:AA:BB:CC:01","sensors":{"temperature":35.1,"humidity":72.6,"ph":7.7}}
[2026-05-22T01:44:08.947Z] temperature => 35.1
[2026-05-22T01:44:08.948Z] temperature => 35.1
[2026-05-22T01:44:08.961Z] temperature: 35.1 saved
[2026-05-22T01:44:08.964Z] temperature: 35.1 saved
[2026-05-22T01:44:08.972Z] Notification saved
[2026-05-22T01:44:08.973Z] humidity => 72.6
[2026-05-22T01:44:08.981Z] Notification saved
[2026-05-22T01:44:08.981Z] humidity => 72.6
[2026-05-22T01:44:08.988Z] humidity: 72.6 saved
[2026-05-22T01:44:08.988Z] ph => 7.7
[2026-05-22T01:44:08.995Z] humidity: 72.6 saved
[2026-05-22T01:44:08.996Z] ph => 7.7
[2026-05-22T01:44:09.002Z] ph: 7.7 saved
[2026-05-22T01:44:09.029Z] Notification saved
[2026-05-22T01:44:09.029Z] ph: 7.7 saved
[2026-05-22T01:44:09.037Z] Notification saved
[2026-05-22T01:44:18.957Z] Topic: aquaponic/device/data
[2026-05-22T01:44:18.957Z] Payload: {"mac_address":"ESP:32:AA:BB:CC:01","sensors":{"temperature":22,"humidity":33.6,"ph":5.7}}
[2026-05-22T01:44:18.958Z] Topic: aquaponic/device/data
[2026-05-22T01:44:18.958Z] Payload: {"mac_address":"ESP:32:AA:BB:CC:01","sensors":{"temperature":22,"humidity":33.6,"ph":5.7}}
[2026-05-22T01:44:18.959Z] temperature => 22
[2026-05-22T01:44:18.959Z] temperature => 22
[2026-05-22T01:44:18.979Z] temperature: 22 saved
[2026-05-22T01:44:18.979Z] humidity => 33.6
[2026-05-22T01:44:19.009Z] humidity: 33.6 saved
[2026-05-22T01:44:19.009Z] temperature: 22 saved
[2026-05-22T01:44:19.009Z] humidity => 33.6
[2026-05-22T01:44:19.036Z] humidity: 33.6 saved
[2026-05-22T01:44:19.036Z] Notification saved
[2026-05-22T01:44:19.036Z] ph => 5.7
[2026-05-22T01:44:19.065Z] ph: 5.7 saved
[2026-05-22T01:44:19.065Z] Notification saved
[2026-05-22T01:44:19.066Z] ph => 5.7
[2026-05-22T01:44:19.093Z] ph: 5.7 saved
[2026-05-22T01:44:28.972Z] Topic: aquaponic/device/data
[2026-05-22T01:44:28.972Z] Payload: {"mac_address":"ESP:32:AA:BB:CC:01","sensors":{"temperature":25.1,"humidity":86.5,"ph":4.5}}
[2026-05-22T01:44:28.973Z] Topic: aquaponic/device/data
[2026-05-22T01:44:28.973Z] Payload: {"mac_address":"ESP:32:AA:BB:CC:01","sensors":{"temperature":25.1,"humidity":86.5,"ph":4.5}}
[2026-05-22T01:44:28.973Z] temperature => 25.1
[2026-05-22T01:44:28.974Z] temperature => 25.1
[2026-05-22T01:44:29.015Z] temperature: 25.1 saved
[2026-05-22T01:44:29.015Z] temperature: 25.1 saved
[2026-05-22T01:44:29.015Z] humidity => 86.5
[2026-05-22T01:44:29.015Z] humidity => 86.5
[2026-05-22T01:44:29.033Z] humidity: 86.5 saved
[2026-05-22T01:44:29.037Z] humidity: 86.5 saved
[2026-05-22T01:44:29.052Z] Notification saved
[2026-05-22T01:44:29.052Z] ph => 4.5
[2026-05-22T01:44:29.087Z] ph: 4.5 saved
[2026-05-22T01:44:29.087Z] Notification saved
[2026-05-22T01:44:29.087Z] ph => 4.5
[2026-05-22T01:44:29.099Z] Notification saved
[2026-05-22T01:44:29.099Z] ph: 4.5 saved
[2026-05-22T01:44:29.127Z] Notification saved
[2026-05-22T01:44:38.979Z] Topic: aquaponic/device/data
[2026-05-22T01:44:38.979Z] Payload: {"mac_address":"ESP:32:AA:BB:CC:01","sensors":{"temperature":34.3,"humidity":86.2,"ph":8.4}}
[2026-05-22T01:44:38.979Z] Topic: aquaponic/device/data
[2026-05-22T01:44:38.979Z] Payload: {"mac_address":"ESP:32:AA:BB:CC:01","sensors":{"temperature":34.3,"humidity":86.2,"ph":8.4}}
[2026-05-22T01:44:38.980Z] temperature => 34.3
[2026-05-22T01:44:38.980Z] temperature => 34.3
[2026-05-22T01:44:38.996Z] temperature: 34.3 saved
[2026-05-22T01:44:38.996Z] temperature: 34.3 saved
[2026-05-22T01:44:39.011Z] Notification saved
[2026-05-22T01:44:39.011Z] Notification saved
[2026-05-22T01:44:39.011Z] humidity => 86.2
[2026-05-22T01:44:39.011Z] humidity => 86.2
[2026-05-22T01:44:39.020Z] humidity: 86.2 saved
[2026-05-22T01:44:39.020Z] humidity: 86.2 saved
[2026-05-22T01:44:39.039Z] Notification saved
[2026-05-22T01:44:39.039Z] Notification saved
[2026-05-22T01:44:39.039Z] ph => 8.4
[2026-05-22T01:44:39.039Z] ph => 8.4
[2026-05-22T01:44:39.052Z] ph: 8.4 saved
[2026-05-22T01:44:39.052Z] ph: 8.4 saved
[2026-05-22T01:44:39.064Z] Notification saved
[2026-05-22T01:44:39.064Z] Notification saved
[2026-05-22T01:44:48.992Z] Topic: aquaponic/device/data
[2026-05-22T01:44:48.993Z] Payload: {"mac_address":"ESP:32:AA:BB:CC:01","sensors":{"temperature":33.1,"humidity":31.6,"ph":8.3}}
[2026-05-22T01:44:48.993Z] Topic: aquaponic/device/data
[2026-05-22T01:44:48.993Z] Payload: {"mac_address":"ESP:32:AA:BB:CC:01","sensors":{"temperature":33.1,"humidity":31.6,"ph":8.3}}
[2026-05-22T01:44:48.994Z] temperature => 33.1
[2026-05-22T01:44:48.994Z] temperature => 33.1
[2026-05-22T01:44:49.007Z] temperature: 33.1 saved
[2026-05-22T01:44:49.007Z] temperature: 33.1 saved
[2026-05-22T01:44:49.029Z] Notification saved
[2026-05-22T01:44:49.029Z] Notification saved
[2026-05-22T01:44:49.029Z] humidity => 31.6
[2026-05-22T01:44:49.029Z] humidity => 31.6
[2026-05-22T01:44:49.036Z] humidity: 31.6 saved
[2026-05-22T01:44:49.039Z] humidity: 31.6 saved
[2026-05-22T01:44:49.053Z] Notification saved
[2026-05-22T01:44:49.054Z] ph => 8.3
[2026-05-22T01:44:49.066Z] Notification saved
[2026-05-22T01:44:49.066Z] ph => 8.3
[2026-05-22T01:44:49.069Z] ph: 8.3 saved
[2026-05-22T01:44:49.078Z] ph: 8.3 saved
[2026-05-22T01:44:49.103Z] Notification saved
[2026-05-22T01:44:49.106Z] Notification saved
[2026-05-22T01:44:59.008Z] Topic: aquaponic/device/data
[2026-05-22T01:44:59.008Z] Payload: {"mac_address":"ESP:32:AA:BB:CC:01","sensors":{"temperature":24,"humidity":91,"ph":4.2}}
[2026-05-22T01:44:59.009Z] Topic: aquaponic/device/data
[2026-05-22T01:44:59.009Z] Payload: {"mac_address":"ESP:32:AA:BB:CC:01","sensors":{"temperature":24,"humidity":91,"ph":4.2}}
[2026-05-22T01:44:59.010Z] temperature => 24
[2026-05-22T01:44:59.010Z] temperature => 24
[2026-05-22T01:44:59.028Z] temperature: 24 saved
[2026-05-22T01:44:59.028Z] humidity => 91
[2026-05-22T01:44:59.036Z] temperature: 24 saved
[2026-05-22T01:44:59.036Z] humidity => 91
[2026-05-22T01:44:59.039Z] humidity: 91 saved
[2026-05-22T01:44:59.045Z] humidity: 91 saved
[2026-05-22T01:44:59.052Z] Notification saved
[2026-05-22T01:44:59.052Z] ph => 4.2
[2026-05-22T01:44:59.067Z] Notification saved
[2026-05-22T01:44:59.067Z] ph => 4.2
[2026-05-22T01:44:59.074Z] ph: 4.2 saved
[2026-05-22T01:44:59.087Z] ph: 4.2 saved
[2026-05-22T01:44:59.090Z] Notification saved
[2026-05-22T01:44:59.101Z] Notification saved
[2026-05-22T01:45:09.015Z] Topic: aquaponic/device/data
[2026-05-22T01:45:09.015Z] Payload: {"mac_address":"ESP:32:AA:BB:CC:01","sensors":{"temperature":20.4,"humidity":39.7,"ph":4.1}}
[2026-05-22T01:45:09.016Z] Topic: aquaponic/device/data
[2026-05-22T01:45:09.016Z] Payload: {"mac_address":"ESP:32:AA:BB:CC:01","sensors":{"temperature":20.4,"humidity":39.7,"ph":4.1}}
[2026-05-22T01:45:09.017Z] temperature => 20.4
[2026-05-22T01:45:09.017Z] temperature => 20.4
[2026-05-22T01:45:09.031Z] temperature: 20.4 saved
[2026-05-22T01:45:09.031Z] humidity => 39.7
[2026-05-22T01:45:09.034Z] temperature: 20.4 saved
[2026-05-22T01:45:09.034Z] humidity => 39.7
[2026-05-22T01:45:09.047Z] humidity: 39.7 saved
[2026-05-22T01:45:09.061Z] humidity: 39.7 saved
[2026-05-22T01:45:09.065Z] Notification saved
[2026-05-22T01:45:09.065Z] ph => 4.1
[2026-05-22T01:45:09.074Z] Notification saved
[2026-05-22T01:45:09.074Z] ph => 4.1
[2026-05-22T01:45:09.080Z] ph: 4.1 saved
[2026-05-22T01:45:09.092Z] ph: 4.1 saved
[2026-05-22T01:45:09.103Z] Notification saved
[2026-05-22T01:45:09.113Z] Notification saved
[2026-05-22T01:45:19.025Z] Topic: aquaponic/device/data
[2026-05-22T01:45:19.025Z] Payload: {"mac_address":"ESP:32:AA:BB:CC:01","sensors":{"temperature":19.8,"humidity":53.5,"ph":5}}
[2026-05-22T01:45:19.026Z] Topic: aquaponic/device/data
[2026-05-22T01:45:19.027Z] Payload: {"mac_address":"ESP:32:AA:BB:CC:01","sensors":{"temperature":19.8,"humidity":53.5,"ph":5}}
[2026-05-22T01:45:19.027Z] temperature => 19.8
[2026-05-22T01:45:19.028Z] temperature => 19.8
[2026-05-22T01:45:19.035Z] temperature: 19.8 saved
[2026-05-22T01:45:19.035Z] humidity => 53.5
[2026-05-22T01:45:19.054Z] humidity: 53.5 saved
[2026-05-22T01:45:19.054Z] temperature: 19.8 saved
[2026-05-22T01:45:19.054Z] humidity => 53.5
[2026-05-22T01:45:19.054Z] ph => 5
[2026-05-22T01:45:19.063Z] humidity: 53.5 saved
[2026-05-22T01:45:19.063Z] ph: 5 saved
[2026-05-22T01:45:19.063Z] ph => 5
[2026-05-22T01:45:19.081Z] Notification saved
[2026-05-22T01:45:19.086Z] ph: 5 saved
[2026-05-22T01:45:19.094Z] Notification saved
[2026-05-22T01:45:29.054Z] Topic: aquaponic/device/data
[2026-05-22T01:45:29.054Z] Payload: {"mac_address":"ESP:32:AA:BB:CC:01","sensors":{"temperature":15.8,"humidity":53.7,"ph":4.7}}
[2026-05-22T01:45:29.054Z] Topic: aquaponic/device/data
[2026-05-22T01:45:29.054Z] Payload: {"mac_address":"ESP:32:AA:BB:CC:01","sensors":{"temperature":15.8,"humidity":53.7,"ph":4.7}}
[2026-05-22T01:45:29.056Z] temperature => 15.8
[2026-05-22T01:45:29.056Z] temperature => 15.8
[2026-05-22T01:45:29.074Z] temperature: 15.8 saved
[2026-05-22T01:45:29.074Z] temperature: 15.8 saved
[2026-05-22T01:45:29.083Z] Notification saved
[2026-05-22T01:45:29.083Z] Notification saved
[2026-05-22T01:45:29.084Z] humidity => 53.7
[2026-05-22T01:45:29.084Z] humidity => 53.7
[2026-05-22T01:45:29.092Z] humidity: 53.7 saved
[2026-05-22T01:45:29.092Z] humidity: 53.7 saved
[2026-05-22T01:45:29.092Z] ph => 4.7
[2026-05-22T01:45:29.092Z] ph => 4.7
[2026-05-22T01:45:29.105Z] ph: 4.7 saved
[2026-05-22T01:45:29.105Z] ph: 4.7 saved
[2026-05-22T01:45:29.119Z] Notification saved
[2026-05-22T01:45:29.119Z] Notification saved
[2026-05-22T01:45:39.083Z] Topic: aquaponic/device/data
[2026-05-22T01:45:39.083Z] Payload: {"mac_address":"ESP:32:AA:BB:CC:01","sensors":{"temperature":20,"humidity":60.8,"ph":7.9}}
[2026-05-22T01:45:39.085Z] temperature => 20
[2026-05-22T01:45:39.093Z] temperature: 20 saved
[2026-05-22T01:45:39.093Z] humidity => 60.8
[2026-05-22T01:45:39.109Z] humidity: 60.8 saved
[2026-05-22T01:45:39.109Z] ph => 7.9
[2026-05-22T01:45:39.122Z] ph: 7.9 saved
[2026-05-22T01:45:39.130Z] Notification saved
[2026-05-22T01:45:39.155Z] Topic: aquaponic/device/data
[2026-05-22T01:45:39.155Z] Payload: {"mac_address":"ESP:32:AA:BB:CC:01","sensors":{"temperature":20,"humidity":60.8,"ph":7.9}}
[2026-05-22T01:45:39.157Z] temperature => 20
[2026-05-22T01:45:39.168Z] temperature: 20 saved
[2026-05-22T01:45:39.169Z] humidity => 60.8
[2026-05-22T01:45:39.182Z] humidity: 60.8 saved
[2026-05-22T01:45:39.182Z] ph => 7.9
[2026-05-22T01:45:39.194Z] ph: 7.9 saved
[2026-05-22T01:45:39.201Z] Notification saved
[2026-05-22T01:45:49.065Z] Topic: aquaponic/device/data
[2026-05-22T01:45:49.065Z] Payload: {"mac_address":"ESP:32:AA:BB:CC:01","sensors":{"temperature":35.9,"humidity":45.2,"ph":5.5}}
[2026-05-22T01:45:49.067Z] temperature => 35.9
[2026-05-22T01:45:49.070Z] Topic: aquaponic/device/data
[2026-05-22T01:45:49.070Z] Payload: {"mac_address":"ESP:32:AA:BB:CC:01","sensors":{"temperature":35.9,"humidity":45.2,"ph":5.5}}
[2026-05-22T01:45:49.071Z] temperature => 35.9
[2026-05-22T01:45:49.075Z] temperature: 35.9 saved
[2026-05-22T01:45:49.088Z] temperature: 35.9 saved
[2026-05-22T01:45:49.095Z] Notification saved
[2026-05-22T01:45:49.095Z] humidity => 45.2
[2026-05-22T01:45:49.104Z] Notification saved
[2026-05-22T01:45:49.104Z] humidity: 45.2 saved
[2026-05-22T01:45:49.104Z] humidity => 45.2
[2026-05-22T01:45:49.104Z] ph => 5.5
[2026-05-22T01:45:49.115Z] humidity: 45.2 saved
[2026-05-22T01:45:49.115Z] ph => 5.5
[2026-05-22T01:45:49.115Z] ph: 5.5 saved
[2026-05-22T01:45:49.122Z] ph: 5.5 saved
[2026-05-22T01:45:59.085Z] Topic: aquaponic/device/data
[2026-05-22T01:45:59.085Z] Payload: {"mac_address":"ESP:32:AA:BB:CC:01","sensors":{"temperature":23.5,"humidity":41.9,"ph":4.2}}
[2026-05-22T01:45:59.086Z] Topic: aquaponic/device/data
[2026-05-22T01:45:59.086Z] Payload: {"mac_address":"ESP:32:AA:BB:CC:01","sensors":{"temperature":23.5,"humidity":41.9,"ph":4.2}}
[2026-05-22T01:45:59.087Z] temperature => 23.5
[2026-05-22T01:45:59.087Z] temperature => 23.5
[2026-05-22T01:45:59.104Z] temperature: 23.5 saved
[2026-05-22T01:45:59.104Z] temperature: 23.5 saved
[2026-05-22T01:45:59.104Z] humidity => 41.9
[2026-05-22T01:45:59.104Z] humidity => 41.9
[2026-05-22T01:45:59.120Z] humidity: 41.9 saved
[2026-05-22T01:45:59.120Z] humidity: 41.9 saved
[2026-05-22T01:45:59.120Z] ph => 4.2
[2026-05-22T01:45:59.120Z] ph => 4.2
[2026-05-22T01:45:59.140Z] ph: 4.2 saved
[2026-05-22T01:45:59.140Z] ph: 4.2 saved
[2026-05-22T01:45:59.173Z] Notification saved
[2026-05-22T01:45:59.173Z] Notification saved
[2026-05-22T01:46:09.093Z] Topic: aquaponic/device/data
[2026-05-22T01:46:09.094Z] Payload: {"mac_address":"ESP:32:AA:BB:CC:01","sensors":{"temperature":25.6,"humidity":47.4,"ph":4.1}}
[2026-05-22T01:46:09.094Z] Topic: aquaponic/device/data
[2026-05-22T01:46:09.095Z] Payload: {"mac_address":"ESP:32:AA:BB:CC:01","sensors":{"temperature":25.6,"humidity":47.4,"ph":4.1}}
[2026-05-22T01:46:09.095Z] temperature => 25.6
[2026-05-22T01:46:09.096Z] temperature => 25.6
[2026-05-22T01:46:09.108Z] temperature: 25.6 saved
[2026-05-22T01:46:09.108Z] humidity => 47.4
[2026-05-22T01:46:09.111Z] temperature: 25.6 saved
[2026-05-22T01:46:09.111Z] humidity => 47.4
[2026-05-22T01:46:09.117Z] humidity: 47.4 saved
[2026-05-22T01:46:09.117Z] ph => 4.1
[2026-05-22T01:46:09.138Z] humidity: 47.4 saved
[2026-05-22T01:46:09.138Z] ph => 4.1
[2026-05-22T01:46:09.141Z] ph: 4.1 saved
[2026-05-22T01:46:09.148Z] ph: 4.1 saved
[2026-05-22T01:46:09.155Z] Notification saved
[2026-05-22T01:46:09.166Z] Notification saved
[2026-05-22T01:46:19.098Z] Topic: aquaponic/device/data
[2026-05-22T01:46:19.098Z] Payload: {"mac_address":"ESP:32:AA:BB:CC:01","sensors":{"temperature":25.8,"humidity":38.8,"ph":7.3}}
[2026-05-22T01:46:19.099Z] Topic: aquaponic/device/data
[2026-05-22T01:46:19.099Z] Payload: {"mac_address":"ESP:32:AA:BB:CC:01","sensors":{"temperature":25.8,"humidity":38.8,"ph":7.3}}
[2026-05-22T01:46:19.100Z] temperature => 25.8
[2026-05-22T01:46:19.100Z] temperature => 25.8
[2026-05-22T01:46:19.109Z] temperature: 25.8 saved
[2026-05-22T01:46:19.109Z] humidity => 38.8
[2026-05-22T01:46:19.116Z] temperature: 25.8 saved
[2026-05-22T01:46:19.116Z] humidity => 38.8
[2026-05-22T01:46:19.123Z] humidity: 38.8 saved
[2026-05-22T01:46:19.131Z] humidity: 38.8 saved
[2026-05-22T01:46:19.139Z] Notification saved
[2026-05-22T01:46:19.139Z] ph => 7.3
[2026-05-22T01:46:19.149Z] Notification saved
[2026-05-22T01:46:19.149Z] ph => 7.3
[2026-05-22T01:46:19.157Z] ph: 7.3 saved
[2026-05-22T01:46:19.170Z] ph: 7.3 saved
[2026-05-22T01:46:29.116Z] Topic: aquaponic/device/data
[2026-05-22T01:46:29.116Z] Payload: {"mac_address":"ESP:32:AA:BB:CC:01","sensors":{"temperature":22.1,"humidity":42.5,"ph":5.5}}
[2026-05-22T01:46:29.116Z] Topic: aquaponic/device/data
[2026-05-22T01:46:29.116Z] Payload: {"mac_address":"ESP:32:AA:BB:CC:01","sensors":{"temperature":22.1,"humidity":42.5,"ph":5.5}}
[2026-05-22T01:46:29.118Z] temperature => 22.1
[2026-05-22T01:46:29.118Z] temperature => 22.1
[2026-05-22T01:46:29.156Z] temperature: 22.1 saved
[2026-05-22T01:46:29.156Z] temperature: 22.1 saved
[2026-05-22T01:46:29.156Z] humidity => 42.5
[2026-05-22T01:46:29.156Z] humidity => 42.5
[2026-05-22T01:46:29.166Z] humidity: 42.5 saved
[2026-05-22T01:46:29.166Z] humidity: 42.5 saved
[2026-05-22T01:46:29.167Z] ph => 5.5
[2026-05-22T01:46:29.167Z] ph => 5.5
[2026-05-22T01:46:29.178Z] ph: 5.5 saved
[2026-05-22T01:46:29.181Z] ph: 5.5 saved
[2026-05-22T01:46:39.138Z] Topic: aquaponic/device/data
[2026-05-22T01:46:39.138Z] Payload: {"mac_address":"ESP:32:AA:BB:CC:01","sensors":{"temperature":27.9,"humidity":65.9,"ph":6.2}}
[2026-05-22T01:46:39.139Z] Topic: aquaponic/device/data
[2026-05-22T01:46:39.139Z] Payload: {"mac_address":"ESP:32:AA:BB:CC:01","sensors":{"temperature":27.9,"humidity":65.9,"ph":6.2}}
[2026-05-22T01:46:39.139Z] temperature => 27.9
[2026-05-22T01:46:39.141Z] temperature => 27.9
[2026-05-22T01:46:39.154Z] temperature: 27.9 saved
[2026-05-22T01:46:39.154Z] humidity => 65.9
[2026-05-22T01:46:39.163Z] temperature: 27.9 saved
[2026-05-22T01:46:39.163Z] humidity => 65.9
[2026-05-22T01:46:39.172Z] humidity: 65.9 saved
[2026-05-22T01:46:39.172Z] ph => 6.2
[2026-05-22T01:46:39.175Z] humidity: 65.9 saved
[2026-05-22T01:46:39.175Z] ph => 6.2
[2026-05-22T01:46:39.182Z] ph: 6.2 saved
[2026-05-22T01:46:39.188Z] ph: 6.2 saved
[2026-05-22T01:46:49.137Z] Topic: aquaponic/device/data
[2026-05-22T01:46:49.137Z] Payload: {"mac_address":"ESP:32:AA:BB:CC:01","sensors":{"temperature":32.5,"humidity":32.8,"ph":8.6}}
[2026-05-22T01:46:49.137Z] Topic: aquaponic/device/data
[2026-05-22T01:46:49.137Z] Payload: {"mac_address":"ESP:32:AA:BB:CC:01","sensors":{"temperature":32.5,"humidity":32.8,"ph":8.6}}
[2026-05-22T01:46:49.139Z] temperature => 32.5
[2026-05-22T01:46:49.139Z] temperature => 32.5
[2026-05-22T01:46:49.148Z] temperature: 32.5 saved
[2026-05-22T01:46:49.151Z] temperature: 32.5 saved
[2026-05-22T01:46:49.160Z] Notification saved
[2026-05-22T01:46:49.160Z] humidity => 32.8
[2026-05-22T01:46:49.167Z] Notification saved
[2026-05-22T01:46:49.167Z] humidity => 32.8
[2026-05-22T01:46:49.188Z] humidity: 32.8 saved
[2026-05-22T01:46:49.191Z] humidity: 32.8 saved
[2026-05-22T01:46:49.197Z] Notification saved
[2026-05-22T01:46:49.197Z] ph => 8.6
[2026-05-22T01:46:49.206Z] Notification saved
[2026-05-22T01:46:49.207Z] ph => 8.6
[2026-05-22T01:46:49.209Z] ph: 8.6 saved
[2026-05-22T01:46:49.220Z] ph: 8.6 saved
[2026-05-22T01:46:49.232Z] Notification saved
[2026-05-22T01:46:49.235Z] Notification saved
[2026-05-22T01:46:59.150Z] Topic: aquaponic/device/data
[2026-05-22T01:46:59.150Z] Payload: {"mac_address":"ESP:32:AA:BB:CC:01","sensors":{"temperature":30.7,"humidity":60.7,"ph":8.9}}
[2026-05-22T01:46:59.151Z] Topic: aquaponic/device/data
[2026-05-22T01:46:59.151Z] Payload: {"mac_address":"ESP:32:AA:BB:CC:01","sensors":{"temperature":30.7,"humidity":60.7,"ph":8.9}}
[2026-05-22T01:46:59.152Z] temperature => 30.7
[2026-05-22T01:46:59.152Z] temperature => 30.7
[2026-05-22T01:46:59.166Z] temperature: 30.7 saved
[2026-05-22T01:46:59.166Z] temperature: 30.7 saved
[2026-05-22T01:46:59.166Z] humidity => 60.7
[2026-05-22T01:46:59.166Z] humidity => 60.7
[2026-05-22T01:46:59.183Z] humidity: 60.7 saved
[2026-05-22T01:46:59.183Z] humidity: 60.7 saved
[2026-05-22T01:46:59.183Z] ph => 8.9
[2026-05-22T01:46:59.183Z] ph => 8.9
[2026-05-22T01:46:59.197Z] ph: 8.9 saved
[2026-05-22T01:46:59.197Z] ph: 8.9 saved
[2026-05-22T01:46:59.204Z] Notification saved
[2026-05-22T01:46:59.214Z] Notification saved
[2026-05-22T01:47:09.159Z] Topic: aquaponic/device/data
[2026-05-22T01:47:09.159Z] Payload: {"mac_address":"ESP:32:AA:BB:CC:01","sensors":{"temperature":31.5,"humidity":81.8,"ph":5.7}}
[2026-05-22T01:47:09.160Z] Topic: aquaponic/device/data
[2026-05-22T01:47:09.160Z] Payload: {"mac_address":"ESP:32:AA:BB:CC:01","sensors":{"temperature":31.5,"humidity":81.8,"ph":5.7}}
[2026-05-22T01:47:09.161Z] temperature => 31.5
[2026-05-22T01:47:09.161Z] temperature => 31.5
[2026-05-22T01:47:09.168Z] temperature: 31.5 saved
[2026-05-22T01:47:09.169Z] humidity => 81.8
[2026-05-22T01:47:09.188Z] temperature: 31.5 saved
[2026-05-22T01:47:09.188Z] humidity => 81.8
[2026-05-22T01:47:09.192Z] humidity: 81.8 saved
[2026-05-22T01:47:09.192Z] ph => 5.7
[2026-05-22T01:47:09.198Z] humidity: 81.8 saved
[2026-05-22T01:47:09.198Z] ph => 5.7
[2026-05-22T01:47:09.212Z] ph: 5.7 saved
[2026-05-22T01:47:09.228Z] ph: 5.7 saved
[2026-05-22T01:47:19.182Z] Topic: aquaponic/device/data
[2026-05-22T01:47:19.182Z] Payload: {"mac_address":"ESP:32:AA:BB:CC:01","sensors":{"temperature":19.1,"humidity":87.7,"ph":5.9}}
[2026-05-22T01:47:19.183Z] Topic: aquaponic/device/data
[2026-05-22T01:47:19.183Z] Payload: {"mac_address":"ESP:32:AA:BB:CC:01","sensors":{"temperature":19.1,"humidity":87.7,"ph":5.9}}
[2026-05-22T01:47:19.184Z] temperature => 19.1
[2026-05-22T01:47:19.184Z] temperature => 19.1
[2026-05-22T01:47:19.195Z] temperature: 19.1 saved
[2026-05-22T01:47:19.195Z] humidity => 87.7
[2026-05-22T01:47:19.198Z] temperature: 19.1 saved
[2026-05-22T01:47:19.198Z] humidity => 87.7
[2026-05-22T01:47:19.207Z] humidity: 87.7 saved
[2026-05-22T01:47:19.222Z] humidity: 87.7 saved
[2026-05-22T01:47:19.225Z] Notification saved
[2026-05-22T01:47:19.225Z] ph => 5.9
[2026-05-22T01:47:19.234Z] Notification saved
[2026-05-22T01:47:19.234Z] ph => 5.9
[2026-05-22T01:47:19.241Z] ph: 5.9 saved
[2026-05-22T01:47:19.247Z] ph: 5.9 saved
[2026-05-22T01:47:29.187Z] Topic: aquaponic/device/data
[2026-05-22T01:47:29.187Z] Payload: {"mac_address":"ESP:32:AA:BB:CC:01","sensors":{"temperature":15.9,"humidity":47.3,"ph":7.8}}
[2026-05-22T01:47:29.188Z] Topic: aquaponic/device/data
[2026-05-22T01:47:29.188Z] Payload: {"mac_address":"ESP:32:AA:BB:CC:01","sensors":{"temperature":15.9,"humidity":47.3,"ph":7.8}}
[2026-05-22T01:47:29.189Z] temperature => 15.9
[2026-05-22T01:47:29.190Z] temperature => 15.9
[2026-05-22T01:47:29.198Z] temperature: 15.9 saved
[2026-05-22T01:47:29.206Z] temperature: 15.9 saved
[2026-05-22T01:47:29.216Z] Notification saved
[2026-05-22T01:47:29.217Z] humidity => 47.3
[2026-05-22T01:47:29.224Z] Notification saved
[2026-05-22T01:47:29.224Z] humidity => 47.3
[2026-05-22T01:47:29.239Z] humidity: 47.3 saved
[2026-05-22T01:47:29.239Z] humidity: 47.3 saved
[2026-05-22T01:47:29.239Z] ph => 7.8
[2026-05-22T01:47:29.239Z] ph => 7.8
[2026-05-22T01:47:29.248Z] ph: 7.8 saved
[2026-05-22T01:47:29.248Z] ph: 7.8 saved
[2026-05-22T01:47:29.261Z] Notification saved
[2026-05-22T01:47:29.267Z] Notification saved
[2026-05-22T01:47:39.198Z] Topic: aquaponic/device/data
[2026-05-22T01:47:39.199Z] Payload: {"mac_address":"ESP:32:AA:BB:CC:01","sensors":{"temperature":28.2,"humidity":32.5,"ph":7.3}}
[2026-05-22T01:47:39.199Z] Topic: aquaponic/device/data
[2026-05-22T01:47:39.199Z] Payload: {"mac_address":"ESP:32:AA:BB:CC:01","sensors":{"temperature":28.2,"humidity":32.5,"ph":7.3}}
[2026-05-22T01:47:39.200Z] temperature => 28.2
[2026-05-22T01:47:39.201Z] temperature => 28.2
[2026-05-22T01:47:39.215Z] temperature: 28.2 saved
[2026-05-22T01:47:39.215Z] humidity => 32.5
[2026-05-22T01:47:39.215Z] temperature: 28.2 saved
[2026-05-22T01:47:39.216Z] humidity => 32.5
[2026-05-22T01:47:39.235Z] humidity: 32.5 saved
[2026-05-22T01:47:39.235Z] humidity: 32.5 saved
[2026-05-22T01:47:39.243Z] Notification saved
[2026-05-22T01:47:39.243Z] Notification saved
[2026-05-22T01:47:39.243Z] ph => 7.3
[2026-05-22T01:47:39.243Z] ph => 7.3
[2026-05-22T01:47:39.254Z] ph: 7.3 saved
[2026-05-22T01:47:39.254Z] ph: 7.3 saved
[2026-05-22T01:47:49.217Z] Topic: aquaponic/device/data
[2026-05-22T01:47:49.217Z] Payload: {"mac_address":"ESP:32:AA:BB:CC:01","sensors":{"temperature":22.5,"humidity":61.7,"ph":6}}
[2026-05-22T01:47:49.219Z] Topic: aquaponic/device/data
[2026-05-22T01:47:49.219Z] Payload: {"mac_address":"ESP:32:AA:BB:CC:01","sensors":{"temperature":22.5,"humidity":61.7,"ph":6}}
[2026-05-22T01:47:49.219Z] temperature => 22.5
[2026-05-22T01:47:49.220Z] temperature => 22.5
[2026-05-22T01:47:49.231Z] temperature: 22.5 saved
[2026-05-22T01:47:49.231Z] humidity => 61.7
[2026-05-22T01:47:49.246Z] temperature: 22.5 saved
[2026-05-22T01:47:49.246Z] humidity => 61.7
[2026-05-22T01:47:49.249Z] humidity: 61.7 saved
[2026-05-22T01:47:49.250Z] ph => 6
[2026-05-22T01:47:49.259Z] humidity: 61.7 saved
[2026-05-22T01:47:49.259Z] ph => 6
[2026-05-22T01:47:49.270Z] ph: 6 saved
[2026-05-22T01:47:49.276Z] ph: 6 saved
[2026-05-22T01:47:59.223Z] Topic: aquaponic/device/data
[2026-05-22T01:47:59.223Z] Payload: {"mac_address":"ESP:32:AA:BB:CC:01","sensors":{"temperature":29.2,"humidity":94,"ph":5.7}}
[2026-05-22T01:47:59.223Z] Topic: aquaponic/device/data
[2026-05-22T01:47:59.223Z] Payload: {"mac_address":"ESP:32:AA:BB:CC:01","sensors":{"temperature":29.2,"humidity":94,"ph":5.7}}
[2026-05-22T01:47:59.225Z] temperature => 29.2
[2026-05-22T01:47:59.225Z] temperature => 29.2
[2026-05-22T01:47:59.241Z] temperature: 29.2 saved
[2026-05-22T01:47:59.241Z] temperature: 29.2 saved
[2026-05-22T01:47:59.241Z] humidity => 94
[2026-05-22T01:47:59.241Z] humidity => 94
[2026-05-22T01:47:59.254Z] humidity: 94 saved
[2026-05-22T01:47:59.254Z] humidity: 94 saved
[2026-05-22T01:47:59.266Z] Notification saved
[2026-05-22T01:47:59.266Z] Notification saved
[2026-05-22T01:47:59.266Z] ph => 5.7
[2026-05-22T01:47:59.266Z] ph => 5.7
[2026-05-22T01:47:59.279Z] ph: 5.7 saved
[2026-05-22T01:47:59.279Z] ph: 5.7 saved
[2026-05-22T01:48:09.237Z] Topic: aquaponic/device/data
[2026-05-22T01:48:09.237Z] Payload: {"mac_address":"ESP:32:AA:BB:CC:01","sensors":{"temperature":20,"humidity":41.6,"ph":6.7}}
[2026-05-22T01:48:09.238Z] Topic: aquaponic/device/data
[2026-05-22T01:48:09.238Z] Payload: {"mac_address":"ESP:32:AA:BB:CC:01","sensors":{"temperature":20,"humidity":41.6,"ph":6.7}}
[2026-05-22T01:48:09.239Z] temperature => 20
[2026-05-22T01:48:09.239Z] temperature => 20
[2026-05-22T01:48:09.248Z] temperature: 20 saved
[2026-05-22T01:48:09.248Z] humidity => 41.6
[2026-05-22T01:48:09.251Z] temperature: 20 saved
[2026-05-22T01:48:09.251Z] humidity => 41.6
[2026-05-22T01:48:09.258Z] humidity: 41.6 saved
[2026-05-22T01:48:09.258Z] ph => 6.7
[2026-05-22T01:48:09.274Z] humidity: 41.6 saved
[2026-05-22T01:48:09.274Z] ph => 6.7
[2026-05-22T01:48:09.277Z] ph: 6.7 saved
[2026-05-22T01:48:09.284Z] ph: 6.7 saved
[2026-05-22T01:48:19.246Z] Topic: aquaponic/device/data
[2026-05-22T01:48:19.246Z] Payload: {"mac_address":"ESP:32:AA:BB:CC:01","sensors":{"temperature":29.2,"humidity":66.7,"ph":6.8}}
[2026-05-22T01:48:19.247Z] Topic: aquaponic/device/data
[2026-05-22T01:48:19.247Z] Payload: {"mac_address":"ESP:32:AA:BB:CC:01","sensors":{"temperature":29.2,"humidity":66.7,"ph":6.8}}
[2026-05-22T01:48:19.248Z] temperature => 29.2
[2026-05-22T01:48:19.248Z] temperature => 29.2
[2026-05-22T01:48:19.263Z] temperature: 29.2 saved
[2026-05-22T01:48:19.263Z] temperature: 29.2 saved
[2026-05-22T01:48:19.263Z] humidity => 66.7
[2026-05-22T01:48:19.263Z] humidity => 66.7
[2026-05-22T01:48:19.277Z] humidity: 66.7 saved
[2026-05-22T01:48:19.277Z] humidity: 66.7 saved
[2026-05-22T01:48:19.278Z] ph => 6.8
[2026-05-22T01:48:19.278Z] ph => 6.8
[2026-05-22T01:48:19.286Z] ph: 6.8 saved
[2026-05-22T01:48:19.286Z] ph: 6.8 saved
[2026-05-22T01:48:29.296Z] Topic: aquaponic/device/data
[2026-05-22T01:48:29.296Z] Payload: {"mac_address":"ESP:32:AA:BB:CC:01","sensors":{"temperature":16.7,"humidity":83,"ph":4.4}}
[2026-05-22T01:48:29.297Z] Topic: aquaponic/device/data
[2026-05-22T01:48:29.297Z] Payload: {"mac_address":"ESP:32:AA:BB:CC:01","sensors":{"temperature":16.7,"humidity":83,"ph":4.4}}
[2026-05-22T01:48:29.298Z] temperature => 16.7
[2026-05-22T01:48:29.298Z] temperature => 16.7
[2026-05-22T01:48:29.315Z] temperature: 16.7 saved
[2026-05-22T01:48:29.315Z] temperature: 16.7 saved
[2026-05-22T01:48:29.328Z] Notification saved
[2026-05-22T01:48:29.328Z] humidity => 83
[2026-05-22T01:48:29.331Z] Notification saved
[2026-05-22T01:48:29.332Z] humidity => 83
[2026-05-22T01:48:29.338Z] humidity: 83 saved
[2026-05-22T01:48:29.338Z] ph => 4.4
[2026-05-22T01:48:29.351Z] humidity: 83 saved
[2026-05-22T01:48:29.351Z] ph => 4.4
[2026-05-22T01:48:29.354Z] ph: 4.4 saved
[2026-05-22T01:48:29.362Z] ph: 4.4 saved
[2026-05-22T01:48:29.372Z] Notification saved
[2026-05-22T01:48:29.402Z] Notification saved
[2026-05-22T01:48:39.268Z] Topic: aquaponic/device/data
[2026-05-22T01:48:39.268Z] Payload: {"mac_address":"ESP:32:AA:BB:CC:01","sensors":{"temperature":25,"humidity":52.6,"ph":5.8}}
[2026-05-22T01:48:39.269Z] temperature => 25
[2026-05-22T01:48:39.272Z] Topic: aquaponic/device/data
[2026-05-22T01:48:39.272Z] Payload: {"mac_address":"ESP:32:AA:BB:CC:01","sensors":{"temperature":25,"humidity":52.6,"ph":5.8}}
[2026-05-22T01:48:39.273Z] temperature => 25
[2026-05-22T01:48:39.283Z] temperature: 25 saved
[2026-05-22T01:48:39.283Z] humidity => 52.6
[2026-05-22T01:48:39.292Z] temperature: 25 saved
[2026-05-22T01:48:39.292Z] humidity => 52.6
[2026-05-22T01:48:39.300Z] humidity: 52.6 saved
[2026-05-22T01:48:39.301Z] ph => 5.8
[2026-05-22T01:48:39.326Z] humidity: 52.6 saved
[2026-05-22T01:48:39.326Z] ph => 5.8
[2026-05-22T01:48:39.329Z] ph: 5.8 saved
[2026-05-22T01:48:39.335Z] ph: 5.8 saved
[2026-05-22T01:48:49.294Z] Topic: aquaponic/device/data
[2026-05-22T01:48:49.294Z] Payload: {"mac_address":"ESP:32:AA:BB:CC:01","sensors":{"temperature":21,"humidity":63.4,"ph":4.4}}
[2026-05-22T01:48:49.295Z] Topic: aquaponic/device/data
[2026-05-22T01:48:49.295Z] Payload: {"mac_address":"ESP:32:AA:BB:CC:01","sensors":{"temperature":21,"humidity":63.4,"ph":4.4}}
[2026-05-22T01:48:49.296Z] temperature => 21
[2026-05-22T01:48:49.296Z] temperature => 21
[2026-05-22T01:48:49.313Z] temperature: 21 saved
[2026-05-22T01:48:49.314Z] humidity => 63.4
[2026-05-22T01:48:49.317Z] temperature: 21 saved
[2026-05-22T01:48:49.317Z] humidity => 63.4
[2026-05-22T01:48:49.323Z] humidity: 63.4 saved
[2026-05-22T01:48:49.323Z] ph => 4.4
[2026-05-22T01:48:49.329Z] humidity: 63.4 saved
[2026-05-22T01:48:49.329Z] ph => 4.4
[2026-05-22T01:48:49.353Z] ph: 4.4 saved
[2026-05-22T01:48:49.353Z] ph: 4.4 saved
[2026-05-22T01:48:49.362Z] Notification saved
[2026-05-22T01:48:49.362Z] Notification saved
[2026-05-22T01:48:59.298Z] Topic: aquaponic/device/data
[2026-05-22T01:48:59.298Z] Payload: {"mac_address":"ESP:32:AA:BB:CC:01","sensors":{"temperature":26.9,"humidity":34.2,"ph":7.4}}
[2026-05-22T01:48:59.299Z] Topic: aquaponic/device/data
[2026-05-22T01:48:59.299Z] Payload: {"mac_address":"ESP:32:AA:BB:CC:01","sensors":{"temperature":26.9,"humidity":34.2,"ph":7.4}}
[2026-05-22T01:48:59.301Z] temperature => 26.9
[2026-05-22T01:48:59.313Z] temperature => 26.9
[2026-05-22T01:48:59.320Z] temperature: 26.9 saved
[2026-05-22T01:48:59.320Z] humidity => 34.2
[2026-05-22T01:48:59.329Z] temperature: 26.9 saved
[2026-05-22T01:48:59.329Z] humidity => 34.2
[2026-05-22T01:48:59.336Z] humidity: 34.2 saved
[2026-05-22T01:48:59.356Z] Notification saved
[2026-05-22T01:48:59.356Z] humidity: 34.2 saved
[2026-05-22T01:48:59.356Z] ph => 7.4
[2026-05-22T01:48:59.372Z] Notification saved
[2026-05-22T01:48:59.372Z] ph: 7.4 saved
[2026-05-22T01:48:59.372Z] ph => 7.4
[2026-05-22T01:48:59.380Z] ph: 7.4 saved
[2026-05-22T01:49:09.316Z] Topic: aquaponic/device/data
[2026-05-22T01:49:09.316Z] Payload: {"mac_address":"ESP:32:AA:BB:CC:01","sensors":{"temperature":25.7,"humidity":53.8,"ph":6.6}}
[2026-05-22T01:49:09.317Z] Topic: aquaponic/device/data
[2026-05-22T01:49:09.317Z] Payload: {"mac_address":"ESP:32:AA:BB:CC:01","sensors":{"temperature":25.7,"humidity":53.8,"ph":6.6}}
[2026-05-22T01:49:09.318Z] temperature => 25.7
[2026-05-22T01:49:09.318Z] temperature => 25.7
[2026-05-22T01:49:09.335Z] temperature: 25.7 saved
[2026-05-22T01:49:09.335Z] humidity => 53.8
[2026-05-22T01:49:09.351Z] temperature: 25.7 saved
[2026-05-22T01:49:09.351Z] humidity => 53.8
[2026-05-22T01:49:09.401Z] humidity: 53.8 saved
[2026-05-22T01:49:09.402Z] ph => 6.6
[2026-05-22T01:49:09.410Z] humidity: 53.8 saved
[2026-05-22T01:49:09.410Z] ph => 6.6
[2026-05-22T01:49:09.423Z] ph: 6.6 saved
[2026-05-22T01:49:09.439Z] ph: 6.6 saved
[2026-05-22T01:49:19.319Z] Topic: aquaponic/device/data
[2026-05-22T01:49:19.319Z] Payload: {"mac_address":"ESP:32:AA:BB:CC:01","sensors":{"temperature":23.7,"humidity":92.3,"ph":8.1}}
[2026-05-22T01:49:19.319Z] Topic: aquaponic/device/data
[2026-05-22T01:49:19.319Z] Payload: {"mac_address":"ESP:32:AA:BB:CC:01","sensors":{"temperature":23.7,"humidity":92.3,"ph":8.1}}
[2026-05-22T01:49:19.320Z] temperature => 23.7
[2026-05-22T01:49:19.321Z] temperature => 23.7
[2026-05-22T01:49:19.331Z] temperature: 23.7 saved
[2026-05-22T01:49:19.331Z] humidity => 92.3
[2026-05-22T01:49:19.335Z] temperature: 23.7 saved
[2026-05-22T01:49:19.335Z] humidity => 92.3
[2026-05-22T01:49:19.344Z] humidity: 92.3 saved
[2026-05-22T01:49:19.351Z] humidity: 92.3 saved
[2026-05-22T01:49:19.361Z] Notification saved
[2026-05-22T01:49:19.361Z] ph => 8.1
[2026-05-22T01:49:19.365Z] Notification saved
[2026-05-22T01:49:19.365Z] ph => 8.1
[2026-05-22T01:49:19.389Z] ph: 8.1 saved
[2026-05-22T01:49:19.389Z] ph: 8.1 saved
[2026-05-22T01:49:19.411Z] Notification saved
[2026-05-22T01:49:19.414Z] Notification saved
[2026-05-22T01:49:29.330Z] Topic: aquaponic/device/data
[2026-05-22T01:49:29.330Z] Payload: {"mac_address":"ESP:32:AA:BB:CC:01","sensors":{"temperature":20.1,"humidity":67.8,"ph":6.3}}
[2026-05-22T01:49:29.330Z] Topic: aquaponic/device/data
[2026-05-22T01:49:29.331Z] Payload: {"mac_address":"ESP:32:AA:BB:CC:01","sensors":{"temperature":20.1,"humidity":67.8,"ph":6.3}}
[2026-05-22T01:49:29.332Z] temperature => 20.1
[2026-05-22T01:49:29.332Z] temperature => 20.1
[2026-05-22T01:49:29.343Z] temperature: 20.1 saved
[2026-05-22T01:49:29.343Z] humidity => 67.8
[2026-05-22T01:49:29.346Z] temperature: 20.1 saved
[2026-05-22T01:49:29.346Z] humidity => 67.8
[2026-05-22T01:49:29.355Z] humidity: 67.8 saved
[2026-05-22T01:49:29.355Z] ph => 6.3
[2026-05-22T01:49:29.370Z] humidity: 67.8 saved
[2026-05-22T01:49:29.370Z] ph => 6.3
[2026-05-22T01:49:29.375Z] ph: 6.3 saved
[2026-05-22T01:49:29.382Z] ph: 6.3 saved
[2026-05-22T01:49:39.341Z] Topic: aquaponic/device/data
[2026-05-22T01:49:39.341Z] Payload: {"mac_address":"ESP:32:AA:BB:CC:01","sensors":{"temperature":27.4,"humidity":75.5,"ph":5.8}}
[2026-05-22T01:49:39.342Z] Topic: aquaponic/device/data
[2026-05-22T01:49:39.342Z] Payload: {"mac_address":"ESP:32:AA:BB:CC:01","sensors":{"temperature":27.4,"humidity":75.5,"ph":5.8}}
[2026-05-22T01:49:39.343Z] temperature => 27.4
[2026-05-22T01:49:39.343Z] temperature => 27.4
[2026-05-22T01:49:39.364Z] temperature: 27.4 saved
[2026-05-22T01:49:39.364Z] humidity => 75.5
[2026-05-22T01:49:39.367Z] temperature: 27.4 saved
[2026-05-22T01:49:39.367Z] humidity => 75.5
[2026-05-22T01:49:39.373Z] humidity: 75.5 saved
[2026-05-22T01:49:39.374Z] ph => 5.8
[2026-05-22T01:49:39.385Z] humidity: 75.5 saved
[2026-05-22T01:49:39.385Z] ph => 5.8
[2026-05-22T01:49:39.399Z] ph: 5.8 saved
[2026-05-22T01:49:39.402Z] ph: 5.8 saved
[2026-05-22T01:49:49.357Z] Topic: aquaponic/device/data
[2026-05-22T01:49:49.358Z] Payload: {"mac_address":"ESP:32:AA:BB:CC:01","sensors":{"temperature":33.2,"humidity":88.1,"ph":8.3}}
[2026-05-22T01:49:49.358Z] Topic: aquaponic/device/data
[2026-05-22T01:49:49.358Z] Payload: {"mac_address":"ESP:32:AA:BB:CC:01","sensors":{"temperature":33.2,"humidity":88.1,"ph":8.3}}
[2026-05-22T01:49:49.359Z] temperature => 33.2
[2026-05-22T01:49:49.359Z] temperature => 33.2
[2026-05-22T01:49:49.376Z] temperature: 33.2 saved
[2026-05-22T01:49:49.376Z] temperature: 33.2 saved
[2026-05-22T01:49:49.383Z] Notification saved
[2026-05-22T01:49:49.383Z] Notification saved
[2026-05-22T01:49:49.383Z] humidity => 88.1
[2026-05-22T01:49:49.383Z] humidity => 88.1
[2026-05-22T01:49:49.403Z] humidity: 88.1 saved
[2026-05-22T01:49:49.406Z] humidity: 88.1 saved
[2026-05-22T01:49:49.413Z] Notification saved
[2026-05-22T01:49:49.413Z] ph => 8.3
[2026-05-22T01:49:49.419Z] Notification saved
[2026-05-22T01:49:49.420Z] ph => 8.3
[2026-05-22T01:49:49.428Z] ph: 8.3 saved
[2026-05-22T01:49:49.429Z] ph: 8.3 saved
[2026-05-22T01:49:49.440Z] Notification saved
[2026-05-22T01:49:49.440Z] Notification saved
[2026-05-22T01:49:59.370Z] Topic: aquaponic/device/data
[2026-05-22T01:49:59.370Z] Payload: {"mac_address":"ESP:32:AA:BB:CC:01","sensors":{"temperature":33.5,"humidity":56.5,"ph":5.2}}
[2026-05-22T01:49:59.371Z] Topic: aquaponic/device/data
[2026-05-22T01:49:59.371Z] Payload: {"mac_address":"ESP:32:AA:BB:CC:01","sensors":{"temperature":33.5,"humidity":56.5,"ph":5.2}}
[2026-05-22T01:49:59.372Z] temperature => 33.5
[2026-05-22T01:49:59.372Z] temperature => 33.5
[2026-05-22T01:49:59.388Z] temperature: 33.5 saved
[2026-05-22T01:49:59.391Z] temperature: 33.5 saved
[2026-05-22T01:49:59.402Z] Notification saved
[2026-05-22T01:49:59.402Z] humidity => 56.5
[2026-05-22T01:49:59.412Z] Notification saved
[2026-05-22T01:49:59.413Z] humidity => 56.5
[2026-05-22T01:49:59.415Z] humidity: 56.5 saved
[2026-05-22T01:49:59.416Z] ph => 5.2
[2026-05-22T01:49:59.425Z] humidity: 56.5 saved
[2026-05-22T01:49:59.425Z] ph => 5.2
[2026-05-22T01:49:59.441Z] ph: 5.2 saved
[2026-05-22T01:49:59.448Z] ph: 5.2 saved
[2026-05-22T01:49:59.455Z] Notification saved
[2026-05-22T01:49:59.461Z] Notification saved
[2026-05-22T01:50:09.378Z] Topic: aquaponic/device/data
[2026-05-22T01:50:09.379Z] Payload: {"mac_address":"ESP:32:AA:BB:CC:01","sensors":{"temperature":32.6,"humidity":76.2,"ph":8.5}}
[2026-05-22T01:50:09.379Z] Topic: aquaponic/device/data
[2026-05-22T01:50:09.379Z] Payload: {"mac_address":"ESP:32:AA:BB:CC:01","sensors":{"temperature":32.6,"humidity":76.2,"ph":8.5}}
[2026-05-22T01:50:09.380Z] temperature => 32.6
[2026-05-22T01:50:09.380Z] temperature => 32.6
[2026-05-22T01:50:09.398Z] temperature: 32.6 saved
[2026-05-22T01:50:09.401Z] temperature: 32.6 saved
[2026-05-22T01:50:09.408Z] Notification saved
[2026-05-22T01:50:09.409Z] humidity => 76.2
[2026-05-22T01:50:09.418Z] Notification saved
[2026-05-22T01:50:09.418Z] humidity => 76.2
[2026-05-22T01:50:09.428Z] humidity: 76.2 saved
[2026-05-22T01:50:09.428Z] ph => 8.5
[2026-05-22T01:50:09.445Z] ph: 8.5 saved
[2026-05-22T01:50:09.445Z] humidity: 76.2 saved
[2026-05-22T01:50:09.445Z] ph => 8.5
[2026-05-22T01:50:09.453Z] Notification saved
[2026-05-22T01:50:09.460Z] ph: 8.5 saved
[2026-05-22T01:50:09.466Z] Notification saved
[2026-05-22T01:50:19.397Z] Topic: aquaponic/device/data
[2026-05-22T01:50:19.398Z] Payload: {"mac_address":"ESP:32:AA:BB:CC:01","sensors":{"temperature":15.5,"humidity":63.5,"ph":4.7}}
[2026-05-22T01:50:19.398Z] Topic: aquaponic/device/data
[2026-05-22T01:50:19.398Z] Payload: {"mac_address":"ESP:32:AA:BB:CC:01","sensors":{"temperature":15.5,"humidity":63.5,"ph":4.7}}
[2026-05-22T01:50:19.399Z] temperature => 15.5
[2026-05-22T01:50:19.400Z] temperature => 15.5
[2026-05-22T01:50:19.410Z] temperature: 15.5 saved
[2026-05-22T01:50:19.413Z] temperature: 15.5 saved
[2026-05-22T01:50:19.422Z] Notification saved
[2026-05-22T01:50:19.422Z] humidity => 63.5
[2026-05-22T01:50:19.429Z] Notification saved
[2026-05-22T01:50:19.429Z] humidity => 63.5
[2026-05-22T01:50:19.441Z] humidity: 63.5 saved
[2026-05-22T01:50:19.441Z] ph => 4.7
[2026-05-22T01:50:19.444Z] humidity: 63.5 saved
[2026-05-22T01:50:19.445Z] ph => 4.7
[2026-05-22T01:50:19.453Z] ph: 4.7 saved
[2026-05-22T01:50:19.464Z] ph: 4.7 saved
[2026-05-22T01:50:19.474Z] Notification saved
[2026-05-22T01:50:19.481Z] Notification saved
[2026-05-22T01:50:29.402Z] Topic: aquaponic/device/data
[2026-05-22T01:50:29.402Z] Payload: {"mac_address":"ESP:32:AA:BB:CC:01","sensors":{"temperature":17.4,"humidity":70.8,"ph":5.9}}
[2026-05-22T01:50:29.403Z] Topic: aquaponic/device/data
[2026-05-22T01:50:29.403Z] Payload: {"mac_address":"ESP:32:AA:BB:CC:01","sensors":{"temperature":17.4,"humidity":70.8,"ph":5.9}}
[2026-05-22T01:50:29.404Z] temperature => 17.4
[2026-05-22T01:50:29.404Z] temperature => 17.4
[2026-05-22T01:50:29.413Z] temperature: 17.4 saved
[2026-05-22T01:50:29.430Z] temperature: 17.4 saved
[2026-05-22T01:50:29.436Z] Notification saved
[2026-05-22T01:50:29.436Z] humidity => 70.8
[2026-05-22T01:50:29.443Z] Notification saved
[2026-05-22T01:50:29.443Z] humidity => 70.8
[2026-05-22T01:50:29.457Z] humidity: 70.8 saved
[2026-05-22T01:50:29.457Z] ph => 5.9
[2026-05-22T01:50:29.469Z] humidity: 70.8 saved
[2026-05-22T01:50:29.470Z] ph => 5.9
[2026-05-22T01:50:29.479Z] ph: 5.9 saved
[2026-05-22T01:50:29.492Z] ph: 5.9 saved
[2026-05-22T01:50:39.414Z] Topic: aquaponic/device/data
[2026-05-22T01:50:39.414Z] Payload: {"mac_address":"ESP:32:AA:BB:CC:01","sensors":{"temperature":32.7,"humidity":76.5,"ph":4.4}}
[2026-05-22T01:50:39.415Z] Topic: aquaponic/device/data
[2026-05-22T01:50:39.415Z] Payload: {"mac_address":"ESP:32:AA:BB:CC:01","sensors":{"temperature":32.7,"humidity":76.5,"ph":4.4}}
[2026-05-22T01:50:39.416Z] temperature => 32.7
[2026-05-22T01:50:39.416Z] temperature => 32.7
[2026-05-22T01:50:39.428Z] temperature: 32.7 saved
[2026-05-22T01:50:39.443Z] temperature: 32.7 saved
[2026-05-22T01:50:39.446Z] Notification saved
[2026-05-22T01:50:39.446Z] humidity => 76.5
[2026-05-22T01:50:39.459Z] Notification saved
[2026-05-22T01:50:39.459Z] humidity => 76.5
[2026-05-22T01:50:39.469Z] humidity: 76.5 saved
[2026-05-22T01:50:39.469Z] ph => 4.4
[2026-05-22T01:50:39.489Z] humidity: 76.5 saved
[2026-05-22T01:50:39.489Z] ph => 4.4
[2026-05-22T01:50:39.492Z] ph: 4.4 saved
[2026-05-22T01:50:39.500Z] ph: 4.4 saved
[2026-05-22T01:50:39.507Z] Notification saved
[2026-05-22T01:50:39.517Z] Notification saved
[2026-05-22T01:50:49.427Z] Topic: aquaponic/device/data
[2026-05-22T01:50:49.427Z] Payload: {"mac_address":"ESP:32:AA:BB:CC:01","sensors":{"temperature":20.5,"humidity":90.6,"ph":8.2}}
[2026-05-22T01:50:49.428Z] Topic: aquaponic/device/data
[2026-05-22T01:50:49.428Z] Payload: {"mac_address":"ESP:32:AA:BB:CC:01","sensors":{"temperature":20.5,"humidity":90.6,"ph":8.2}}
[2026-05-22T01:50:49.429Z] temperature => 20.5
[2026-05-22T01:50:49.429Z] temperature => 20.5
[2026-05-22T01:50:49.439Z] temperature: 20.5 saved
[2026-05-22T01:50:49.440Z] humidity => 90.6
[2026-05-22T01:50:49.442Z] temperature: 20.5 saved
[2026-05-22T01:50:49.442Z] humidity => 90.6
[2026-05-22T01:50:49.452Z] humidity: 90.6 saved
[2026-05-22T01:50:49.467Z] humidity: 90.6 saved
[2026-05-22T01:50:49.470Z] Notification saved
[2026-05-22T01:50:49.470Z] ph => 8.2
[2026-05-22T01:50:49.477Z] Notification saved
[2026-05-22T01:50:49.477Z] ph => 8.2
[2026-05-22T01:50:49.491Z] ph: 8.2 saved
[2026-05-22T01:50:49.494Z] ph: 8.2 saved
[2026-05-22T01:50:49.500Z] Notification saved
[2026-05-22T01:50:49.509Z] Notification saved
[2026-05-22T01:50:59.440Z] Topic: aquaponic/device/data
[2026-05-22T01:50:59.440Z] Payload: {"mac_address":"ESP:32:AA:BB:CC:01","sensors":{"temperature":15.3,"humidity":32.3,"ph":8.7}}
[2026-05-22T01:50:59.441Z] Topic: aquaponic/device/data
[2026-05-22T01:50:59.442Z] Payload: {"mac_address":"ESP:32:AA:BB:CC:01","sensors":{"temperature":15.3,"humidity":32.3,"ph":8.7}}
[2026-05-22T01:50:59.442Z] temperature => 15.3
[2026-05-22T01:50:59.443Z] temperature => 15.3
[2026-05-22T01:50:59.454Z] temperature: 15.3 saved
[2026-05-22T01:50:59.458Z] temperature: 15.3 saved
[2026-05-22T01:50:59.466Z] Notification saved
[2026-05-22T01:50:59.466Z] humidity => 32.3
[2026-05-22T01:50:59.472Z] Notification saved
[2026-05-22T01:50:59.473Z] humidity => 32.3
[2026-05-22T01:50:59.488Z] humidity: 32.3 saved
[2026-05-22T01:50:59.491Z] humidity: 32.3 saved
[2026-05-22T01:50:59.498Z] Notification saved
[2026-05-22T01:50:59.498Z] ph => 8.7
[2026-05-22T01:50:59.507Z] Notification saved
[2026-05-22T01:50:59.507Z] ph => 8.7
[2026-05-22T01:50:59.516Z] ph: 8.7 saved
[2026-05-22T01:50:59.522Z] ph: 8.7 saved
[2026-05-22T01:50:59.533Z] Notification saved
[2026-05-22T01:50:59.551Z] Notification saved
[2026-05-22T01:51:09.454Z] Topic: aquaponic/device/data
[2026-05-22T01:51:09.454Z] Payload: {"mac_address":"ESP:32:AA:BB:CC:01","sensors":{"temperature":25.1,"humidity":35.8,"ph":4.6}}
[2026-05-22T01:51:09.454Z] Topic: aquaponic/device/data
[2026-05-22T01:51:09.454Z] Payload: {"mac_address":"ESP:32:AA:BB:CC:01","sensors":{"temperature":25.1,"humidity":35.8,"ph":4.6}}
[2026-05-22T01:51:09.455Z] temperature => 25.1
[2026-05-22T01:51:09.456Z] temperature => 25.1
[2026-05-22T01:51:09.484Z] temperature: 25.1 saved
[2026-05-22T01:51:09.484Z] temperature: 25.1 saved
[2026-05-22T01:51:09.484Z] humidity => 35.8
[2026-05-22T01:51:09.484Z] humidity => 35.8
[2026-05-22T01:51:09.521Z] humidity: 35.8 saved
[2026-05-22T01:51:09.521Z] humidity: 35.8 saved
[2026-05-22T01:51:09.563Z] Notification saved
[2026-05-22T01:51:09.563Z] Notification saved
[2026-05-22T01:51:09.563Z] ph => 4.6
[2026-05-22T01:51:09.563Z] ph => 4.6
[2026-05-22T01:51:09.585Z] ph: 4.6 saved
[2026-05-22T01:51:09.585Z] ph: 4.6 saved
[2026-05-22T01:51:09.602Z] Notification saved
[2026-05-22T01:51:09.605Z] Notification saved
[2026-05-22T01:51:19.463Z] Topic: aquaponic/device/data
[2026-05-22T01:51:19.463Z] Payload: {"mac_address":"ESP:32:AA:BB:CC:01","sensors":{"temperature":19.9,"humidity":78.5,"ph":5.7}}
[2026-05-22T01:51:19.463Z] Topic: aquaponic/device/data
[2026-05-22T01:51:19.464Z] Payload: {"mac_address":"ESP:32:AA:BB:CC:01","sensors":{"temperature":19.9,"humidity":78.5,"ph":5.7}}
[2026-05-22T01:51:19.464Z] temperature => 19.9
[2026-05-22T01:51:19.465Z] temperature => 19.9
[2026-05-22T01:51:19.475Z] temperature: 19.9 saved
[2026-05-22T01:51:19.475Z] humidity => 78.5
[2026-05-22T01:51:19.478Z] temperature: 19.9 saved
[2026-05-22T01:51:19.478Z] humidity => 78.5
[2026-05-22T01:51:19.485Z] humidity: 78.5 saved
[2026-05-22T01:51:19.485Z] ph => 5.7
[2026-05-22T01:51:19.498Z] humidity: 78.5 saved
[2026-05-22T01:51:19.499Z] ph => 5.7
[2026-05-22T01:51:19.502Z] ph: 5.7 saved
[2026-05-22T01:51:19.516Z] ph: 5.7 saved
[2026-05-22T01:51:29.490Z] Topic: aquaponic/device/data
[2026-05-22T01:51:29.491Z] Payload: {"mac_address":"ESP:32:AA:BB:CC:01","sensors":{"temperature":15.2,"humidity":59.8,"ph":8.7}}
[2026-05-22T01:51:29.491Z] Topic: aquaponic/device/data
[2026-05-22T01:51:29.491Z] Payload: {"mac_address":"ESP:32:AA:BB:CC:01","sensors":{"temperature":15.2,"humidity":59.8,"ph":8.7}}
[2026-05-22T01:51:29.492Z] temperature => 15.2
[2026-05-22T01:51:29.492Z] temperature => 15.2
[2026-05-22T01:51:29.512Z] temperature: 15.2 saved
[2026-05-22T01:51:29.517Z] temperature: 15.2 saved
[2026-05-22T01:51:29.524Z] Notification saved
[2026-05-22T01:51:29.524Z] humidity => 59.8
[2026-05-22T01:51:29.536Z] Notification saved
[2026-05-22T01:51:29.536Z] humidity => 59.8
[2026-05-22T01:51:29.544Z] humidity: 59.8 saved
[2026-05-22T01:51:29.544Z] ph => 8.7
[2026-05-22T01:51:29.563Z] humidity: 59.8 saved
[2026-05-22T01:51:29.563Z] ph => 8.7
[2026-05-22T01:51:29.570Z] ph: 8.7 saved
[2026-05-22T01:51:29.576Z] ph: 8.7 saved
[2026-05-22T01:51:29.585Z] Notification saved
[2026-05-22T01:51:29.588Z] Notification saved
[2026-05-22T01:51:39.489Z] Topic: aquaponic/device/data
[2026-05-22T01:51:39.489Z] Payload: {"mac_address":"ESP:32:AA:BB:CC:01","sensors":{"temperature":16.9,"humidity":91.8,"ph":4.5}}
[2026-05-22T01:51:39.490Z] Topic: aquaponic/device/data
[2026-05-22T01:51:39.490Z] Payload: {"mac_address":"ESP:32:AA:BB:CC:01","sensors":{"temperature":16.9,"humidity":91.8,"ph":4.5}}
[2026-05-22T01:51:39.491Z] temperature => 16.9
[2026-05-22T01:51:39.491Z] temperature => 16.9
[2026-05-22T01:51:39.508Z] temperature: 16.9 saved
[2026-05-22T01:51:39.508Z] temperature: 16.9 saved
[2026-05-22T01:51:39.519Z] Notification saved
[2026-05-22T01:51:39.519Z] Notification saved
[2026-05-22T01:51:39.520Z] humidity => 91.8
[2026-05-22T01:51:39.520Z] humidity => 91.8
[2026-05-22T01:51:39.534Z] humidity: 91.8 saved
[2026-05-22T01:51:39.537Z] humidity: 91.8 saved
[2026-05-22T01:51:39.546Z] Notification saved
[2026-05-22T01:51:39.546Z] ph => 4.5
[2026-05-22T01:51:39.552Z] Notification saved
[2026-05-22T01:51:39.552Z] ph => 4.5
[2026-05-22T01:51:39.559Z] ph: 4.5 saved
[2026-05-22T01:51:39.568Z] ph: 4.5 saved
[2026-05-22T01:51:39.579Z] Notification saved
[2026-05-22T01:51:39.600Z] Notification saved
[2026-05-22T01:51:49.505Z] Topic: aquaponic/device/data
[2026-05-22T01:51:49.505Z] Payload: {"mac_address":"ESP:32:AA:BB:CC:01","sensors":{"temperature":15.6,"humidity":60.9,"ph":7.6}}
[2026-05-22T01:51:49.505Z] Topic: aquaponic/device/data
[2026-05-22T01:51:49.506Z] Payload: {"mac_address":"ESP:32:AA:BB:CC:01","sensors":{"temperature":15.6,"humidity":60.9,"ph":7.6}}
[2026-05-22T01:51:49.507Z] temperature => 15.6
[2026-05-22T01:51:49.507Z] temperature => 15.6
[2026-05-22T01:51:49.525Z] temperature: 15.6 saved
[2026-05-22T01:51:49.529Z] temperature: 15.6 saved
[2026-05-22T01:51:49.535Z] Notification saved
[2026-05-22T01:51:49.535Z] humidity => 60.9
[2026-05-22T01:51:49.544Z] Notification saved
[2026-05-22T01:51:49.545Z] humidity => 60.9
[2026-05-22T01:51:49.548Z] humidity: 60.9 saved
[2026-05-22T01:51:49.548Z] ph => 7.6
[2026-05-22T01:51:49.557Z] humidity: 60.9 saved
[2026-05-22T01:51:49.557Z] ph => 7.6
[2026-05-22T01:51:49.570Z] ph: 7.6 saved
[2026-05-22T01:51:49.577Z] ph: 7.6 saved
[2026-05-22T01:51:49.590Z] Notification saved
[2026-05-22T01:51:49.593Z] Notification saved
[2026-05-22T01:51:59.513Z] Topic: aquaponic/device/data
[2026-05-22T01:51:59.513Z] Payload: {"mac_address":"ESP:32:AA:BB:CC:01","sensors":{"temperature":26.5,"humidity":72.1,"ph":8.5}}
[2026-05-22T01:51:59.514Z] Topic: aquaponic/device/data
[2026-05-22T01:51:59.514Z] Payload: {"mac_address":"ESP:32:AA:BB:CC:01","sensors":{"temperature":26.5,"humidity":72.1,"ph":8.5}}
[2026-05-22T01:51:59.515Z] temperature => 26.5
[2026-05-22T01:51:59.516Z] temperature => 26.5
[2026-05-22T01:51:59.528Z] temperature: 26.5 saved
[2026-05-22T01:51:59.528Z] humidity => 72.1
[2026-05-22T01:51:59.539Z] temperature: 26.5 saved
[2026-05-22T01:51:59.539Z] humidity => 72.1
[2026-05-22T01:51:59.566Z] humidity: 72.1 saved
[2026-05-22T01:51:59.567Z] ph => 8.5
[2026-05-22T01:51:59.569Z] humidity: 72.1 saved
[2026-05-22T01:51:59.569Z] ph => 8.5
[2026-05-22T01:51:59.576Z] ph: 8.5 saved
[2026-05-22T01:51:59.586Z] ph: 8.5 saved
[2026-05-22T01:51:59.602Z] Notification saved
[2026-05-22T01:51:59.613Z] Notification saved
[2026-05-22T01:52:09.524Z] Topic: aquaponic/device/data
[2026-05-22T01:52:09.524Z] Payload: {"mac_address":"ESP:32:AA:BB:CC:01","sensors":{"temperature":33.3,"humidity":59.9,"ph":6}}
[2026-05-22T01:52:09.525Z] Topic: aquaponic/device/data
[2026-05-22T01:52:09.525Z] Payload: {"mac_address":"ESP:32:AA:BB:CC:01","sensors":{"temperature":33.3,"humidity":59.9,"ph":6}}
[2026-05-22T01:52:09.525Z] temperature => 33.3
[2026-05-22T01:52:09.526Z] temperature => 33.3
[2026-05-22T01:52:09.547Z] temperature: 33.3 saved
[2026-05-22T01:52:09.550Z] temperature: 33.3 saved
[2026-05-22T01:52:09.564Z] Notification saved
[2026-05-22T01:52:09.564Z] humidity => 59.9
[2026-05-22T01:52:09.578Z] Notification saved
[2026-05-22T01:52:09.578Z] humidity => 59.9
[2026-05-22T01:52:09.595Z] humidity: 59.9 saved
[2026-05-22T01:52:09.595Z] ph => 6
[2026-05-22T01:52:09.619Z] humidity: 59.9 saved
[2026-05-22T01:52:09.620Z] ph => 6
[2026-05-22T01:52:09.631Z] ph: 6 saved
[2026-05-22T01:52:09.650Z] ph: 6 saved
[2026-05-22T01:52:19.539Z] Topic: aquaponic/device/data
[2026-05-22T01:52:19.539Z] Payload: {"mac_address":"ESP:32:AA:BB:CC:01","sensors":{"temperature":33.2,"humidity":58.8,"ph":8.2}}
[2026-05-22T01:52:19.540Z] Topic: aquaponic/device/data
[2026-05-22T01:52:19.540Z] Payload: {"mac_address":"ESP:32:AA:BB:CC:01","sensors":{"temperature":33.2,"humidity":58.8,"ph":8.2}}
[2026-05-22T01:52:19.540Z] temperature => 33.2
[2026-05-22T01:52:19.541Z] temperature => 33.2
[2026-05-22T01:52:19.552Z] temperature: 33.2 saved
[2026-05-22T01:52:19.555Z] temperature: 33.2 saved
[2026-05-22T01:52:19.567Z] Notification saved
[2026-05-22T01:52:19.567Z] humidity => 58.8
[2026-05-22T01:52:19.575Z] Notification saved
[2026-05-22T01:52:19.576Z] humidity => 58.8
[2026-05-22T01:52:19.585Z] humidity: 58.8 saved
[2026-05-22T01:52:19.585Z] ph => 8.2
[2026-05-22T01:52:19.592Z] humidity: 58.8 saved
[2026-05-22T01:52:19.592Z] ph => 8.2
[2026-05-22T01:52:19.604Z] ph: 8.2 saved
[2026-05-22T01:52:19.613Z] ph: 8.2 saved
[2026-05-22T01:52:19.631Z] Notification saved
[2026-05-22T01:52:19.631Z] Notification saved
[2026-05-22T01:52:29.549Z] Topic: aquaponic/device/data
[2026-05-22T01:52:29.549Z] Payload: {"mac_address":"ESP:32:AA:BB:CC:01","sensors":{"temperature":21.2,"humidity":48.8,"ph":6.1}}
[2026-05-22T01:52:29.550Z] Topic: aquaponic/device/data
[2026-05-22T01:52:29.550Z] Payload: {"mac_address":"ESP:32:AA:BB:CC:01","sensors":{"temperature":21.2,"humidity":48.8,"ph":6.1}}
[2026-05-22T01:52:29.551Z] temperature => 21.2
[2026-05-22T01:52:29.551Z] temperature => 21.2
[2026-05-22T01:52:29.566Z] temperature: 21.2 saved
[2026-05-22T01:52:29.566Z] humidity => 48.8
[2026-05-22T01:52:29.569Z] temperature: 21.2 saved
[2026-05-22T01:52:29.569Z] humidity => 48.8
[2026-05-22T01:52:29.578Z] humidity: 48.8 saved
[2026-05-22T01:52:29.578Z] ph => 6.1
[2026-05-22T01:52:29.589Z] humidity: 48.8 saved
[2026-05-22T01:52:29.589Z] ph => 6.1
[2026-05-22T01:52:29.602Z] ph: 6.1 saved
[2026-05-22T01:52:29.606Z] ph: 6.1 saved
[2026-05-22T01:52:39.564Z] Topic: aquaponic/device/data
[2026-05-22T01:52:39.564Z] Payload: {"mac_address":"ESP:32:AA:BB:CC:01","sensors":{"temperature":25,"humidity":54.8,"ph":4}}
[2026-05-22T01:52:39.564Z] Topic: aquaponic/device/data
[2026-05-22T01:52:39.564Z] Payload: {"mac_address":"ESP:32:AA:BB:CC:01","sensors":{"temperature":25,"humidity":54.8,"ph":4}}
[2026-05-22T01:52:39.566Z] temperature => 25
[2026-05-22T01:52:39.566Z] temperature => 25
[2026-05-22T01:52:39.580Z] temperature: 25 saved
[2026-05-22T01:52:39.580Z] temperature: 25 saved
[2026-05-22T01:52:39.580Z] humidity => 54.8
[2026-05-22T01:52:39.580Z] humidity => 54.8
[2026-05-22T01:52:39.588Z] humidity: 54.8 saved
[2026-05-22T01:52:39.588Z] ph => 4
[2026-05-22T01:52:39.591Z] humidity: 54.8 saved
[2026-05-22T01:52:39.591Z] ph => 4
[2026-05-22T01:52:39.602Z] ph: 4 saved
[2026-05-22T01:52:39.617Z] ph: 4 saved
[2026-05-22T01:52:39.620Z] Notification saved
[2026-05-22T01:52:39.644Z] Notification saved
[2026-05-22T01:52:49.576Z] Topic: aquaponic/device/data
[2026-05-22T01:52:49.576Z] Payload: {"mac_address":"ESP:32:AA:BB:CC:01","sensors":{"temperature":22.2,"humidity":45.8,"ph":6.4}}
[2026-05-22T01:52:49.576Z] Topic: aquaponic/device/data
[2026-05-22T01:52:49.576Z] Payload: {"mac_address":"ESP:32:AA:BB:CC:01","sensors":{"temperature":22.2,"humidity":45.8,"ph":6.4}}
[2026-05-22T01:52:49.577Z] temperature => 22.2
[2026-05-22T01:52:49.578Z] temperature => 22.2
[2026-05-22T01:52:49.598Z] temperature: 22.2 saved
[2026-05-22T01:52:49.598Z] temperature: 22.2 saved
[2026-05-22T01:52:49.598Z] humidity => 45.8
[2026-05-22T01:52:49.598Z] humidity => 45.8
[2026-05-22T01:52:49.605Z] humidity: 45.8 saved
[2026-05-22T01:52:49.605Z] humidity: 45.8 saved
[2026-05-22T01:52:49.605Z] ph => 6.4
[2026-05-22T01:52:49.605Z] ph => 6.4
[2026-05-22T01:52:49.624Z] ph: 6.4 saved
[2026-05-22T01:52:49.624Z] ph: 6.4 saved
[2026-05-22T01:52:59.592Z] Topic: aquaponic/device/data
[2026-05-22T01:52:59.592Z] Payload: {"mac_address":"ESP:32:AA:BB:CC:01","sensors":{"temperature":23.5,"humidity":78.4,"ph":5.6}}
[2026-05-22T01:52:59.592Z] Topic: aquaponic/device/data
[2026-05-22T01:52:59.593Z] Payload: {"mac_address":"ESP:32:AA:BB:CC:01","sensors":{"temperature":23.5,"humidity":78.4,"ph":5.6}}
[2026-05-22T01:52:59.594Z] temperature => 23.5
[2026-05-22T01:52:59.594Z] temperature => 23.5
[2026-05-22T01:52:59.608Z] temperature: 23.5 saved
[2026-05-22T01:52:59.608Z] humidity => 78.4
[2026-05-22T01:52:59.611Z] temperature: 23.5 saved
[2026-05-22T01:52:59.611Z] humidity => 78.4
[2026-05-22T01:52:59.617Z] humidity: 78.4 saved
[2026-05-22T01:52:59.617Z] ph => 5.6
[2026-05-22T01:52:59.629Z] humidity: 78.4 saved
[2026-05-22T01:52:59.629Z] ph => 5.6
[2026-05-22T01:52:59.641Z] ph: 5.6 saved
[2026-05-22T01:52:59.654Z] ph: 5.6 saved
[2026-05-22T01:53:09.633Z] Topic: aquaponic/device/data
[2026-05-22T01:53:09.633Z] Payload: {"mac_address":"ESP:32:AA:BB:CC:01","sensors":{"temperature":29,"humidity":45.6,"ph":6.6}}
[2026-05-22T01:53:09.633Z] Topic: aquaponic/device/data
[2026-05-22T01:53:09.633Z] Payload: {"mac_address":"ESP:32:AA:BB:CC:01","sensors":{"temperature":29,"humidity":45.6,"ph":6.6}}
[2026-05-22T01:53:09.634Z] temperature => 29
[2026-05-22T01:53:09.635Z] temperature => 29
[2026-05-22T01:53:09.652Z] temperature: 29 saved
[2026-05-22T01:53:09.652Z] humidity => 45.6
[2026-05-22T01:53:09.659Z] temperature: 29 saved
[2026-05-22T01:53:09.659Z] humidity => 45.6
[2026-05-22T01:53:09.673Z] humidity: 45.6 saved
[2026-05-22T01:53:09.673Z] ph => 6.6
[2026-05-22T01:53:09.695Z] humidity: 45.6 saved
[2026-05-22T01:53:09.696Z] ph => 6.6
[2026-05-22T01:53:09.712Z] ph: 6.6 saved
[2026-05-22T01:53:09.715Z] ph: 6.6 saved
[2026-05-22T01:53:19.611Z] Topic: aquaponic/device/data
[2026-05-22T01:53:19.611Z] Payload: {"mac_address":"ESP:32:AA:BB:CC:01","sensors":{"temperature":27.2,"humidity":71.1,"ph":6.7}}
[2026-05-22T01:53:19.612Z] Topic: aquaponic/device/data
[2026-05-22T01:53:19.612Z] Payload: {"mac_address":"ESP:32:AA:BB:CC:01","sensors":{"temperature":27.2,"humidity":71.1,"ph":6.7}}
[2026-05-22T01:53:19.613Z] temperature => 27.2
[2026-05-22T01:53:19.613Z] temperature => 27.2
[2026-05-22T01:53:19.622Z] temperature: 27.2 saved
[2026-05-22T01:53:19.622Z] humidity => 71.1
[2026-05-22T01:53:19.625Z] temperature: 27.2 saved
[2026-05-22T01:53:19.626Z] humidity => 71.1
[2026-05-22T01:53:19.635Z] humidity: 71.1 saved
[2026-05-22T01:53:19.635Z] ph => 6.7
[2026-05-22T01:53:19.653Z] humidity: 71.1 saved
[2026-05-22T01:53:19.653Z] ph: 6.7 saved
[2026-05-22T01:53:19.653Z] ph => 6.7
[2026-05-22T01:53:19.666Z] ph: 6.7 saved
[2026-05-22T01:53:29.624Z] Topic: aquaponic/device/data
[2026-05-22T01:53:29.624Z] Payload: {"mac_address":"ESP:32:AA:BB:CC:01","sensors":{"temperature":18.6,"humidity":80.4,"ph":8.9}}
[2026-05-22T01:53:29.624Z] Topic: aquaponic/device/data
[2026-05-22T01:53:29.625Z] Payload: {"mac_address":"ESP:32:AA:BB:CC:01","sensors":{"temperature":18.6,"humidity":80.4,"ph":8.9}}
[2026-05-22T01:53:29.626Z] temperature => 18.6
[2026-05-22T01:53:29.626Z] temperature => 18.6
[2026-05-22T01:53:29.639Z] temperature: 18.6 saved
[2026-05-22T01:53:29.639Z] humidity => 80.4
[2026-05-22T01:53:29.642Z] temperature: 18.6 saved
[2026-05-22T01:53:29.642Z] humidity => 80.4
[2026-05-22T01:53:29.651Z] humidity: 80.4 saved
[2026-05-22T01:53:29.651Z] ph => 8.9
[2026-05-22T01:53:29.665Z] humidity: 80.4 saved
[2026-05-22T01:53:29.665Z] ph => 8.9
[2026-05-22T01:53:29.674Z] ph: 8.9 saved
[2026-05-22T01:53:29.680Z] ph: 8.9 saved
[2026-05-22T01:53:29.691Z] Notification saved
[2026-05-22T01:53:29.698Z] Notification saved
[2026-05-22T01:53:39.633Z] Topic: aquaponic/device/data
[2026-05-22T01:53:39.633Z] Payload: {"mac_address":"ESP:32:AA:BB:CC:01","sensors":{"temperature":33.3,"humidity":66.5,"ph":8}}
[2026-05-22T01:53:39.633Z] Topic: aquaponic/device/data
[2026-05-22T01:53:39.633Z] Payload: {"mac_address":"ESP:32:AA:BB:CC:01","sensors":{"temperature":33.3,"humidity":66.5,"ph":8}}
[2026-05-22T01:53:39.635Z] temperature => 33.3
[2026-05-22T01:53:39.635Z] temperature => 33.3
[2026-05-22T01:53:39.660Z] temperature: 33.3 saved
[2026-05-22T01:53:39.660Z] temperature: 33.3 saved
[2026-05-22T01:53:39.669Z] Notification saved
[2026-05-22T01:53:39.669Z] Notification saved
[2026-05-22T01:53:39.669Z] humidity => 66.5
[2026-05-22T01:53:39.669Z] humidity => 66.5
[2026-05-22T01:53:39.685Z] humidity: 66.5 saved
[2026-05-22T01:53:39.685Z] humidity: 66.5 saved
[2026-05-22T01:53:39.685Z] ph => 8
[2026-05-22T01:53:39.685Z] ph => 8
[2026-05-22T01:53:39.703Z] ph: 8 saved
[2026-05-22T01:53:39.703Z] ph: 8 saved
[2026-05-22T01:53:39.729Z] Notification saved
[2026-05-22T01:53:39.729Z] Notification saved
[2026-05-22T01:53:49.650Z] Topic: aquaponic/device/data
[2026-05-22T01:53:49.650Z] Payload: {"mac_address":"ESP:32:AA:BB:CC:01","sensors":{"temperature":35.1,"humidity":91.7,"ph":8.1}}
[2026-05-22T01:53:49.650Z] Topic: aquaponic/device/data
[2026-05-22T01:53:49.650Z] Payload: {"mac_address":"ESP:32:AA:BB:CC:01","sensors":{"temperature":35.1,"humidity":91.7,"ph":8.1}}
[2026-05-22T01:53:49.652Z] temperature => 35.1
[2026-05-22T01:53:49.652Z] temperature => 35.1
[2026-05-22T01:53:49.661Z] temperature: 35.1 saved
[2026-05-22T01:53:49.661Z] temperature: 35.1 saved
[2026-05-22T01:53:49.680Z] Notification saved
[2026-05-22T01:53:49.680Z] Notification saved
[2026-05-22T01:53:49.680Z] humidity => 91.7
[2026-05-22T01:53:49.681Z] humidity => 91.7
[2026-05-22T01:53:49.689Z] humidity: 91.7 saved
[2026-05-22T01:53:49.692Z] humidity: 91.7 saved
[2026-05-22T01:53:49.699Z] Notification saved
[2026-05-22T01:53:49.699Z] ph => 8.1
[2026-05-22T01:53:49.705Z] Notification saved
[2026-05-22T01:53:49.706Z] ph => 8.1
[2026-05-22T01:53:49.712Z] ph: 8.1 saved
[2026-05-22T01:53:49.727Z] ph: 8.1 saved
[2026-05-22T01:53:49.730Z] Notification saved
[2026-05-22T01:53:49.740Z] Notification saved
[2026-05-22T01:53:59.662Z] Topic: aquaponic/device/data
[2026-05-22T01:53:59.662Z] Payload: {"mac_address":"ESP:32:AA:BB:CC:01","sensors":{"temperature":27,"humidity":80.2,"ph":4.1}}
[2026-05-22T01:53:59.663Z] Topic: aquaponic/device/data
[2026-05-22T01:53:59.663Z] Payload: {"mac_address":"ESP:32:AA:BB:CC:01","sensors":{"temperature":27,"humidity":80.2,"ph":4.1}}
[2026-05-22T01:53:59.664Z] temperature => 27
[2026-05-22T01:53:59.664Z] temperature => 27
[2026-05-22T01:53:59.680Z] temperature: 27 saved
[2026-05-22T01:53:59.680Z] humidity => 80.2
[2026-05-22T01:53:59.683Z] temperature: 27 saved
[2026-05-22T01:53:59.683Z] humidity => 80.2
[2026-05-22T01:53:59.690Z] humidity: 80.2 saved
[2026-05-22T01:53:59.690Z] ph => 4.1
[2026-05-22T01:53:59.701Z] humidity: 80.2 saved
[2026-05-22T01:53:59.701Z] ph => 4.1
[2026-05-22T01:53:59.722Z] ph: 4.1 saved
[2026-05-22T01:53:59.731Z] ph: 4.1 saved
[2026-05-22T01:53:59.745Z] Notification saved
[2026-05-22T01:53:59.748Z] Notification saved
[2026-05-22T01:54:09.672Z] Topic: aquaponic/device/data
[2026-05-22T01:54:09.672Z] Payload: {"mac_address":"ESP:32:AA:BB:CC:01","sensors":{"temperature":30.5,"humidity":41.7,"ph":7.8}}
[2026-05-22T01:54:09.673Z] Topic: aquaponic/device/data
[2026-05-22T01:54:09.673Z] Payload: {"mac_address":"ESP:32:AA:BB:CC:01","sensors":{"temperature":30.5,"humidity":41.7,"ph":7.8}}
[2026-05-22T01:54:09.674Z] temperature => 30.5
[2026-05-22T01:54:09.674Z] temperature => 30.5
[2026-05-22T01:54:09.697Z] temperature: 30.5 saved
[2026-05-22T01:54:09.697Z] humidity => 41.7
[2026-05-22T01:54:09.697Z] temperature: 30.5 saved
[2026-05-22T01:54:09.698Z] humidity => 41.7
[2026-05-22T01:54:09.706Z] humidity: 41.7 saved
[2026-05-22T01:54:09.707Z] humidity: 41.7 saved
[2026-05-22T01:54:09.707Z] ph => 7.8
[2026-05-22T01:54:09.707Z] ph => 7.8
[2026-05-22T01:54:09.725Z] ph: 7.8 saved
[2026-05-22T01:54:09.728Z] ph: 7.8 saved
[2026-05-22T01:54:09.735Z] Notification saved
[2026-05-22T01:54:09.744Z] Notification saved
[2026-05-22T01:54:19.695Z] Topic: aquaponic/device/data
[2026-05-22T01:54:19.695Z] Payload: {"mac_address":"ESP:32:AA:BB:CC:01","sensors":{"temperature":34,"humidity":43.8,"ph":4.3}}
[2026-05-22T01:54:19.697Z] temperature => 34
[2026-05-22T01:54:19.697Z] Topic: aquaponic/device/data
[2026-05-22T01:54:19.697Z] Payload: {"mac_address":"ESP:32:AA:BB:CC:01","sensors":{"temperature":34,"humidity":43.8,"ph":4.3}}
[2026-05-22T01:54:19.699Z] temperature => 34
[2026-05-22T01:54:19.707Z] temperature: 34 saved
[2026-05-22T01:54:19.722Z] temperature: 34 saved
[2026-05-22T01:54:19.725Z] Notification saved
[2026-05-22T01:54:19.725Z] humidity => 43.8
[2026-05-22T01:54:19.733Z] Notification saved
[2026-05-22T01:54:19.733Z] humidity => 43.8
[2026-05-22T01:54:19.740Z] humidity: 43.8 saved
[2026-05-22T01:54:19.740Z] ph => 4.3
[2026-05-22T01:54:19.749Z] humidity: 43.8 saved
[2026-05-22T01:54:19.749Z] ph => 4.3
[2026-05-22T01:54:19.770Z] ph: 4.3 saved
[2026-05-22T01:54:19.773Z] ph: 4.3 saved
[2026-05-22T01:54:19.779Z] Notification saved
[2026-05-22T01:54:19.786Z] Notification saved
[2026-05-22T01:54:29.702Z] Topic: aquaponic/device/data
[2026-05-22T01:54:29.702Z] Payload: {"mac_address":"ESP:32:AA:BB:CC:01","sensors":{"temperature":19.5,"humidity":39,"ph":8.4}}
[2026-05-22T01:54:29.702Z] Topic: aquaponic/device/data
[2026-05-22T01:54:29.702Z] Payload: {"mac_address":"ESP:32:AA:BB:CC:01","sensors":{"temperature":19.5,"humidity":39,"ph":8.4}}
[2026-05-22T01:54:29.704Z] temperature => 19.5
[2026-05-22T01:54:29.704Z] temperature => 19.5
[2026-05-22T01:54:29.728Z] temperature: 19.5 saved
[2026-05-22T01:54:29.728Z] temperature: 19.5 saved
[2026-05-22T01:54:29.728Z] humidity => 39
[2026-05-22T01:54:29.728Z] humidity => 39
[2026-05-22T01:54:29.735Z] humidity: 39 saved
[2026-05-22T01:54:29.735Z] humidity: 39 saved
[2026-05-22T01:54:29.756Z] Notification saved
[2026-05-22T01:54:29.756Z] Notification saved
[2026-05-22T01:54:29.756Z] ph => 8.4
[2026-05-22T01:54:29.756Z] ph => 8.4
[2026-05-22T01:54:29.766Z] ph: 8.4 saved
[2026-05-22T01:54:29.766Z] ph: 8.4 saved
[2026-05-22T01:54:29.776Z] Notification saved
[2026-05-22T01:54:29.776Z] Notification saved
[2026-05-22T01:54:39.708Z] Topic: aquaponic/device/data
[2026-05-22T01:54:39.708Z] Payload: {"mac_address":"ESP:32:AA:BB:CC:01","sensors":{"temperature":18,"humidity":78.1,"ph":7.3}}
[2026-05-22T01:54:39.709Z] Topic: aquaponic/device/data
[2026-05-22T01:54:39.709Z] Payload: {"mac_address":"ESP:32:AA:BB:CC:01","sensors":{"temperature":18,"humidity":78.1,"ph":7.3}}
[2026-05-22T01:54:39.710Z] temperature => 18
[2026-05-22T01:54:39.710Z] temperature => 18
[2026-05-22T01:54:39.723Z] temperature: 18 saved
[2026-05-22T01:54:39.723Z] humidity => 78.1
[2026-05-22T01:54:39.732Z] temperature: 18 saved
[2026-05-22T01:54:39.732Z] humidity => 78.1
[2026-05-22T01:54:39.745Z] humidity: 78.1 saved
[2026-05-22T01:54:39.745Z] ph => 7.3
[2026-05-22T01:54:39.747Z] humidity: 78.1 saved
[2026-05-22T01:54:39.747Z] ph => 7.3
[2026-05-22T01:54:39.756Z] ph: 7.3 saved
[2026-05-22T01:54:39.772Z] ph: 7.3 saved
[2026-05-22T01:54:49.721Z] Topic: aquaponic/device/data
[2026-05-22T01:54:49.722Z] Payload: {"mac_address":"ESP:32:AA:BB:CC:01","sensors":{"temperature":25.3,"humidity":36.8,"ph":4.9}}
[2026-05-22T01:54:49.722Z] Topic: aquaponic/device/data
[2026-05-22T01:54:49.722Z] Payload: {"mac_address":"ESP:32:AA:BB:CC:01","sensors":{"temperature":25.3,"humidity":36.8,"ph":4.9}}
[2026-05-22T01:54:49.723Z] temperature => 25.3
[2026-05-22T01:54:49.724Z] temperature => 25.3
[2026-05-22T01:54:49.738Z] temperature: 25.3 saved
[2026-05-22T01:54:49.738Z] humidity => 36.8
[2026-05-22T01:54:49.756Z] temperature: 25.3 saved
[2026-05-22T01:54:49.756Z] humidity => 36.8
[2026-05-22T01:54:49.773Z] humidity: 36.8 saved
[2026-05-22T01:54:49.776Z] humidity: 36.8 saved
[2026-05-22T01:54:49.785Z] Notification saved
[2026-05-22T01:54:49.785Z] ph => 4.9
[2026-05-22T01:54:49.791Z] Notification saved
[2026-05-22T01:54:49.792Z] ph => 4.9
[2026-05-22T01:54:49.795Z] ph: 4.9 saved
[2026-05-22T01:54:49.811Z] ph: 4.9 saved
[2026-05-22T01:54:49.856Z] Notification saved
[2026-05-22T01:54:49.856Z] Notification saved
[2026-05-22T01:54:59.732Z] Topic: aquaponic/device/data
[2026-05-22T01:54:59.733Z] Payload: {"mac_address":"ESP:32:AA:BB:CC:01","sensors":{"temperature":18.4,"humidity":85.5,"ph":7.8}}
[2026-05-22T01:54:59.733Z] Topic: aquaponic/device/data
[2026-05-22T01:54:59.733Z] Payload: {"mac_address":"ESP:32:AA:BB:CC:01","sensors":{"temperature":18.4,"humidity":85.5,"ph":7.8}}
[2026-05-22T01:54:59.734Z] temperature => 18.4
[2026-05-22T01:54:59.735Z] temperature => 18.4
[2026-05-22T01:54:59.754Z] temperature: 18.4 saved
[2026-05-22T01:54:59.754Z] temperature: 18.4 saved
[2026-05-22T01:54:59.754Z] humidity => 85.5
[2026-05-22T01:54:59.754Z] humidity => 85.5
[2026-05-22T01:54:59.764Z] humidity: 85.5 saved
[2026-05-22T01:54:59.764Z] humidity: 85.5 saved
[2026-05-22T01:54:59.787Z] Notification saved
[2026-05-22T01:54:59.787Z] Notification saved
[2026-05-22T01:54:59.787Z] ph => 7.8
[2026-05-22T01:54:59.787Z] ph => 7.8
[2026-05-22T01:54:59.799Z] ph: 7.8 saved
[2026-05-22T01:54:59.799Z] ph: 7.8 saved
[2026-05-22T01:54:59.809Z] Notification saved
[2026-05-22T01:54:59.815Z] Notification saved
[2026-05-22T01:55:09.745Z] Topic: aquaponic/device/data
[2026-05-22T01:55:09.746Z] Payload: {"mac_address":"ESP:32:AA:BB:CC:01","sensors":{"temperature":25.2,"humidity":86.9,"ph":5.5}}
[2026-05-22T01:55:09.746Z] Topic: aquaponic/device/data
[2026-05-22T01:55:09.746Z] Payload: {"mac_address":"ESP:32:AA:BB:CC:01","sensors":{"temperature":25.2,"humidity":86.9,"ph":5.5}}
[2026-05-22T01:55:09.747Z] temperature => 25.2
[2026-05-22T01:55:09.747Z] temperature => 25.2
[2026-05-22T01:55:09.760Z] temperature: 25.2 saved
[2026-05-22T01:55:09.760Z] humidity => 86.9
[2026-05-22T01:55:09.764Z] temperature: 25.2 saved
[2026-05-22T01:55:09.764Z] humidity => 86.9
[2026-05-22T01:55:09.770Z] humidity: 86.9 saved
[2026-05-22T01:55:09.780Z] humidity: 86.9 saved
[2026-05-22T01:55:09.790Z] Notification saved
[2026-05-22T01:55:09.790Z] ph => 5.5
[2026-05-22T01:55:09.796Z] Notification saved
[2026-05-22T01:55:09.796Z] ph => 5.5
[2026-05-22T01:55:09.806Z] ph: 5.5 saved
[2026-05-22T01:55:09.812Z] ph: 5.5 saved
[2026-05-22T01:55:19.754Z] Topic: aquaponic/device/data
[2026-05-22T01:55:19.754Z] Payload: {"mac_address":"ESP:32:AA:BB:CC:01","sensors":{"temperature":29.5,"humidity":68.1,"ph":7.6}}
[2026-05-22T01:55:19.755Z] Topic: aquaponic/device/data
[2026-05-22T01:55:19.755Z] Payload: {"mac_address":"ESP:32:AA:BB:CC:01","sensors":{"temperature":29.5,"humidity":68.1,"ph":7.6}}
[2026-05-22T01:55:19.756Z] temperature => 29.5
[2026-05-22T01:55:19.756Z] temperature => 29.5
[2026-05-22T01:55:19.783Z] temperature: 29.5 saved
[2026-05-22T01:55:19.783Z] humidity => 68.1
[2026-05-22T01:55:19.799Z] temperature: 29.5 saved
[2026-05-22T01:55:19.799Z] humidity => 68.1
[2026-05-22T01:55:19.829Z] humidity: 68.1 saved
[2026-05-22T01:55:19.830Z] ph => 7.6
[2026-05-22T01:55:19.853Z] humidity: 68.1 saved
[2026-05-22T01:55:19.853Z] ph => 7.6
[2026-05-22T01:55:19.859Z] ph: 7.6 saved
[2026-05-22T01:55:19.874Z] ph: 7.6 saved
[2026-05-22T01:55:19.894Z] Notification saved
[2026-05-22T01:55:19.922Z] Notification saved
[2026-05-22T01:55:29.789Z] Topic: aquaponic/device/data
[2026-05-22T01:55:29.790Z] Payload: {"mac_address":"ESP:32:AA:BB:CC:01","sensors":{"temperature":28.6,"humidity":47.3,"ph":7.1}}
[2026-05-22T01:55:29.791Z] Topic: aquaponic/device/data
[2026-05-22T01:55:29.791Z] Payload: {"mac_address":"ESP:32:AA:BB:CC:01","sensors":{"temperature":28.6,"humidity":47.3,"ph":7.1}}
[2026-05-22T01:55:29.792Z] temperature => 28.6
[2026-05-22T01:55:29.792Z] temperature => 28.6
[2026-05-22T01:55:29.803Z] temperature: 28.6 saved
[2026-05-22T01:55:29.803Z] humidity => 47.3
[2026-05-22T01:55:29.816Z] temperature: 28.6 saved
[2026-05-22T01:55:29.816Z] humidity => 47.3
[2026-05-22T01:55:29.822Z] humidity: 47.3 saved
[2026-05-22T01:55:29.822Z] ph => 7.1
[2026-05-22T01:55:29.839Z] humidity: 47.3 saved
[2026-05-22T01:55:29.839Z] ph => 7.1
[2026-05-22T01:55:29.845Z] ph: 7.1 saved
[2026-05-22T01:55:29.864Z] ph: 7.1 saved
[2026-05-22T01:55:39.790Z] Topic: aquaponic/device/data
[2026-05-22T01:55:39.791Z] Payload: {"mac_address":"ESP:32:AA:BB:CC:01","sensors":{"temperature":27.6,"humidity":94.4,"ph":4.4}}
[2026-05-22T01:55:39.791Z] Topic: aquaponic/device/data
[2026-05-22T01:55:39.791Z] Payload: {"mac_address":"ESP:32:AA:BB:CC:01","sensors":{"temperature":27.6,"humidity":94.4,"ph":4.4}}
[2026-05-22T01:55:39.792Z] temperature => 27.6
[2026-05-22T01:55:39.792Z] temperature => 27.6
[2026-05-22T01:55:39.806Z] temperature: 27.6 saved
[2026-05-22T01:55:39.806Z] humidity => 94.4
[2026-05-22T01:55:39.813Z] temperature: 27.6 saved
[2026-05-22T01:55:39.814Z] humidity => 94.4
[2026-05-22T01:55:39.823Z] humidity: 94.4 saved
[2026-05-22T01:55:39.837Z] humidity: 94.4 saved
[2026-05-22T01:55:39.861Z] Notification saved
[2026-05-22T01:55:39.861Z] Notification saved
[2026-05-22T01:55:39.861Z] ph => 4.4
[2026-05-22T01:55:39.861Z] ph => 4.4
[2026-05-22T01:55:39.869Z] ph: 4.4 saved
[2026-05-22T01:55:39.870Z] ph: 4.4 saved
[2026-05-22T01:55:39.887Z] Notification saved
[2026-05-22T01:55:39.897Z] Notification saved
[2026-05-22T01:55:49.810Z] Topic: aquaponic/device/data
[2026-05-22T01:55:49.810Z] Payload: {"mac_address":"ESP:32:AA:BB:CC:01","sensors":{"temperature":25.8,"humidity":73.6,"ph":5.8}}
[2026-05-22T01:55:49.810Z] Topic: aquaponic/device/data
[2026-05-22T01:55:49.810Z] Payload: {"mac_address":"ESP:32:AA:BB:CC:01","sensors":{"temperature":25.8,"humidity":73.6,"ph":5.8}}
[2026-05-22T01:55:49.812Z] temperature => 25.8
[2026-05-22T01:55:49.812Z] temperature => 25.8
[2026-05-22T01:55:49.837Z] temperature: 25.8 saved
[2026-05-22T01:55:49.837Z] humidity => 73.6
[2026-05-22T01:55:49.848Z] temperature: 25.8 saved
[2026-05-22T01:55:49.848Z] humidity => 73.6
[2026-05-22T01:55:49.863Z] humidity: 73.6 saved
[2026-05-22T01:55:49.863Z] ph => 5.8
[2026-05-22T01:55:49.878Z] humidity: 73.6 saved
[2026-05-22T01:55:49.878Z] ph => 5.8
[2026-05-22T01:55:49.890Z] ph: 5.8 saved
[2026-05-22T01:55:49.899Z] ph: 5.8 saved
[2026-05-22T01:55:59.806Z] Topic: aquaponic/device/data
[2026-05-22T01:55:59.806Z] Payload: {"mac_address":"ESP:32:AA:BB:CC:01","sensors":{"temperature":18.4,"humidity":72.3,"ph":5.7}}
[2026-05-22T01:55:59.807Z] Topic: aquaponic/device/data
[2026-05-22T01:55:59.807Z] Payload: {"mac_address":"ESP:32:AA:BB:CC:01","sensors":{"temperature":18.4,"humidity":72.3,"ph":5.7}}
[2026-05-22T01:55:59.808Z] temperature => 18.4
[2026-05-22T01:55:59.808Z] temperature => 18.4
[2026-05-22T01:55:59.819Z] temperature: 18.4 saved
[2026-05-22T01:55:59.820Z] humidity => 72.3
[2026-05-22T01:55:59.846Z] temperature: 18.4 saved
[2026-05-22T01:55:59.846Z] humidity => 72.3
[2026-05-22T01:55:59.852Z] humidity: 72.3 saved
[2026-05-22T01:55:59.852Z] ph => 5.7
[2026-05-22T01:55:59.859Z] humidity: 72.3 saved
[2026-05-22T01:55:59.859Z] ph => 5.7
[2026-05-22T01:55:59.875Z] ph: 5.7 saved
[2026-05-22T01:55:59.878Z] ph: 5.7 saved
[2026-05-22T01:56:09.819Z] Topic: aquaponic/device/data
[2026-05-22T01:56:09.819Z] Topic: aquaponic/device/data
[2026-05-22T01:56:09.819Z] Payload: {"mac_address":"ESP:32:AA:BB:CC:01","sensors":{"temperature":15.5,"humidity":45,"ph":6.4}}
[2026-05-22T01:56:09.819Z] Payload: {"mac_address":"ESP:32:AA:BB:CC:01","sensors":{"temperature":15.5,"humidity":45,"ph":6.4}}
[2026-05-22T01:56:09.821Z] temperature => 15.5
[2026-05-22T01:56:09.821Z] temperature => 15.5
[2026-05-22T01:56:09.830Z] temperature: 15.5 saved
[2026-05-22T01:56:09.830Z] temperature: 15.5 saved
[2026-05-22T01:56:09.855Z] Notification saved
[2026-05-22T01:56:09.855Z] Notification saved
[2026-05-22T01:56:09.855Z] humidity => 45
[2026-05-22T01:56:09.855Z] humidity => 45
[2026-05-22T01:56:09.875Z] humidity: 45 saved
[2026-05-22T01:56:09.875Z] humidity: 45 saved
[2026-05-22T01:56:09.875Z] ph => 6.4
[2026-05-22T01:56:09.875Z] ph => 6.4
[2026-05-22T01:56:09.885Z] ph: 6.4 saved
[2026-05-22T01:56:09.885Z] ph: 6.4 saved
[2026-05-22T01:56:19.833Z] Topic: aquaponic/device/data
[2026-05-22T01:56:19.834Z] Payload: {"mac_address":"ESP:32:AA:BB:CC:01","sensors":{"temperature":35.9,"humidity":76.7,"ph":7.3}}
[2026-05-22T01:56:19.834Z] Topic: aquaponic/device/data
[2026-05-22T01:56:19.834Z] Payload: {"mac_address":"ESP:32:AA:BB:CC:01","sensors":{"temperature":35.9,"humidity":76.7,"ph":7.3}}
[2026-05-22T01:56:19.835Z] temperature => 35.9
[2026-05-22T01:56:19.836Z] temperature => 35.9
[2026-05-22T01:56:19.848Z] temperature: 35.9 saved
[2026-05-22T01:56:19.857Z] temperature: 35.9 saved
[2026-05-22T01:56:19.881Z] Notification saved
[2026-05-22T01:56:19.881Z] Notification saved
[2026-05-22T01:56:19.881Z] humidity => 76.7
[2026-05-22T01:56:19.881Z] humidity => 76.7
[2026-05-22T01:56:19.901Z] humidity: 76.7 saved
[2026-05-22T01:56:19.901Z] humidity: 76.7 saved
[2026-05-22T01:56:19.901Z] ph => 7.3
[2026-05-22T01:56:19.901Z] ph => 7.3
[2026-05-22T01:56:19.913Z] ph: 7.3 saved
[2026-05-22T01:56:19.913Z] ph: 7.3 saved
[2026-05-22T01:56:29.841Z] Topic: aquaponic/device/data
[2026-05-22T01:56:29.841Z] Payload: {"mac_address":"ESP:32:AA:BB:CC:01","sensors":{"temperature":28.3,"humidity":66.7,"ph":6.7}}
[2026-05-22T01:56:29.841Z] Topic: aquaponic/device/data
[2026-05-22T01:56:29.842Z] Payload: {"mac_address":"ESP:32:AA:BB:CC:01","sensors":{"temperature":28.3,"humidity":66.7,"ph":6.7}}
[2026-05-22T01:56:29.842Z] temperature => 28.3
[2026-05-22T01:56:29.843Z] temperature => 28.3
[2026-05-22T01:56:29.865Z] temperature: 28.3 saved
[2026-05-22T01:56:29.865Z] humidity => 66.7
[2026-05-22T01:56:29.878Z] temperature: 28.3 saved
[2026-05-22T01:56:29.878Z] humidity => 66.7
[2026-05-22T01:56:29.885Z] humidity: 66.7 saved
[2026-05-22T01:56:29.885Z] ph => 6.7
[2026-05-22T01:56:29.893Z] humidity: 66.7 saved
[2026-05-22T01:56:29.893Z] ph => 6.7
[2026-05-22T01:56:29.906Z] ph: 6.7 saved
[2026-05-22T01:56:29.913Z] ph: 6.7 saved
[2026-05-22T01:56:39.855Z] Topic: aquaponic/device/data
[2026-05-22T01:56:39.855Z] Payload: {"mac_address":"ESP:32:AA:BB:CC:01","sensors":{"temperature":29,"humidity":66.4,"ph":8}}
[2026-05-22T01:56:39.855Z] Topic: aquaponic/device/data
[2026-05-22T01:56:39.856Z] Payload: {"mac_address":"ESP:32:AA:BB:CC:01","sensors":{"temperature":29,"humidity":66.4,"ph":8}}
[2026-05-22T01:56:39.857Z] temperature => 29
[2026-05-22T01:56:39.857Z] temperature => 29
[2026-05-22T01:56:39.871Z] temperature: 29 saved
[2026-05-22T01:56:39.871Z] humidity => 66.4
[2026-05-22T01:56:39.890Z] temperature: 29 saved
[2026-05-22T01:56:39.890Z] humidity => 66.4
[2026-05-22T01:56:39.900Z] humidity: 66.4 saved
[2026-05-22T01:56:39.900Z] ph => 8
[2026-05-22T01:56:39.927Z] humidity: 66.4 saved
[2026-05-22T01:56:39.927Z] ph => 8
[2026-05-22T01:56:39.930Z] ph: 8 saved
[2026-05-22T01:56:39.936Z] ph: 8 saved
[2026-05-22T01:56:39.950Z] Notification saved
[2026-05-22T01:56:39.959Z] Notification saved
[2026-05-22T01:56:49.865Z] Topic: aquaponic/device/data
[2026-05-22T01:56:49.865Z] Payload: {"mac_address":"ESP:32:AA:BB:CC:01","sensors":{"temperature":16.4,"humidity":43.4,"ph":6.6}}
[2026-05-22T01:56:49.866Z] Topic: aquaponic/device/data
[2026-05-22T01:56:49.866Z] Payload: {"mac_address":"ESP:32:AA:BB:CC:01","sensors":{"temperature":16.4,"humidity":43.4,"ph":6.6}}
[2026-05-22T01:56:49.867Z] temperature => 16.4
[2026-05-22T01:56:49.867Z] temperature => 16.4
[2026-05-22T01:56:49.875Z] temperature: 16.4 saved
[2026-05-22T01:56:49.886Z] temperature: 16.4 saved
[2026-05-22T01:56:49.892Z] Notification saved
[2026-05-22T01:56:49.892Z] humidity => 43.4
[2026-05-22T01:56:49.900Z] Notification saved
[2026-05-22T01:56:49.900Z] humidity => 43.4
[2026-05-22T01:56:49.916Z] humidity: 43.4 saved
[2026-05-22T01:56:49.916Z] ph => 6.6
[2026-05-22T01:56:49.919Z] humidity: 43.4 saved
[2026-05-22T01:56:49.919Z] ph => 6.6
[2026-05-22T01:56:49.928Z] ph: 6.6 saved
[2026-05-22T01:56:49.936Z] ph: 6.6 saved
[2026-05-22T01:56:59.922Z] Topic: aquaponic/device/data
[2026-05-22T01:56:59.922Z] Payload: {"mac_address":"ESP:32:AA:BB:CC:01","sensors":{"temperature":21.3,"humidity":39.2,"ph":4.4}}
[2026-05-22T01:56:59.922Z] Topic: aquaponic/device/data
[2026-05-22T01:56:59.922Z] Payload: {"mac_address":"ESP:32:AA:BB:CC:01","sensors":{"temperature":21.3,"humidity":39.2,"ph":4.4}}
[2026-05-22T01:56:59.923Z] temperature => 21.3
[2026-05-22T01:56:59.924Z] temperature => 21.3
[2026-05-22T01:56:59.940Z] temperature: 21.3 saved
[2026-05-22T01:56:59.940Z] humidity => 39.2
[2026-05-22T01:56:59.946Z] temperature: 21.3 saved
[2026-05-22T01:56:59.946Z] humidity => 39.2
[2026-05-22T01:56:59.953Z] humidity: 39.2 saved
[2026-05-22T01:56:59.961Z] humidity: 39.2 saved
[2026-05-22T01:56:59.968Z] Notification saved
[2026-05-22T01:56:59.968Z] ph => 4.4
[2026-05-22T01:56:59.984Z] ph: 4.4 saved
[2026-05-22T01:56:59.984Z] Notification saved
[2026-05-22T01:56:59.984Z] ph => 4.4
[2026-05-22T01:56:59.993Z] Notification saved
[2026-05-22T01:56:59.996Z] ph: 4.4 saved
[2026-05-22T01:57:00.005Z] Notification saved
[2026-05-22T01:57:09.888Z] Topic: aquaponic/device/data
[2026-05-22T01:57:09.888Z] Payload: {"mac_address":"ESP:32:AA:BB:CC:01","sensors":{"temperature":20.4,"humidity":47.6,"ph":7.6}}
[2026-05-22T01:57:09.889Z] Topic: aquaponic/device/data
[2026-05-22T01:57:09.889Z] Payload: {"mac_address":"ESP:32:AA:BB:CC:01","sensors":{"temperature":20.4,"humidity":47.6,"ph":7.6}}
[2026-05-22T01:57:09.890Z] temperature => 20.4
[2026-05-22T01:57:09.890Z] temperature => 20.4
[2026-05-22T01:57:09.900Z] temperature: 20.4 saved
[2026-05-22T01:57:09.900Z] humidity => 47.6
[2026-05-22T01:57:09.917Z] temperature: 20.4 saved
[2026-05-22T01:57:09.918Z] humidity => 47.6
[2026-05-22T01:57:09.921Z] humidity: 47.6 saved
[2026-05-22T01:57:09.921Z] ph => 7.6
[2026-05-22T01:57:09.927Z] humidity: 47.6 saved
[2026-05-22T01:57:09.927Z] ph => 7.6
[2026-05-22T01:57:09.936Z] ph: 7.6 saved
[2026-05-22T01:57:09.955Z] ph: 7.6 saved
[2026-05-22T01:57:09.958Z] Notification saved
[2026-05-22T01:57:09.968Z] Notification saved
[2026-05-22T01:57:19.909Z] Topic: aquaponic/device/data
[2026-05-22T01:57:19.909Z] Topic: aquaponic/device/data
[2026-05-22T01:57:19.909Z] Payload: {"mac_address":"ESP:32:AA:BB:CC:01","sensors":{"temperature":20.5,"humidity":82.4,"ph":6.9}}
[2026-05-22T01:57:19.909Z] Payload: {"mac_address":"ESP:32:AA:BB:CC:01","sensors":{"temperature":20.5,"humidity":82.4,"ph":6.9}}
[2026-05-22T01:57:19.910Z] temperature => 20.5
[2026-05-22T01:57:19.911Z] temperature => 20.5
[2026-05-22T01:57:19.920Z] temperature: 20.5 saved
[2026-05-22T01:57:19.920Z] humidity => 82.4
[2026-05-22T01:57:19.927Z] temperature: 20.5 saved
[2026-05-22T01:57:19.927Z] humidity => 82.4
[2026-05-22T01:57:19.934Z] humidity: 82.4 saved
[2026-05-22T01:57:19.934Z] ph => 6.9
[2026-05-22T01:57:19.945Z] humidity: 82.4 saved
[2026-05-22T01:57:19.945Z] ph => 6.9
[2026-05-22T01:57:19.958Z] ph: 6.9 saved
[2026-05-22T01:57:19.958Z] ph: 6.9 saved
[2026-05-22T01:57:29.919Z] Topic: aquaponic/device/data
[2026-05-22T01:57:29.919Z] Payload: {"mac_address":"ESP:32:AA:BB:CC:01","sensors":{"temperature":21.2,"humidity":93.2,"ph":5.7}}
[2026-05-22T01:57:29.920Z] Topic: aquaponic/device/data
[2026-05-22T01:57:29.920Z] Payload: {"mac_address":"ESP:32:AA:BB:CC:01","sensors":{"temperature":21.2,"humidity":93.2,"ph":5.7}}
[2026-05-22T01:57:29.921Z] temperature => 21.2
[2026-05-22T01:57:29.921Z] temperature => 21.2
[2026-05-22T01:57:29.932Z] temperature: 21.2 saved
[2026-05-22T01:57:29.932Z] humidity => 93.2
[2026-05-22T01:57:29.938Z] temperature: 21.2 saved
[2026-05-22T01:57:29.938Z] humidity => 93.2
[2026-05-22T01:57:29.944Z] humidity: 93.2 saved
[2026-05-22T01:57:29.950Z] humidity: 93.2 saved
[2026-05-22T01:57:29.966Z] Notification saved
[2026-05-22T01:57:29.966Z] ph => 5.7
[2026-05-22T01:57:29.972Z] Notification saved
[2026-05-22T01:57:29.972Z] ph => 5.7
[2026-05-22T01:57:30.006Z] ph: 5.7 saved
[2026-05-22T01:57:30.044Z] ph: 5.7 saved
[2026-05-22T01:57:39.926Z] Topic: aquaponic/device/data
[2026-05-22T01:57:39.926Z] Payload: {"mac_address":"ESP:32:AA:BB:CC:01","sensors":{"temperature":33.8,"humidity":58.4,"ph":7.1}}
[2026-05-22T01:57:39.927Z] Topic: aquaponic/device/data
[2026-05-22T01:57:39.927Z] Payload: {"mac_address":"ESP:32:AA:BB:CC:01","sensors":{"temperature":33.8,"humidity":58.4,"ph":7.1}}
[2026-05-22T01:57:39.928Z] temperature => 33.8
[2026-05-22T01:57:39.928Z] temperature => 33.8
[2026-05-22T01:57:39.946Z] temperature: 33.8 saved
[2026-05-22T01:57:39.951Z] temperature: 33.8 saved
[2026-05-22T01:57:39.958Z] Notification saved
[2026-05-22T01:57:39.958Z] humidity => 58.4
[2026-05-22T01:57:39.965Z] Notification saved
[2026-05-22T01:57:39.965Z] humidity => 58.4
[2026-05-22T01:57:39.968Z] humidity: 58.4 saved
[2026-05-22T01:57:39.969Z] ph => 7.1
[2026-05-22T01:57:39.980Z] humidity: 58.4 saved
[2026-05-22T01:57:39.980Z] ph => 7.1
[2026-05-22T01:57:39.987Z] ph: 7.1 saved
[2026-05-22T01:57:40.001Z] ph: 7.1 saved
[2026-05-22T01:57:49.940Z] Topic: aquaponic/device/data
[2026-05-22T01:57:49.940Z] Payload: {"mac_address":"ESP:32:AA:BB:CC:01","sensors":{"temperature":31.1,"humidity":31.1,"ph":8.1}}
[2026-05-22T01:57:49.940Z] Topic: aquaponic/device/data
[2026-05-22T01:57:49.941Z] Payload: {"mac_address":"ESP:32:AA:BB:CC:01","sensors":{"temperature":31.1,"humidity":31.1,"ph":8.1}}
[2026-05-22T01:57:49.942Z] temperature => 31.1
[2026-05-22T01:57:49.942Z] temperature => 31.1
[2026-05-22T01:57:49.956Z] temperature: 31.1 saved
[2026-05-22T01:57:49.956Z] temperature: 31.1 saved
[2026-05-22T01:57:49.956Z] humidity => 31.1
[2026-05-22T01:57:49.956Z] humidity => 31.1
[2026-05-22T01:57:49.971Z] humidity: 31.1 saved
[2026-05-22T01:57:49.971Z] humidity: 31.1 saved
[2026-05-22T01:57:49.982Z] Notification saved
[2026-05-22T01:57:49.982Z] Notification saved
[2026-05-22T01:57:49.982Z] ph => 8.1
[2026-05-22T01:57:49.982Z] ph => 8.1
[2026-05-22T01:57:49.998Z] ph: 8.1 saved
[2026-05-22T01:57:49.998Z] ph: 8.1 saved
[2026-05-22T01:57:50.007Z] Notification saved
[2026-05-22T01:57:50.007Z] Notification saved
[2026-05-22T01:57:59.950Z] Topic: aquaponic/device/data
[2026-05-22T01:57:59.951Z] Payload: {"mac_address":"ESP:32:AA:BB:CC:01","sensors":{"temperature":26.5,"humidity":58.8,"ph":7.5}}
[2026-05-22T01:57:59.951Z] Topic: aquaponic/device/data
[2026-05-22T01:57:59.951Z] Payload: {"mac_address":"ESP:32:AA:BB:CC:01","sensors":{"temperature":26.5,"humidity":58.8,"ph":7.5}}
[2026-05-22T01:57:59.952Z] temperature => 26.5
[2026-05-22T01:57:59.953Z] temperature => 26.5
[2026-05-22T01:57:59.975Z] temperature: 26.5 saved
[2026-05-22T01:57:59.975Z] temperature: 26.5 saved
[2026-05-22T01:57:59.976Z] humidity => 58.8
[2026-05-22T01:57:59.976Z] humidity => 58.8
[2026-05-22T01:57:59.987Z] humidity: 58.8 saved
[2026-05-22T01:57:59.987Z] humidity: 58.8 saved
[2026-05-22T01:57:59.987Z] ph => 7.5
[2026-05-22T01:57:59.987Z] ph => 7.5
[2026-05-22T01:58:00.017Z] ph: 7.5 saved
[2026-05-22T01:58:00.020Z] ph: 7.5 saved
[2026-05-22T01:58:09.963Z] Topic: aquaponic/device/data
[2026-05-22T01:58:09.964Z] Payload: {"mac_address":"ESP:32:AA:BB:CC:01","sensors":{"temperature":23.5,"humidity":37.7,"ph":6.1}}
[2026-05-22T01:58:09.965Z] Topic: aquaponic/device/data
[2026-05-22T01:58:09.965Z] Payload: {"mac_address":"ESP:32:AA:BB:CC:01","sensors":{"temperature":23.5,"humidity":37.7,"ph":6.1}}
[2026-05-22T01:58:09.965Z] temperature => 23.5
[2026-05-22T01:58:09.966Z] temperature => 23.5
[2026-05-22T01:58:09.977Z] temperature: 23.5 saved
[2026-05-22T01:58:09.977Z] humidity => 37.7
[2026-05-22T01:58:09.984Z] temperature: 23.5 saved
[2026-05-22T01:58:09.984Z] humidity => 37.7
[2026-05-22T01:58:09.991Z] humidity: 37.7 saved
[2026-05-22T01:58:09.999Z] humidity: 37.7 saved
[2026-05-22T01:58:10.005Z] Notification saved
[2026-05-22T01:58:10.005Z] ph => 6.1
[2026-05-22T01:58:10.018Z] Notification saved
[2026-05-22T01:58:10.018Z] ph => 6.1
[2026-05-22T01:58:10.026Z] ph: 6.1 saved
[2026-05-22T01:58:10.035Z] ph: 6.1 saved
[2026-05-22T01:58:19.974Z] Topic: aquaponic/device/data
[2026-05-22T01:58:19.974Z] Payload: {"mac_address":"ESP:32:AA:BB:CC:01","sensors":{"temperature":16.5,"humidity":73.4,"ph":7.1}}
[2026-05-22T01:58:19.974Z] Topic: aquaponic/device/data
[2026-05-22T01:58:19.974Z] Payload: {"mac_address":"ESP:32:AA:BB:CC:01","sensors":{"temperature":16.5,"humidity":73.4,"ph":7.1}}
[2026-05-22T01:58:19.975Z] temperature => 16.5
[2026-05-22T01:58:19.976Z] temperature => 16.5
[2026-05-22T01:58:19.990Z] temperature: 16.5 saved
[2026-05-22T01:58:19.993Z] temperature: 16.5 saved
[2026-05-22T01:58:19.999Z] Notification saved
[2026-05-22T01:58:19.999Z] humidity => 73.4
[2026-05-22T01:58:20.012Z] Notification saved
[2026-05-22T01:58:20.013Z] humidity => 73.4
[2026-05-22T01:58:20.019Z] humidity: 73.4 saved
[2026-05-22T01:58:20.019Z] ph => 7.1
[2026-05-22T01:58:20.034Z] humidity: 73.4 saved
[2026-05-22T01:58:20.034Z] ph => 7.1
[2026-05-22T01:58:20.037Z] ph: 7.1 saved
[2026-05-22T01:58:20.046Z] ph: 7.1 saved
[2026-05-22T01:58:29.986Z] Topic: aquaponic/device/data
[2026-05-22T01:58:29.986Z] Payload: {"mac_address":"ESP:32:AA:BB:CC:01","sensors":{"temperature":31.6,"humidity":62.2,"ph":4.8}}
[2026-05-22T01:58:29.987Z] Topic: aquaponic/device/data
[2026-05-22T01:58:29.987Z] Payload: {"mac_address":"ESP:32:AA:BB:CC:01","sensors":{"temperature":31.6,"humidity":62.2,"ph":4.8}}
[2026-05-22T01:58:29.988Z] temperature => 31.6
[2026-05-22T01:58:29.988Z] temperature => 31.6
[2026-05-22T01:58:29.998Z] temperature: 31.6 saved
[2026-05-22T01:58:29.999Z] humidity => 62.2
[2026-05-22T01:58:30.003Z] temperature: 31.6 saved
[2026-05-22T01:58:30.004Z] humidity => 62.2
[2026-05-22T01:58:30.013Z] humidity: 62.2 saved
[2026-05-22T01:58:30.014Z] ph => 4.8
[2026-05-22T01:58:30.033Z] humidity: 62.2 saved
[2026-05-22T01:58:30.034Z] ph => 4.8
[2026-05-22T01:58:30.036Z] ph: 4.8 saved
[2026-05-22T01:58:30.048Z] ph: 4.8 saved
[2026-05-22T01:58:30.055Z] Notification saved
[2026-05-22T01:58:30.063Z] Notification saved
[2026-05-22T01:58:40.000Z] Topic: aquaponic/device/data
[2026-05-22T01:58:40.000Z] Payload: {"mac_address":"ESP:32:AA:BB:CC:01","sensors":{"temperature":34.9,"humidity":75.1,"ph":8.9}}
[2026-05-22T01:58:40.001Z] Topic: aquaponic/device/data
[2026-05-22T01:58:40.001Z] Payload: {"mac_address":"ESP:32:AA:BB:CC:01","sensors":{"temperature":34.9,"humidity":75.1,"ph":8.9}}
[2026-05-22T01:58:40.001Z] temperature => 34.9
[2026-05-22T01:58:40.002Z] temperature => 34.9
[2026-05-22T01:58:40.015Z] temperature: 34.9 saved
[2026-05-22T01:58:40.022Z] temperature: 34.9 saved
[2026-05-22T01:58:40.041Z] Notification saved
[2026-05-22T01:58:40.041Z] humidity => 75.1
[2026-05-22T01:58:40.044Z] Notification saved
[2026-05-22T01:58:40.044Z] humidity => 75.1
[2026-05-22T01:58:40.053Z] humidity: 75.1 saved
[2026-05-22T01:58:40.053Z] ph => 8.9
[2026-05-22T01:58:40.059Z] humidity: 75.1 saved
[2026-05-22T01:58:40.059Z] ph => 8.9
[2026-05-22T01:58:40.079Z] ph: 8.9 saved
[2026-05-22T01:58:40.079Z] ph: 8.9 saved
[2026-05-22T01:58:40.091Z] Notification saved
[2026-05-22T01:58:40.091Z] Notification saved
[2026-05-22T01:58:50.016Z] Topic: aquaponic/device/data
[2026-05-22T01:58:50.016Z] Payload: {"mac_address":"ESP:32:AA:BB:CC:01","sensors":{"temperature":19.6,"humidity":60.5,"ph":7}}
[2026-05-22T01:58:50.017Z] Topic: aquaponic/device/data
[2026-05-22T01:58:50.018Z] Payload: {"mac_address":"ESP:32:AA:BB:CC:01","sensors":{"temperature":19.6,"humidity":60.5,"ph":7}}
[2026-05-22T01:58:50.018Z] temperature => 19.6
[2026-05-22T01:58:50.019Z] temperature => 19.6
[2026-05-22T01:58:50.032Z] temperature: 19.6 saved
[2026-05-22T01:58:50.032Z] humidity => 60.5
[2026-05-22T01:58:50.035Z] temperature: 19.6 saved
[2026-05-22T01:58:50.035Z] humidity => 60.5
[2026-05-22T01:58:50.048Z] humidity: 60.5 saved
[2026-05-22T01:58:50.049Z] ph => 7
[2026-05-22T01:58:50.057Z] humidity: 60.5 saved
[2026-05-22T01:58:50.057Z] ph => 7
[2026-05-22T01:58:50.071Z] ph: 7 saved
[2026-05-22T01:58:50.078Z] ph: 7 saved
[2026-05-22T01:59:00.024Z] Topic: aquaponic/device/data
[2026-05-22T01:59:00.024Z] Payload: {"mac_address":"ESP:32:AA:BB:CC:01","sensors":{"temperature":16.8,"humidity":79,"ph":5}}
[2026-05-22T01:59:00.025Z] Topic: aquaponic/device/data
[2026-05-22T01:59:00.025Z] Payload: {"mac_address":"ESP:32:AA:BB:CC:01","sensors":{"temperature":16.8,"humidity":79,"ph":5}}
[2026-05-22T01:59:00.026Z] temperature => 16.8
[2026-05-22T01:59:00.026Z] temperature => 16.8
[2026-05-22T01:59:00.043Z] temperature: 16.8 saved
[2026-05-22T01:59:00.047Z] temperature: 16.8 saved
[2026-05-22T01:59:00.053Z] Notification saved
[2026-05-22T01:59:00.053Z] humidity => 79
[2026-05-22T01:59:00.066Z] Notification saved
[2026-05-22T01:59:00.066Z] humidity => 79
[2026-05-22T01:59:00.083Z] humidity: 79 saved
[2026-05-22T01:59:00.083Z] ph => 5
[2026-05-22T01:59:00.085Z] humidity: 79 saved
[2026-05-22T01:59:00.086Z] ph => 5
[2026-05-22T01:59:00.093Z] ph: 5 saved
[2026-05-22T01:59:00.104Z] ph: 5 saved
[2026-05-22T01:59:00.115Z] Notification saved
[2026-05-22T01:59:00.129Z] Notification saved
[2026-05-22T01:59:10.035Z] Topic: aquaponic/device/data
[2026-05-22T01:59:10.036Z] Payload: {"mac_address":"ESP:32:AA:BB:CC:01","sensors":{"temperature":20.9,"humidity":77.6,"ph":5.6}}
[2026-05-22T01:59:10.036Z] Topic: aquaponic/device/data
[2026-05-22T01:59:10.036Z] Payload: {"mac_address":"ESP:32:AA:BB:CC:01","sensors":{"temperature":20.9,"humidity":77.6,"ph":5.6}}
[2026-05-22T01:59:10.037Z] temperature => 20.9
[2026-05-22T01:59:10.038Z] temperature => 20.9
[2026-05-22T01:59:10.050Z] temperature: 20.9 saved
[2026-05-22T01:59:10.051Z] humidity => 77.6
[2026-05-22T01:59:10.065Z] temperature: 20.9 saved
[2026-05-22T01:59:10.066Z] humidity => 77.6
[2026-05-22T01:59:10.072Z] humidity: 77.6 saved
[2026-05-22T01:59:10.072Z] ph => 5.6
[2026-05-22T01:59:10.082Z] humidity: 77.6 saved
[2026-05-22T01:59:10.082Z] ph => 5.6
[2026-05-22T01:59:10.094Z] ph: 5.6 saved
[2026-05-22T01:59:10.110Z] ph: 5.6 saved
[2026-05-22T01:59:20.048Z] Topic: aquaponic/device/data
[2026-05-22T01:59:20.048Z] Payload: {"mac_address":"ESP:32:AA:BB:CC:01","sensors":{"temperature":18.8,"humidity":43.3,"ph":6.8}}
[2026-05-22T01:59:20.049Z] Topic: aquaponic/device/data
[2026-05-22T01:59:20.049Z] Payload: {"mac_address":"ESP:32:AA:BB:CC:01","sensors":{"temperature":18.8,"humidity":43.3,"ph":6.8}}
[2026-05-22T01:59:20.050Z] temperature => 18.8
[2026-05-22T01:59:20.051Z] temperature => 18.8
[2026-05-22T01:59:20.079Z] temperature: 18.8 saved
[2026-05-22T01:59:20.079Z] humidity => 43.3
[2026-05-22T01:59:20.100Z] temperature: 18.8 saved
[2026-05-22T01:59:20.100Z] humidity => 43.3
[2026-05-22T01:59:20.105Z] humidity: 43.3 saved
[2026-05-22T01:59:20.106Z] ph => 6.8
[2026-05-22T01:59:20.120Z] humidity: 43.3 saved
[2026-05-22T01:59:20.120Z] ph => 6.8
[2026-05-22T01:59:20.133Z] ph: 6.8 saved
[2026-05-22T01:59:20.147Z] ph: 6.8 saved
[2026-05-22T02:17:02.506Z] Topic: aquaponic/device/data
[2026-05-22T02:17:02.506Z] Payload: {"mac_address":"ESP:32:AA:BB:CC:01","sensors":{"temperature":31.2,"humidity":51,"ph":8.5}}
[2026-05-22T02:17:02.510Z] Topic: aquaponic/device/data
[2026-05-22T02:17:02.510Z] Payload: {"mac_address":"ESP:32:AA:BB:CC:01","sensors":{"temperature":31.2,"humidity":51,"ph":8.5}}
[2026-05-22T02:17:02.513Z] temperature => 31.2
[2026-05-22T02:17:02.520Z] temperature => 31.2
[2026-05-22T02:17:02.561Z] temperature: 31.2 saved
[2026-05-22T02:17:02.561Z] humidity => 51
[2026-05-22T02:17:02.577Z] temperature: 31.2 saved
[2026-05-22T02:17:02.577Z] humidity => 51
[2026-05-22T02:17:02.597Z] humidity: 51 saved
[2026-05-22T02:17:02.598Z] ph => 8.5
[2026-05-22T02:17:02.610Z] humidity: 51 saved
[2026-05-22T02:17:02.610Z] ph => 8.5
[2026-05-22T02:17:02.628Z] ph: 8.5 saved
[2026-05-22T02:17:02.647Z] ph: 8.5 saved
[2026-05-22T02:17:02.662Z] Notification saved
[2026-05-22T02:17:02.670Z] Notification saved
[2026-05-22T02:17:12.514Z] Topic: aquaponic/device/data
[2026-05-22T02:17:12.514Z] Payload: {"mac_address":"ESP:32:AA:BB:CC:01","sensors":{"temperature":32.6,"humidity":75.7,"ph":8.8}}
[2026-05-22T02:17:12.516Z] temperature => 32.6
[2026-05-22T02:17:12.518Z] Topic: aquaponic/device/data
[2026-05-22T02:17:12.518Z] Payload: {"mac_address":"ESP:32:AA:BB:CC:01","sensors":{"temperature":32.6,"humidity":75.7,"ph":8.8}}
[2026-05-22T02:17:12.519Z] temperature => 32.6
[2026-05-22T02:17:12.525Z] temperature: 32.6 saved
[2026-05-22T02:17:12.542Z] temperature: 32.6 saved
[2026-05-22T02:17:12.545Z] Notification saved
[2026-05-22T02:17:12.545Z] humidity => 75.7
[2026-05-22T02:17:12.555Z] Notification saved
[2026-05-22T02:17:12.555Z] humidity => 75.7
[2026-05-22T02:17:12.577Z] humidity: 75.7 saved
[2026-05-22T02:17:12.577Z] ph => 8.8
[2026-05-22T02:17:12.580Z] humidity: 75.7 saved
[2026-05-22T02:17:12.580Z] ph => 8.8
[2026-05-22T02:17:12.588Z] ph: 8.8 saved
[2026-05-22T02:17:12.601Z] ph: 8.8 saved
[2026-05-22T02:17:12.604Z] Notification saved
[2026-05-22T02:17:12.610Z] Notification saved
[2026-05-22T02:17:22.532Z] Topic: aquaponic/device/data
[2026-05-22T02:17:22.532Z] Payload: {"mac_address":"ESP:32:AA:BB:CC:01","sensors":{"temperature":22.5,"humidity":89.8,"ph":6.3}}
[2026-05-22T02:17:22.533Z] Topic: aquaponic/device/data
[2026-05-22T02:17:22.533Z] Payload: {"mac_address":"ESP:32:AA:BB:CC:01","sensors":{"temperature":22.5,"humidity":89.8,"ph":6.3}}
[2026-05-22T02:17:22.534Z] temperature => 22.5
[2026-05-22T02:17:22.534Z] temperature => 22.5
[2026-05-22T02:17:22.545Z] temperature: 22.5 saved
[2026-05-22T02:17:22.545Z] humidity => 89.8
[2026-05-22T02:17:22.563Z] temperature: 22.5 saved
[2026-05-22T02:17:22.563Z] humidity => 89.8
[2026-05-22T02:17:22.566Z] humidity: 89.8 saved
[2026-05-22T02:17:22.579Z] humidity: 89.8 saved
[2026-05-22T02:17:22.588Z] Notification saved
[2026-05-22T02:17:22.588Z] ph => 6.3
[2026-05-22T02:17:22.595Z] Notification saved
[2026-05-22T02:17:22.595Z] ph => 6.3
[2026-05-22T02:17:22.615Z] ph: 6.3 saved
[2026-05-22T02:17:22.621Z] ph: 6.3 saved
[2026-05-22T02:17:32.542Z] Topic: aquaponic/device/data
[2026-05-22T02:17:32.542Z] Payload: {"mac_address":"ESP:32:AA:BB:CC:01","sensors":{"temperature":18.4,"humidity":75,"ph":7.6}}
[2026-05-22T02:17:32.542Z] Topic: aquaponic/device/data
[2026-05-22T02:17:32.542Z] Payload: {"mac_address":"ESP:32:AA:BB:CC:01","sensors":{"temperature":18.4,"humidity":75,"ph":7.6}}
[2026-05-22T02:17:32.543Z] temperature => 18.4
[2026-05-22T02:17:32.543Z] temperature => 18.4
[2026-05-22T02:17:32.552Z] temperature: 18.4 saved
[2026-05-22T02:17:32.553Z] temperature: 18.4 saved
[2026-05-22T02:17:32.553Z] humidity => 75
[2026-05-22T02:17:32.553Z] humidity => 75
[2026-05-22T02:17:32.579Z] humidity: 75 saved
[2026-05-22T02:17:32.579Z] humidity: 75 saved
[2026-05-22T02:17:32.579Z] ph => 7.6
[2026-05-22T02:17:32.579Z] ph => 7.6
[2026-05-22T02:17:32.591Z] ph: 7.6 saved
[2026-05-22T02:17:32.591Z] ph: 7.6 saved
[2026-05-22T02:17:32.601Z] Notification saved
[2026-05-22T02:17:32.601Z] Notification saved
[2026-05-22T06:14:31.495Z] Topic: aquaponic/device/data
[2026-05-22T06:14:31.495Z] Payload: {"mac_address":"ESP:32:AA:BB:CC:01","sensors":{"temperature":24.1,"humidity":92.7,"ph":7.6}}
[2026-05-22T06:14:31.495Z] Topic: aquaponic/device/data
[2026-05-22T06:14:31.495Z] Payload: {"mac_address":"ESP:32:AA:BB:CC:01","sensors":{"temperature":24.1,"humidity":92.7,"ph":7.6}}
[2026-05-22T06:14:31.499Z] temperature => 24.1
[2026-05-22T06:14:31.499Z] temperature => 24.1
[2026-05-22T06:14:31.512Z] temperature: 24.1 saved
[2026-05-22T06:14:31.512Z] temperature: 24.1 saved
[2026-05-22T06:14:31.512Z] humidity => 92.7
[2026-05-22T06:14:31.512Z] humidity => 92.7
[2026-05-22T06:14:31.522Z] humidity: 92.7 saved
[2026-05-22T06:14:31.525Z] humidity: 92.7 saved
[2026-05-22T06:14:31.540Z] Notification saved
[2026-05-22T06:14:31.540Z] ph => 7.6
[2026-05-22T06:14:31.560Z] Notification saved
[2026-05-22T06:14:31.560Z] ph => 7.6
[2026-05-22T06:14:31.567Z] ph: 7.6 saved
[2026-05-22T06:14:31.578Z] ph: 7.6 saved
[2026-05-22T06:14:31.598Z] Notification saved
[2026-05-22T06:14:31.601Z] Notification saved
[2026-05-22T06:14:41.505Z] Topic: aquaponic/device/data
[2026-05-22T06:14:41.505Z] Payload: {"mac_address":"ESP:32:AA:BB:CC:01","sensors":{"temperature":16.7,"humidity":92.7,"ph":5.1}}
[2026-05-22T06:14:41.505Z] Topic: aquaponic/device/data
[2026-05-22T06:14:41.506Z] Payload: {"mac_address":"ESP:32:AA:BB:CC:01","sensors":{"temperature":16.7,"humidity":92.7,"ph":5.1}}
[2026-05-22T06:14:41.507Z] temperature => 16.7
[2026-05-22T06:14:41.507Z] temperature => 16.7
[2026-05-22T06:14:41.524Z] temperature: 16.7 saved
[2026-05-22T06:14:41.524Z] temperature: 16.7 saved
[2026-05-22T06:14:41.540Z] Notification saved
[2026-05-22T06:14:41.540Z] Notification saved
[2026-05-22T06:14:41.541Z] humidity => 92.7
[2026-05-22T06:14:41.541Z] humidity => 92.7
[2026-05-22T06:14:41.552Z] humidity: 92.7 saved
[2026-05-22T06:14:41.555Z] humidity: 92.7 saved
[2026-05-22T06:14:41.565Z] Notification saved
[2026-05-22T06:14:41.565Z] ph => 5.1
[2026-05-22T06:14:41.576Z] Notification saved
[2026-05-22T06:14:41.576Z] ph => 5.1
[2026-05-22T06:14:41.588Z] ph: 5.1 saved
[2026-05-22T06:14:41.615Z] Notification saved
[2026-05-22T06:14:41.616Z] ph: 5.1 saved
[2026-05-22T06:14:41.636Z] Notification saved
[2026-05-22T06:14:51.518Z] Topic: aquaponic/device/data
[2026-05-22T06:14:51.518Z] Payload: {"mac_address":"ESP:32:AA:BB:CC:01","sensors":{"temperature":34.6,"humidity":60.1,"ph":6.2}}
[2026-05-22T06:14:51.518Z] Topic: aquaponic/device/data
[2026-05-22T06:14:51.519Z] Payload: {"mac_address":"ESP:32:AA:BB:CC:01","sensors":{"temperature":34.6,"humidity":60.1,"ph":6.2}}
[2026-05-22T06:14:51.520Z] temperature => 34.6
[2026-05-22T06:14:51.520Z] temperature => 34.6
[2026-05-22T06:14:51.531Z] temperature: 34.6 saved
[2026-05-22T06:14:51.535Z] temperature: 34.6 saved
[2026-05-22T06:14:51.543Z] Notification saved
[2026-05-22T06:14:51.543Z] humidity => 60.1
[2026-05-22T06:14:51.552Z] Notification saved
[2026-05-22T06:14:51.552Z] humidity => 60.1
[2026-05-22T06:14:51.568Z] humidity: 60.1 saved
[2026-05-22T06:14:51.568Z] ph => 6.2
[2026-05-22T06:14:51.579Z] humidity: 60.1 saved
[2026-05-22T06:14:51.579Z] ph => 6.2
[2026-05-22T06:14:51.602Z] ph: 6.2 saved
[2026-05-22T06:14:51.613Z] ph: 6.2 saved
[2026-05-22T06:15:01.529Z] Topic: aquaponic/device/data
[2026-05-22T06:15:01.529Z] Payload: {"mac_address":"ESP:32:AA:BB:CC:01","sensors":{"temperature":21.8,"humidity":67.9,"ph":4.5}}
[2026-05-22T06:15:01.532Z] temperature => 21.8
[2026-05-22T06:15:01.543Z] Topic: aquaponic/device/data
[2026-05-22T06:15:01.543Z] Payload: {"mac_address":"ESP:32:AA:BB:CC:01","sensors":{"temperature":21.8,"humidity":67.9,"ph":4.5}}
[2026-05-22T06:15:01.560Z] temperature => 21.8
[2026-05-22T06:15:01.572Z] temperature: 21.8 saved
[2026-05-22T06:15:01.572Z] humidity => 67.9
[2026-05-22T06:15:01.632Z] temperature: 21.8 saved
[2026-05-22T06:15:01.632Z] humidity => 67.9
[2026-05-22T06:15:01.680Z] humidity: 67.9 saved
[2026-05-22T06:15:01.680Z] ph => 4.5
[2026-05-22T06:15:01.853Z] ph: 4.5 saved
[2026-05-22T06:15:01.856Z] humidity: 67.9 saved
[2026-05-22T06:15:01.856Z] ph => 4.5
[2026-05-22T06:15:01.965Z] Notification saved
[2026-05-22T06:15:01.970Z] ph: 4.5 saved
[2026-05-22T06:15:02.063Z] Notification saved
[2026-05-22T06:15:11.542Z] Topic: aquaponic/device/data
[2026-05-22T06:15:11.542Z] Payload: {"mac_address":"ESP:32:AA:BB:CC:01","sensors":{"temperature":32,"humidity":74.3,"ph":4.8}}
[2026-05-22T06:15:11.542Z] Topic: aquaponic/device/data
[2026-05-22T06:15:11.543Z] Payload: {"mac_address":"ESP:32:AA:BB:CC:01","sensors":{"temperature":32,"humidity":74.3,"ph":4.8}}
[2026-05-22T06:15:11.543Z] temperature => 32
[2026-05-22T06:15:11.544Z] temperature => 32
[2026-05-22T06:15:11.561Z] temperature: 32 saved
[2026-05-22T06:15:11.561Z] humidity => 74.3
[2026-05-22T06:15:11.586Z] temperature: 32 saved
[2026-05-22T06:15:11.586Z] humidity => 74.3
[2026-05-22T06:15:11.605Z] humidity: 74.3 saved
[2026-05-22T06:15:11.605Z] ph => 4.8
[2026-05-22T06:15:11.633Z] humidity: 74.3 saved
[2026-05-22T06:15:11.633Z] ph => 4.8
[2026-05-22T06:15:11.650Z] ph: 4.8 saved
[2026-05-22T06:15:11.665Z] ph: 4.8 saved
[2026-05-22T06:15:11.680Z] Notification saved
[2026-05-22T06:15:11.694Z] Notification saved
[2026-05-22T06:15:21.556Z] Topic: aquaponic/device/data
[2026-05-22T06:15:21.556Z] Payload: {"mac_address":"ESP:32:AA:BB:CC:01","sensors":{"temperature":19.5,"humidity":75.2,"ph":4.3}}
[2026-05-22T06:15:21.556Z] Topic: aquaponic/device/data
[2026-05-22T06:15:21.556Z] Payload: {"mac_address":"ESP:32:AA:BB:CC:01","sensors":{"temperature":19.5,"humidity":75.2,"ph":4.3}}
[2026-05-22T06:15:21.558Z] temperature => 19.5
[2026-05-22T06:15:21.558Z] temperature => 19.5
[2026-05-22T06:15:21.585Z] temperature: 19.5 saved
[2026-05-22T06:15:21.585Z] humidity => 75.2
[2026-05-22T06:15:21.594Z] temperature: 19.5 saved
[2026-05-22T06:15:21.594Z] humidity => 75.2
[2026-05-22T06:15:21.622Z] humidity: 75.2 saved
[2026-05-22T06:15:21.622Z] ph => 4.3
[2026-05-22T06:15:21.633Z] humidity: 75.2 saved
[2026-05-22T06:15:21.633Z] ph => 4.3
[2026-05-22T06:15:21.646Z] ph: 4.3 saved
[2026-05-22T06:15:21.656Z] ph: 4.3 saved
[2026-05-22T06:15:21.675Z] Notification saved
[2026-05-22T06:15:21.675Z] Notification saved
[2026-05-22T06:15:31.569Z] Topic: aquaponic/device/data
[2026-05-22T06:15:31.570Z] Payload: {"mac_address":"ESP:32:AA:BB:CC:01","sensors":{"temperature":20.9,"humidity":73.2,"ph":7.5}}
[2026-05-22T06:15:31.570Z] Topic: aquaponic/device/data
[2026-05-22T06:15:31.570Z] Payload: {"mac_address":"ESP:32:AA:BB:CC:01","sensors":{"temperature":20.9,"humidity":73.2,"ph":7.5}}
[2026-05-22T06:15:31.571Z] temperature => 20.9
[2026-05-22T06:15:31.571Z] temperature => 20.9
[2026-05-22T06:15:31.580Z] temperature: 20.9 saved
[2026-05-22T06:15:31.580Z] temperature: 20.9 saved
[2026-05-22T06:15:31.580Z] humidity => 73.2
[2026-05-22T06:15:31.580Z] humidity => 73.2
[2026-05-22T06:15:31.598Z] humidity: 73.2 saved
[2026-05-22T06:15:31.598Z] humidity: 73.2 saved
[2026-05-22T06:15:31.598Z] ph => 7.5
[2026-05-22T06:15:31.598Z] ph => 7.5
[2026-05-22T06:15:31.618Z] ph: 7.5 saved
[2026-05-22T06:15:31.618Z] ph: 7.5 saved
[2026-05-22T06:15:41.576Z] Topic: aquaponic/device/data
[2026-05-22T06:15:41.576Z] Payload: {"mac_address":"ESP:32:AA:BB:CC:01","sensors":{"temperature":32.8,"humidity":69.3,"ph":8.6}}
[2026-05-22T06:15:41.577Z] Topic: aquaponic/device/data
[2026-05-22T06:15:41.577Z] Payload: {"mac_address":"ESP:32:AA:BB:CC:01","sensors":{"temperature":32.8,"humidity":69.3,"ph":8.6}}
[2026-05-22T06:15:41.578Z] temperature => 32.8
[2026-05-22T06:15:41.578Z] temperature => 32.8
[2026-05-22T06:15:41.595Z] temperature: 32.8 saved
[2026-05-22T06:15:41.598Z] temperature: 32.8 saved
[2026-05-22T06:15:41.605Z] Notification saved
[2026-05-22T06:15:41.605Z] humidity => 69.3
[2026-05-22T06:15:41.612Z] Notification saved
[2026-05-22T06:15:41.612Z] humidity => 69.3
[2026-05-22T06:15:41.618Z] humidity: 69.3 saved
[2026-05-22T06:15:41.618Z] ph => 8.6
[2026-05-22T06:15:41.629Z] humidity: 69.3 saved
[2026-05-22T06:15:41.629Z] ph => 8.6
[2026-05-22T06:15:41.641Z] ph: 8.6 saved
[2026-05-22T06:15:41.658Z] ph: 8.6 saved
[2026-05-22T06:15:41.662Z] Notification saved
[2026-05-22T06:15:41.668Z] Notification saved
[2026-05-22T06:15:51.589Z] Topic: aquaponic/device/data
[2026-05-22T06:15:51.589Z] Payload: {"mac_address":"ESP:32:AA:BB:CC:01","sensors":{"temperature":21.7,"humidity":43.9,"ph":7.2}}
[2026-05-22T06:15:51.590Z] Topic: aquaponic/device/data
[2026-05-22T06:15:51.590Z] Payload: {"mac_address":"ESP:32:AA:BB:CC:01","sensors":{"temperature":21.7,"humidity":43.9,"ph":7.2}}
[2026-05-22T06:15:51.591Z] temperature => 21.7
[2026-05-22T06:15:51.591Z] temperature => 21.7
[2026-05-22T06:15:51.600Z] temperature: 21.7 saved
[2026-05-22T06:15:51.600Z] humidity => 43.9
[2026-05-22T06:15:51.603Z] temperature: 21.7 saved
[2026-05-22T06:15:51.603Z] humidity => 43.9
[2026-05-22T06:15:51.612Z] humidity: 43.9 saved
[2026-05-22T06:15:51.612Z] ph => 7.2
[2026-05-22T06:15:51.625Z] humidity: 43.9 saved
[2026-05-22T06:15:51.625Z] ph => 7.2
[2026-05-22T06:15:51.628Z] ph: 7.2 saved
[2026-05-22T06:15:51.635Z] ph: 7.2 saved
[2026-05-22T06:16:01.604Z] Topic: aquaponic/device/data
[2026-05-22T06:16:01.604Z] Payload: {"mac_address":"ESP:32:AA:BB:CC:01","sensors":{"temperature":26.2,"humidity":94.6,"ph":6.3}}
[2026-05-22T06:16:01.605Z] Topic: aquaponic/device/data
[2026-05-22T06:16:01.605Z] Payload: {"mac_address":"ESP:32:AA:BB:CC:01","sensors":{"temperature":26.2,"humidity":94.6,"ph":6.3}}
[2026-05-22T06:16:01.606Z] temperature => 26.2
[2026-05-22T06:16:01.606Z] temperature => 26.2
[2026-05-22T06:16:01.616Z] temperature: 26.2 saved
[2026-05-22T06:16:01.616Z] humidity => 94.6
[2026-05-22T06:16:01.623Z] temperature: 26.2 saved
[2026-05-22T06:16:01.623Z] humidity => 94.6
[2026-05-22T06:16:01.646Z] humidity: 94.6 saved
[2026-05-22T06:16:01.650Z] humidity: 94.6 saved
[2026-05-22T06:16:01.656Z] Notification saved
[2026-05-22T06:16:01.656Z] ph => 6.3
[2026-05-22T06:16:01.665Z] Notification saved
[2026-05-22T06:16:01.665Z] ph => 6.3
[2026-05-22T06:16:01.682Z] ph: 6.3 saved
[2026-05-22T06:16:01.688Z] ph: 6.3 saved
[2026-05-22T06:16:11.613Z] Topic: aquaponic/device/data
[2026-05-22T06:16:11.613Z] Payload: {"mac_address":"ESP:32:AA:BB:CC:01","sensors":{"temperature":29.3,"humidity":66.1,"ph":5.1}}
[2026-05-22T06:16:11.614Z] Topic: aquaponic/device/data
[2026-05-22T06:16:11.614Z] Payload: {"mac_address":"ESP:32:AA:BB:CC:01","sensors":{"temperature":29.3,"humidity":66.1,"ph":5.1}}
[2026-05-22T06:16:11.615Z] temperature => 29.3
[2026-05-22T06:16:11.615Z] temperature => 29.3
[2026-05-22T06:16:11.631Z] temperature: 29.3 saved
[2026-05-22T06:16:11.631Z] humidity => 66.1
[2026-05-22T06:16:11.634Z] temperature: 29.3 saved
[2026-05-22T06:16:11.634Z] humidity => 66.1
[2026-05-22T06:16:11.643Z] humidity: 66.1 saved
[2026-05-22T06:16:11.643Z] ph => 5.1
[2026-05-22T06:16:11.651Z] humidity: 66.1 saved
[2026-05-22T06:16:11.651Z] ph => 5.1
[2026-05-22T06:16:11.657Z] ph: 5.1 saved
[2026-05-22T06:16:11.666Z] ph: 5.1 saved
[2026-05-22T06:16:11.686Z] Notification saved
[2026-05-22T06:16:11.686Z] Notification saved
[2026-05-22T06:16:21.661Z] Topic: aquaponic/device/data
[2026-05-22T06:16:21.662Z] Payload: {"mac_address":"ESP:32:AA:BB:CC:01","sensors":{"temperature":33.7,"humidity":34.3,"ph":4}}
[2026-05-22T06:16:21.662Z] Topic: aquaponic/device/data
[2026-05-22T06:16:21.662Z] Payload: {"mac_address":"ESP:32:AA:BB:CC:01","sensors":{"temperature":33.7,"humidity":34.3,"ph":4}}
[2026-05-22T06:16:21.663Z] temperature => 33.7
[2026-05-22T06:16:21.664Z] temperature => 33.7
[2026-05-22T06:16:21.672Z] temperature: 33.7 saved
[2026-05-22T06:16:21.675Z] temperature: 33.7 saved
[2026-05-22T06:16:21.682Z] Notification saved
[2026-05-22T06:16:21.682Z] humidity => 34.3
[2026-05-22T06:16:21.691Z] Notification saved
[2026-05-22T06:16:21.691Z] humidity => 34.3
[2026-05-22T06:16:21.725Z] humidity: 34.3 saved
[2026-05-22T06:16:21.728Z] humidity: 34.3 saved
[2026-05-22T06:16:21.736Z] Notification saved
[2026-05-22T06:16:21.736Z] ph => 4
[2026-05-22T06:16:21.747Z] Notification saved
[2026-05-22T06:16:21.747Z] ph => 4
[2026-05-22T06:16:21.770Z] ph: 4 saved
[2026-05-22T06:16:21.779Z] ph: 4 saved
[2026-05-22T06:16:21.807Z] Notification saved
[2026-05-22T06:16:21.831Z] Notification saved
[2026-05-22T06:16:31.667Z] Topic: aquaponic/device/data
[2026-05-22T06:16:31.667Z] Payload: {"mac_address":"ESP:32:AA:BB:CC:01","sensors":{"temperature":26.7,"humidity":49,"ph":7.7}}
[2026-05-22T06:16:31.667Z] Topic: aquaponic/device/data
[2026-05-22T06:16:31.667Z] Payload: {"mac_address":"ESP:32:AA:BB:CC:01","sensors":{"temperature":26.7,"humidity":49,"ph":7.7}}
[2026-05-22T06:16:31.668Z] temperature => 26.7
[2026-05-22T06:16:31.668Z] temperature => 26.7
[2026-05-22T06:16:31.685Z] temperature: 26.7 saved
[2026-05-22T06:16:31.685Z] temperature: 26.7 saved
[2026-05-22T06:16:31.685Z] humidity => 49
[2026-05-22T06:16:31.685Z] humidity => 49
[2026-05-22T06:16:31.702Z] humidity: 49 saved
[2026-05-22T06:16:31.702Z] humidity: 49 saved
[2026-05-22T06:16:31.702Z] ph => 7.7
[2026-05-22T06:16:31.702Z] ph => 7.7
[2026-05-22T06:16:31.721Z] ph: 7.7 saved
[2026-05-22T06:16:31.721Z] ph: 7.7 saved
[2026-05-22T06:16:31.751Z] Notification saved
[2026-05-22T06:16:31.751Z] Notification saved
[2026-05-22T06:16:41.672Z] Topic: aquaponic/device/data
[2026-05-22T06:16:41.672Z] Payload: {"mac_address":"ESP:32:AA:BB:CC:01","sensors":{"temperature":33.1,"humidity":93.6,"ph":5.6}}
[2026-05-22T06:16:41.672Z] Topic: aquaponic/device/data
[2026-05-22T06:16:41.673Z] Payload: {"mac_address":"ESP:32:AA:BB:CC:01","sensors":{"temperature":33.1,"humidity":93.6,"ph":5.6}}
[2026-05-22T06:16:41.674Z] temperature => 33.1
[2026-05-22T06:16:41.674Z] temperature => 33.1
[2026-05-22T06:16:41.684Z] temperature: 33.1 saved
[2026-05-22T06:16:41.703Z] temperature: 33.1 saved
[2026-05-22T06:16:41.707Z] Notification saved
[2026-05-22T06:16:41.707Z] humidity => 93.6
[2026-05-22T06:16:41.714Z] Notification saved
[2026-05-22T06:16:41.714Z] humidity => 93.6
[2026-05-22T06:16:41.721Z] humidity: 93.6 saved
[2026-05-22T06:16:41.730Z] humidity: 93.6 saved
[2026-05-22T06:16:41.738Z] Notification saved
[2026-05-22T06:16:41.738Z] ph => 5.6
[2026-05-22T06:16:41.749Z] Notification saved
[2026-05-22T06:16:41.749Z] ph => 5.6
[2026-05-22T06:16:41.762Z] ph: 5.6 saved
[2026-05-22T06:16:41.765Z] ph: 5.6 saved
[2026-05-22T06:16:51.663Z] Topic: aquaponic/device/data
[2026-05-22T06:16:51.663Z] Payload: {"mac_address":"ESP:32:AA:BB:CC:01","sensors":{"temperature":23.3,"humidity":91.7,"ph":8.5}}
[2026-05-22T06:16:51.664Z] temperature => 23.3
[2026-05-22T06:16:51.676Z] temperature: 23.3 saved
[2026-05-22T06:16:51.676Z] humidity => 91.7
[2026-05-22T06:16:51.687Z] humidity: 91.7 saved
[2026-05-22T06:16:51.705Z] Notification saved
[2026-05-22T06:16:51.705Z] ph => 8.5
[2026-05-22T06:16:51.713Z] ph: 8.5 saved
[2026-05-22T06:16:51.726Z] Notification saved
[2026-05-22T06:16:51.728Z] Topic: aquaponic/device/data
[2026-05-22T06:16:51.728Z] Payload: {"mac_address":"ESP:32:AA:BB:CC:01","sensors":{"temperature":23.3,"humidity":91.7,"ph":8.5}}
[2026-05-22T06:16:51.729Z] temperature => 23.3
[2026-05-22T06:16:51.739Z] temperature: 23.3 saved
[2026-05-22T06:16:51.739Z] humidity => 91.7
[2026-05-22T06:16:51.749Z] humidity: 91.7 saved
[2026-05-22T06:16:51.767Z] Notification saved
[2026-05-22T06:16:51.768Z] ph => 8.5
[2026-05-22T06:16:51.801Z] ph: 8.5 saved
[2026-05-22T06:16:51.876Z] Notification saved
[2026-05-22T06:17:01.682Z] Topic: aquaponic/device/data
[2026-05-22T06:17:01.682Z] Payload: {"mac_address":"ESP:32:AA:BB:CC:01","sensors":{"temperature":18.9,"humidity":56.8,"ph":7}}
[2026-05-22T06:17:01.691Z] temperature => 18.9
[2026-05-22T06:17:01.740Z] temperature: 18.9 saved
[2026-05-22T06:17:01.740Z] humidity => 56.8
[2026-05-22T06:17:01.747Z] Topic: aquaponic/device/data
[2026-05-22T06:17:01.747Z] Payload: {"mac_address":"ESP:32:AA:BB:CC:01","sensors":{"temperature":18.9,"humidity":56.8,"ph":7}}
[2026-05-22T06:17:01.756Z] humidity: 56.8 saved
[2026-05-22T06:17:01.756Z] ph => 7
[2026-05-22T06:17:01.777Z] ph: 7 saved
[2026-05-22T06:17:01.798Z] temperature => 18.9
[2026-05-22T06:17:01.867Z] temperature: 18.9 saved
[2026-05-22T06:17:01.868Z] humidity => 56.8
[2026-05-22T06:17:01.888Z] humidity: 56.8 saved
[2026-05-22T06:17:01.888Z] ph => 7
[2026-05-22T06:17:01.917Z] ph: 7 saved
[2026-05-22T06:17:11.686Z] Topic: aquaponic/device/data
[2026-05-22T06:17:11.686Z] Payload: {"mac_address":"ESP:32:AA:BB:CC:01","sensors":{"temperature":17.6,"humidity":81.8,"ph":7.8}}
[2026-05-22T06:17:11.687Z] Topic: aquaponic/device/data
[2026-05-22T06:17:11.687Z] Payload: {"mac_address":"ESP:32:AA:BB:CC:01","sensors":{"temperature":17.6,"humidity":81.8,"ph":7.8}}
[2026-05-22T06:17:11.688Z] temperature => 17.6
[2026-05-22T06:17:11.688Z] temperature => 17.6
[2026-05-22T06:17:11.699Z] temperature: 17.6 saved
[2026-05-22T06:17:11.702Z] temperature: 17.6 saved
[2026-05-22T06:17:11.709Z] Notification saved
[2026-05-22T06:17:11.709Z] humidity => 81.8
[2026-05-22T06:17:11.722Z] Notification saved
[2026-05-22T06:17:11.722Z] humidity => 81.8
[2026-05-22T06:17:11.728Z] humidity: 81.8 saved
[2026-05-22T06:17:11.728Z] ph => 7.8
[2026-05-22T06:17:11.736Z] humidity: 81.8 saved
[2026-05-22T06:17:11.737Z] ph => 7.8
[2026-05-22T06:17:11.754Z] ph: 7.8 saved
[2026-05-22T06:17:11.759Z] ph: 7.8 saved
[2026-05-22T06:17:11.768Z] Notification saved
[2026-05-22T06:17:11.779Z] Notification saved
[2026-05-22T06:17:21.717Z] Topic: aquaponic/device/data
[2026-05-22T06:17:21.717Z] Payload: {"mac_address":"ESP:32:AA:BB:CC:01","sensors":{"temperature":35.8,"humidity":34.2,"ph":7.7}}
[2026-05-22T06:17:21.718Z] temperature => 35.8
[2026-05-22T06:17:21.739Z] temperature: 35.8 saved
[2026-05-22T06:17:21.754Z] Notification saved
[2026-05-22T06:17:21.754Z] humidity => 34.2
[2026-05-22T06:17:21.780Z] humidity: 34.2 saved
[2026-05-22T06:17:21.803Z] Notification saved
[2026-05-22T06:17:21.803Z] ph => 7.7
[2026-05-22T06:17:21.820Z] ph: 7.7 saved
[2026-05-22T06:17:21.866Z] Notification saved
[2026-05-22T06:17:22.167Z] Topic: aquaponic/device/data
[2026-05-22T06:17:22.167Z] Payload: {"mac_address":"ESP:32:AA:BB:CC:01","sensors":{"temperature":35.8,"humidity":34.2,"ph":7.7}}
[2026-05-22T06:17:22.169Z] temperature => 35.8
[2026-05-22T06:17:22.180Z] temperature: 35.8 saved
[2026-05-22T06:17:22.199Z] Notification saved
[2026-05-22T06:17:22.199Z] humidity => 34.2
[2026-05-22T06:17:22.206Z] humidity: 34.2 saved
[2026-05-22T06:17:22.217Z] Notification saved
[2026-05-22T06:17:22.217Z] ph => 7.7
[2026-05-22T06:17:22.227Z] ph: 7.7 saved
[2026-05-22T06:17:22.247Z] Notification saved
[2026-05-22T06:17:31.719Z] Topic: aquaponic/device/data
[2026-05-22T06:17:31.719Z] Payload: {"mac_address":"ESP:32:AA:BB:CC:01","sensors":{"temperature":33.6,"humidity":72.7,"ph":7.1}}
[2026-05-22T06:17:31.721Z] temperature => 33.6
[2026-05-22T06:17:31.729Z] temperature: 33.6 saved
[2026-05-22T06:17:31.740Z] Notification saved
[2026-05-22T06:17:31.740Z] humidity => 72.7
[2026-05-22T06:17:31.766Z] humidity: 72.7 saved
[2026-05-22T06:17:31.766Z] ph => 7.1
[2026-05-22T06:17:31.771Z] Topic: aquaponic/device/data
[2026-05-22T06:17:31.771Z] Payload: {"mac_address":"ESP:32:AA:BB:CC:01","sensors":{"temperature":33.6,"humidity":72.7,"ph":7.1}}
[2026-05-22T06:17:31.772Z] temperature => 33.6
[2026-05-22T06:17:31.773Z] ph: 7.1 saved
[2026-05-22T06:17:31.782Z] temperature: 33.6 saved
[2026-05-22T06:17:31.794Z] Notification saved
[2026-05-22T06:17:31.794Z] humidity => 72.7
[2026-05-22T06:17:31.811Z] humidity: 72.7 saved
[2026-05-22T06:17:31.811Z] ph => 7.1
[2026-05-22T06:17:31.822Z] ph: 7.1 saved
[2026-05-22T06:17:41.734Z] Topic: aquaponic/device/data
[2026-05-22T06:17:41.734Z] Payload: {"mac_address":"ESP:32:AA:BB:CC:01","sensors":{"temperature":24,"humidity":70.5,"ph":6.9}}
[2026-05-22T06:17:41.736Z] temperature => 24
[2026-05-22T06:17:41.747Z] temperature: 24 saved
[2026-05-22T06:17:41.747Z] humidity => 70.5
[2026-05-22T06:17:41.765Z] humidity: 70.5 saved
[2026-05-22T06:17:41.765Z] ph => 6.9
[2026-05-22T06:17:41.773Z] ph: 6.9 saved
[2026-05-22T06:17:41.784Z] Topic: aquaponic/device/data
[2026-05-22T06:17:41.784Z] Payload: {"mac_address":"ESP:32:AA:BB:CC:01","sensors":{"temperature":24,"humidity":70.5,"ph":6.9}}
[2026-05-22T06:17:41.785Z] temperature => 24
[2026-05-22T06:17:41.799Z] temperature: 24 saved
[2026-05-22T06:17:41.799Z] humidity => 70.5
[2026-05-22T06:17:41.809Z] humidity: 70.5 saved
[2026-05-22T06:17:41.809Z] ph => 6.9
[2026-05-22T06:17:41.818Z] ph: 6.9 saved
[2026-05-22T06:17:51.737Z] Topic: aquaponic/device/data
[2026-05-22T06:17:51.737Z] Payload: {"mac_address":"ESP:32:AA:BB:CC:01","sensors":{"temperature":30.8,"humidity":45.2,"ph":7}}
[2026-05-22T06:17:51.739Z] temperature => 30.8
[2026-05-22T06:17:51.748Z] temperature: 30.8 saved
[2026-05-22T06:17:51.748Z] humidity => 45.2
[2026-05-22T06:17:51.760Z] humidity: 45.2 saved
[2026-05-22T06:17:51.760Z] ph => 7
[2026-05-22T06:17:51.784Z] ph: 7 saved
[2026-05-22T06:17:51.792Z] Topic: aquaponic/device/data
[2026-05-22T06:17:51.792Z] Payload: {"mac_address":"ESP:32:AA:BB:CC:01","sensors":{"temperature":30.8,"humidity":45.2,"ph":7}}
[2026-05-22T06:17:51.793Z] temperature => 30.8
[2026-05-22T06:17:51.800Z] temperature: 30.8 saved
[2026-05-22T06:17:51.800Z] humidity => 45.2
[2026-05-22T06:17:51.808Z] humidity: 45.2 saved
[2026-05-22T06:17:51.808Z] ph => 7
[2026-05-22T06:17:51.819Z] ph: 7 saved
[2026-05-22T06:18:01.838Z] Topic: aquaponic/device/data
[2026-05-22T06:18:01.838Z] Payload: {"mac_address":"ESP:32:AA:BB:CC:01","sensors":{"temperature":29.4,"humidity":91.6,"ph":6.8}}
[2026-05-22T06:18:01.875Z] temperature => 29.4
[2026-05-22T06:18:01.926Z] Topic: aquaponic/device/data
[2026-05-22T06:18:01.926Z] Payload: {"mac_address":"ESP:32:AA:BB:CC:01","sensors":{"temperature":29.4,"humidity":91.6,"ph":6.8}}
[2026-05-22T06:18:01.944Z] temperature: 29.4 saved
[2026-05-22T06:18:01.945Z] humidity => 91.6
[2026-05-22T06:18:01.952Z] temperature => 29.4
[2026-05-22T06:18:02.016Z] humidity: 91.6 saved
[2026-05-22T06:18:02.018Z] temperature: 29.4 saved
[2026-05-22T06:18:02.019Z] humidity => 91.6
[2026-05-22T06:18:02.039Z] Notification saved
[2026-05-22T06:18:02.040Z] ph => 6.8
[2026-05-22T06:18:02.070Z] humidity: 91.6 saved
[2026-05-22T06:18:02.140Z] ph: 6.8 saved
[2026-05-22T06:18:02.175Z] Notification saved
[2026-05-22T06:18:02.175Z] ph => 6.8
[2026-05-22T06:18:02.219Z] ph: 6.8 saved
[2026-05-22T06:18:11.783Z] Topic: aquaponic/device/data
[2026-05-22T06:18:11.783Z] Payload: {"mac_address":"ESP:32:AA:BB:CC:01","sensors":{"temperature":24.5,"humidity":61.7,"ph":8.2}}
[2026-05-22T06:18:11.784Z] temperature => 24.5
[2026-05-22T06:18:11.804Z] temperature: 24.5 saved
[2026-05-22T06:18:11.804Z] humidity => 61.7
[2026-05-22T06:18:11.810Z] Topic: aquaponic/device/data
[2026-05-22T06:18:11.810Z] Payload: {"mac_address":"ESP:32:AA:BB:CC:01","sensors":{"temperature":24.5,"humidity":61.7,"ph":8.2}}
[2026-05-22T06:18:11.811Z] temperature => 24.5
[2026-05-22T06:18:11.814Z] humidity: 61.7 saved
[2026-05-22T06:18:11.814Z] ph => 8.2
[2026-05-22T06:18:11.822Z] temperature: 24.5 saved
[2026-05-22T06:18:11.822Z] humidity => 61.7
[2026-05-22T06:18:11.833Z] ph: 8.2 saved
[2026-05-22T06:18:11.850Z] Notification saved
[2026-05-22T06:18:11.850Z] humidity: 61.7 saved
[2026-05-22T06:18:11.850Z] ph => 8.2
[2026-05-22T06:18:11.865Z] ph: 8.2 saved
[2026-05-22T06:18:11.874Z] Notification saved
[2026-05-22T06:18:21.774Z] Topic: aquaponic/device/data
[2026-05-22T06:18:21.774Z] Payload: {"mac_address":"ESP:32:AA:BB:CC:01","sensors":{"temperature":16.3,"humidity":35.6,"ph":5.3}}
[2026-05-22T06:18:21.775Z] Topic: aquaponic/device/data
[2026-05-22T06:18:21.775Z] Payload: {"mac_address":"ESP:32:AA:BB:CC:01","sensors":{"temperature":16.3,"humidity":35.6,"ph":5.3}}
[2026-05-22T06:18:21.776Z] temperature => 16.3
[2026-05-22T06:18:21.776Z] temperature => 16.3
[2026-05-22T06:18:21.797Z] temperature: 16.3 saved
[2026-05-22T06:18:21.800Z] temperature: 16.3 saved
[2026-05-22T06:18:21.807Z] Notification saved
[2026-05-22T06:18:21.807Z] humidity => 35.6
[2026-05-22T06:18:21.818Z] Notification saved
[2026-05-22T06:18:21.818Z] humidity => 35.6
[2026-05-22T06:18:21.832Z] humidity: 35.6 saved
[2026-05-22T06:18:21.835Z] humidity: 35.6 saved
[2026-05-22T06:18:21.843Z] Notification saved
[2026-05-22T06:18:21.843Z] ph => 5.3
[2026-05-22T06:18:21.858Z] Notification saved
[2026-05-22T06:18:21.858Z] ph => 5.3
[2026-05-22T06:18:21.861Z] ph: 5.3 saved
[2026-05-22T06:18:21.869Z] ph: 5.3 saved
[2026-05-22T06:18:21.887Z] Notification saved
[2026-05-22T06:18:21.890Z] Notification saved
[2026-05-22T06:18:31.789Z] Topic: aquaponic/device/data
[2026-05-22T06:18:31.789Z] Payload: {"mac_address":"ESP:32:AA:BB:CC:01","sensors":{"temperature":19,"humidity":33,"ph":6.1}}
[2026-05-22T06:18:31.790Z] Topic: aquaponic/device/data
[2026-05-22T06:18:31.791Z] Payload: {"mac_address":"ESP:32:AA:BB:CC:01","sensors":{"temperature":19,"humidity":33,"ph":6.1}}
[2026-05-22T06:18:31.791Z] temperature => 19
[2026-05-22T06:18:31.792Z] temperature => 19
[2026-05-22T06:18:31.803Z] temperature: 19 saved
[2026-05-22T06:18:31.803Z] temperature: 19 saved
[2026-05-22T06:18:31.803Z] humidity => 33
[2026-05-22T06:18:31.803Z] humidity => 33
[2026-05-22T06:18:31.813Z] humidity: 33 saved
[2026-05-22T06:18:31.834Z] Notification saved
[2026-05-22T06:18:31.834Z] humidity: 33 saved
[2026-05-22T06:18:31.834Z] ph => 6.1
[2026-05-22T06:18:31.846Z] Notification saved
[2026-05-22T06:18:31.846Z] ph: 6.1 saved
[2026-05-22T06:18:31.846Z] ph => 6.1
[2026-05-22T06:18:31.856Z] ph: 6.1 saved
[2026-05-22T06:18:41.795Z] Topic: aquaponic/device/data
[2026-05-22T06:18:41.795Z] Payload: {"mac_address":"ESP:32:AA:BB:CC:01","sensors":{"temperature":15.2,"humidity":57.6,"ph":5.5}}
[2026-05-22T06:18:41.796Z] Topic: aquaponic/device/data
[2026-05-22T06:18:41.796Z] Payload: {"mac_address":"ESP:32:AA:BB:CC:01","sensors":{"temperature":15.2,"humidity":57.6,"ph":5.5}}
[2026-05-22T06:18:41.797Z] temperature => 15.2
[2026-05-22T06:18:41.797Z] temperature => 15.2
[2026-05-22T06:18:41.822Z] temperature: 15.2 saved
[2026-05-22T06:18:41.822Z] temperature: 15.2 saved
[2026-05-22T06:18:41.840Z] Notification saved
[2026-05-22T06:18:41.840Z] Notification saved
[2026-05-22T06:18:41.840Z] humidity => 57.6
[2026-05-22T06:18:41.840Z] humidity => 57.6
[2026-05-22T06:18:41.861Z] humidity: 57.6 saved
[2026-05-22T06:18:41.861Z] humidity: 57.6 saved
[2026-05-22T06:18:41.861Z] ph => 5.5
[2026-05-22T06:18:41.861Z] ph => 5.5
[2026-05-22T06:18:41.881Z] ph: 5.5 saved
[2026-05-22T06:18:41.881Z] ph: 5.5 saved
[2026-05-22T06:18:51.817Z] Topic: aquaponic/device/data
[2026-05-22T06:18:51.818Z] Payload: {"mac_address":"ESP:32:AA:BB:CC:01","sensors":{"temperature":25.5,"humidity":73.9,"ph":4.6}}
[2026-05-22T06:18:51.818Z] Topic: aquaponic/device/data
[2026-05-22T06:18:51.818Z] Payload: {"mac_address":"ESP:32:AA:BB:CC:01","sensors":{"temperature":25.5,"humidity":73.9,"ph":4.6}}
[2026-05-22T06:18:51.819Z] temperature => 25.5
[2026-05-22T06:18:51.820Z] temperature => 25.5
[2026-05-22T06:18:51.834Z] temperature: 25.5 saved
[2026-05-22T06:18:51.834Z] temperature: 25.5 saved
[2026-05-22T06:18:51.834Z] humidity => 73.9
[2026-05-22T06:18:51.834Z] humidity => 73.9
[2026-05-22T06:18:51.854Z] humidity: 73.9 saved
[2026-05-22T06:18:51.854Z] ph => 4.6
[2026-05-22T06:18:51.857Z] humidity: 73.9 saved
[2026-05-22T06:18:51.857Z] ph => 4.6
[2026-05-22T06:18:51.864Z] ph: 4.6 saved
[2026-05-22T06:18:51.880Z] ph: 4.6 saved
[2026-05-22T06:18:51.883Z] Notification saved
[2026-05-22T06:18:51.890Z] Notification saved
[2026-05-22T06:19:01.820Z] Topic: aquaponic/device/data
[2026-05-22T06:19:01.820Z] Payload: {"mac_address":"ESP:32:AA:BB:CC:01","sensors":{"temperature":26.7,"humidity":63.2,"ph":8.5}}
[2026-05-22T06:19:01.820Z] Topic: aquaponic/device/data
[2026-05-22T06:19:01.820Z] Payload: {"mac_address":"ESP:32:AA:BB:CC:01","sensors":{"temperature":26.7,"humidity":63.2,"ph":8.5}}
[2026-05-22T06:19:01.822Z] temperature => 26.7
[2026-05-22T06:19:01.822Z] temperature => 26.7
[2026-05-22T06:19:01.862Z] temperature: 26.7 saved
[2026-05-22T06:19:01.862Z] temperature: 26.7 saved
[2026-05-22T06:19:01.862Z] humidity => 63.2
[2026-05-22T06:19:01.862Z] humidity => 63.2
[2026-05-22T06:19:01.891Z] humidity: 63.2 saved
[2026-05-22T06:19:01.891Z] humidity: 63.2 saved
[2026-05-22T06:19:01.891Z] ph => 8.5
[2026-05-22T06:19:01.891Z] ph => 8.5
[2026-05-22T06:19:01.917Z] ph: 8.5 saved
[2026-05-22T06:19:01.936Z] ph: 8.5 saved
[2026-05-22T06:19:01.955Z] Notification saved
[2026-05-22T06:19:01.955Z] Notification saved
[2026-05-22T06:19:11.852Z] Topic: aquaponic/device/data
[2026-05-22T06:19:11.852Z] Payload: {"mac_address":"ESP:32:AA:BB:CC:01","sensors":{"temperature":17.6,"humidity":87.8,"ph":8.8}}
[2026-05-22T06:19:11.853Z] Topic: aquaponic/device/data
[2026-05-22T06:19:11.853Z] Payload: {"mac_address":"ESP:32:AA:BB:CC:01","sensors":{"temperature":17.6,"humidity":87.8,"ph":8.8}}
[2026-05-22T06:19:11.854Z] temperature => 17.6
[2026-05-22T06:19:11.855Z] temperature => 17.6
[2026-05-22T06:19:11.869Z] temperature: 17.6 saved
[2026-05-22T06:19:11.877Z] temperature: 17.6 saved
[2026-05-22T06:19:11.883Z] Notification saved
[2026-05-22T06:19:11.883Z] humidity => 87.8
[2026-05-22T06:19:11.891Z] Notification saved
[2026-05-22T06:19:11.891Z] humidity => 87.8
[2026-05-22T06:19:11.899Z] humidity: 87.8 saved
[2026-05-22T06:19:11.908Z] humidity: 87.8 saved
[2026-05-22T06:19:11.914Z] Notification saved
[2026-05-22T06:19:11.915Z] ph => 8.8
[2026-05-22T06:19:11.931Z] Notification saved
[2026-05-22T06:19:11.931Z] ph => 8.8
[2026-05-22T06:19:11.943Z] ph: 8.8 saved
[2026-05-22T06:19:11.951Z] ph: 8.8 saved
[2026-05-22T06:19:11.958Z] Notification saved
[2026-05-22T06:19:11.972Z] Notification saved
[2026-05-22T06:19:21.878Z] Topic: aquaponic/device/data
[2026-05-22T06:19:21.879Z] Payload: {"mac_address":"ESP:32:AA:BB:CC:01","sensors":{"temperature":19.8,"humidity":93.6,"ph":8.2}}
[2026-05-22T06:19:21.879Z] Topic: aquaponic/device/data
[2026-05-22T06:19:21.879Z] Payload: {"mac_address":"ESP:32:AA:BB:CC:01","sensors":{"temperature":19.8,"humidity":93.6,"ph":8.2}}
[2026-05-22T06:19:21.880Z] temperature => 19.8
[2026-05-22T06:19:21.881Z] temperature => 19.8
[2026-05-22T06:19:21.897Z] temperature: 19.8 saved
[2026-05-22T06:19:21.897Z] humidity => 93.6
[2026-05-22T06:19:21.904Z] temperature: 19.8 saved
[2026-05-22T06:19:21.904Z] humidity => 93.6
[2026-05-22T06:19:21.913Z] humidity: 93.6 saved
[2026-05-22T06:19:21.919Z] humidity: 93.6 saved
[2026-05-22T06:19:21.926Z] Notification saved
[2026-05-22T06:19:21.926Z] ph => 8.2
[2026-05-22T06:19:21.929Z] Notification saved
[2026-05-22T06:19:21.929Z] ph => 8.2
[2026-05-22T06:19:21.935Z] ph: 8.2 saved
[2026-05-22T06:19:21.955Z] ph: 8.2 saved
[2026-05-22T06:19:21.958Z] Notification saved
[2026-05-22T06:19:21.973Z] Notification saved
[2026-05-22T06:19:31.860Z] Topic: aquaponic/device/data
[2026-05-22T06:19:31.860Z] Payload: {"mac_address":"ESP:32:AA:BB:CC:01","sensors":{"temperature":23.6,"humidity":52.9,"ph":5.8}}
[2026-05-22T06:19:31.860Z] Topic: aquaponic/device/data
[2026-05-22T06:19:31.860Z] Payload: {"mac_address":"ESP:32:AA:BB:CC:01","sensors":{"temperature":23.6,"humidity":52.9,"ph":5.8}}
[2026-05-22T06:19:31.861Z] temperature => 23.6
[2026-05-22T06:19:31.862Z] temperature => 23.6
[2026-05-22T06:19:31.876Z] temperature: 23.6 saved
[2026-05-22T06:19:31.876Z] humidity => 52.9
[2026-05-22T06:19:31.880Z] temperature: 23.6 saved
[2026-05-22T06:19:31.880Z] humidity => 52.9
[2026-05-22T06:19:31.891Z] humidity: 52.9 saved
[2026-05-22T06:19:31.892Z] ph => 5.8
[2026-05-22T06:19:31.898Z] humidity: 52.9 saved
[2026-05-22T06:19:31.898Z] ph => 5.8
[2026-05-22T06:19:31.908Z] ph: 5.8 saved
[2026-05-22T06:19:31.918Z] ph: 5.8 saved
[2026-05-22T06:19:41.962Z] Topic: aquaponic/device/data
[2026-05-22T06:19:41.962Z] Payload: {"mac_address":"ESP:32:AA:BB:CC:01","sensors":{"temperature":16.2,"humidity":63,"ph":4}}
[2026-05-22T06:19:41.962Z] Topic: aquaponic/device/data
[2026-05-22T06:19:41.962Z] Payload: {"mac_address":"ESP:32:AA:BB:CC:01","sensors":{"temperature":16.2,"humidity":63,"ph":4}}
[2026-05-22T06:19:41.963Z] temperature => 16.2
[2026-05-22T06:19:41.964Z] temperature => 16.2
[2026-05-22T06:19:41.973Z] temperature: 16.2 saved
[2026-05-22T06:19:41.990Z] Notification saved
[2026-05-22T06:19:41.990Z] temperature: 16.2 saved
[2026-05-22T06:19:41.991Z] humidity => 63
[2026-05-22T06:19:41.999Z] humidity: 63 saved
[2026-05-22T06:19:41.999Z] Notification saved
[2026-05-22T06:19:41.999Z] ph => 4
[2026-05-22T06:19:41.999Z] humidity => 63
[2026-05-22T06:19:42.031Z] ph: 4 saved
[2026-05-22T06:19:42.031Z] humidity: 63 saved
[2026-05-22T06:19:42.031Z] ph => 4
[2026-05-22T06:19:42.044Z] ph: 4 saved
[2026-05-22T06:19:42.044Z] Notification saved
[2026-05-22T06:19:42.059Z] Notification saved
[2026-05-22T06:19:51.904Z] Topic: aquaponic/device/data
[2026-05-22T06:19:51.904Z] Payload: {"mac_address":"ESP:32:AA:BB:CC:01","sensors":{"temperature":20.7,"humidity":94.9,"ph":8.2}}
[2026-05-22T06:19:51.905Z] Topic: aquaponic/device/data
[2026-05-22T06:19:51.905Z] Payload: {"mac_address":"ESP:32:AA:BB:CC:01","sensors":{"temperature":20.7,"humidity":94.9,"ph":8.2}}
[2026-05-22T06:19:51.906Z] temperature => 20.7
[2026-05-22T06:19:51.906Z] temperature => 20.7
[2026-05-22T06:19:51.918Z] temperature: 20.7 saved
[2026-05-22T06:19:51.918Z] humidity => 94.9
[2026-05-22T06:19:51.924Z] temperature: 20.7 saved
[2026-05-22T06:19:51.924Z] humidity => 94.9
[2026-05-22T06:19:51.931Z] humidity: 94.9 saved
[2026-05-22T06:19:51.943Z] humidity: 94.9 saved
[2026-05-22T06:19:51.960Z] Notification saved
[2026-05-22T06:19:51.960Z] ph => 8.2
[2026-05-22T06:19:51.963Z] Notification saved
[2026-05-22T06:19:51.963Z] ph => 8.2
[2026-05-22T06:19:51.976Z] ph: 8.2 saved
[2026-05-22T06:19:51.987Z] ph: 8.2 saved
[2026-05-22T06:19:52.002Z] Notification saved
[2026-05-22T06:19:52.013Z] Notification saved
[2026-05-22T06:20:01.939Z] Topic: aquaponic/device/data
[2026-05-22T06:20:01.939Z] Payload: {"mac_address":"ESP:32:AA:BB:CC:01","sensors":{"temperature":28.7,"humidity":58.5,"ph":8.8}}
[2026-05-22T06:20:01.963Z] temperature => 28.7
[2026-05-22T06:20:02.025Z] Topic: aquaponic/device/data
[2026-05-22T06:20:02.025Z] Payload: {"mac_address":"ESP:32:AA:BB:CC:01","sensors":{"temperature":28.7,"humidity":58.5,"ph":8.8}}
[2026-05-22T06:20:02.037Z] temperature => 28.7
[2026-05-22T06:20:02.048Z] temperature: 28.7 saved
[2026-05-22T06:20:02.048Z] humidity => 58.5
[2026-05-22T06:20:02.089Z] temperature: 28.7 saved
[2026-05-22T06:20:02.089Z] humidity => 58.5
[2026-05-22T06:20:02.123Z] humidity: 58.5 saved
[2026-05-22T06:20:02.124Z] ph => 8.8
[2026-05-22T06:20:02.145Z] humidity: 58.5 saved
[2026-05-22T06:20:02.145Z] ph => 8.8
[2026-05-22T06:20:02.171Z] ph: 8.8 saved
[2026-05-22T06:20:02.199Z] ph: 8.8 saved
[2026-05-22T06:20:02.229Z] Notification saved
[2026-05-22T06:20:02.314Z] Notification saved
[2026-05-22T06:20:11.906Z] Topic: aquaponic/device/data
[2026-05-22T06:20:11.907Z] Payload: {"mac_address":"ESP:32:AA:BB:CC:01","sensors":{"temperature":20,"humidity":35.3,"ph":6.6}}
[2026-05-22T06:20:11.907Z] Topic: aquaponic/device/data
[2026-05-22T06:20:11.907Z] Payload: {"mac_address":"ESP:32:AA:BB:CC:01","sensors":{"temperature":20,"humidity":35.3,"ph":6.6}}
[2026-05-22T06:20:11.908Z] temperature => 20
[2026-05-22T06:20:11.908Z] temperature => 20
[2026-05-22T06:20:12.081Z] temperature: 20 saved
[2026-05-22T06:20:12.081Z] temperature: 20 saved
[2026-05-22T06:20:12.081Z] humidity => 35.3
[2026-05-22T06:20:12.081Z] humidity => 35.3
[2026-05-22T06:20:12.105Z] humidity: 35.3 saved
[2026-05-22T06:20:12.105Z] humidity: 35.3 saved
[2026-05-22T06:20:12.121Z] Notification saved
[2026-05-22T06:20:12.121Z] Notification saved
[2026-05-22T06:20:12.121Z] ph => 6.6
[2026-05-22T06:20:12.121Z] ph => 6.6
[2026-05-22T06:20:12.132Z] ph: 6.6 saved
[2026-05-22T06:20:12.132Z] ph: 6.6 saved
[2026-05-22T06:20:21.992Z] Topic: aquaponic/device/data
[2026-05-22T06:20:21.993Z] Payload: {"mac_address":"ESP:32:AA:BB:CC:01","sensors":{"temperature":33.9,"humidity":72.7,"ph":6.2}}
[2026-05-22T06:20:21.993Z] Topic: aquaponic/device/data
[2026-05-22T06:20:21.993Z] Payload: {"mac_address":"ESP:32:AA:BB:CC:01","sensors":{"temperature":33.9,"humidity":72.7,"ph":6.2}}
[2026-05-22T06:20:21.994Z] temperature => 33.9
[2026-05-22T06:20:21.995Z] temperature => 33.9
[2026-05-22T06:20:22.003Z] temperature: 33.9 saved
[2026-05-22T06:20:22.006Z] temperature: 33.9 saved
[2026-05-22T06:20:22.013Z] Notification saved
[2026-05-22T06:20:22.014Z] humidity => 72.7
[2026-05-22T06:20:22.026Z] Notification saved
[2026-05-22T06:20:22.026Z] humidity => 72.7
[2026-05-22T06:20:22.043Z] humidity: 72.7 saved
[2026-05-22T06:20:22.043Z] ph => 6.2
[2026-05-22T06:20:22.052Z] humidity: 72.7 saved
[2026-05-22T06:20:22.052Z] ph => 6.2
[2026-05-22T06:20:22.065Z] ph: 6.2 saved
[2026-05-22T06:20:22.068Z] ph: 6.2 saved
[2026-05-22T06:20:31.933Z] Topic: aquaponic/device/data
[2026-05-22T06:20:31.933Z] Payload: {"mac_address":"ESP:32:AA:BB:CC:01","sensors":{"temperature":30.9,"humidity":53.5,"ph":4.2}}
[2026-05-22T06:20:31.934Z] Topic: aquaponic/device/data
[2026-05-22T06:20:31.934Z] Payload: {"mac_address":"ESP:32:AA:BB:CC:01","sensors":{"temperature":30.9,"humidity":53.5,"ph":4.2}}
[2026-05-22T06:20:31.935Z] temperature => 30.9
[2026-05-22T06:20:31.935Z] temperature => 30.9
[2026-05-22T06:20:31.948Z] temperature: 30.9 saved
[2026-05-22T06:20:31.949Z] humidity => 53.5
[2026-05-22T06:20:31.957Z] temperature: 30.9 saved
[2026-05-22T06:20:31.957Z] humidity => 53.5
[2026-05-22T06:20:31.974Z] humidity: 53.5 saved
[2026-05-22T06:20:31.974Z] ph => 4.2
[2026-05-22T06:20:31.977Z] humidity: 53.5 saved
[2026-05-22T06:20:31.977Z] ph => 4.2
[2026-05-22T06:20:31.986Z] ph: 4.2 saved
[2026-05-22T06:20:31.993Z] ph: 4.2 saved
[2026-05-22T06:20:32.015Z] Notification saved
[2026-05-22T06:20:32.021Z] Notification saved
[2026-05-22T06:20:41.942Z] Topic: aquaponic/device/data
[2026-05-22T06:20:41.942Z] Payload: {"mac_address":"ESP:32:AA:BB:CC:01","sensors":{"temperature":28.4,"humidity":56.6,"ph":5}}
[2026-05-22T06:20:41.943Z] Topic: aquaponic/device/data
[2026-05-22T06:20:41.943Z] Payload: {"mac_address":"ESP:32:AA:BB:CC:01","sensors":{"temperature":28.4,"humidity":56.6,"ph":5}}
[2026-05-22T06:20:41.944Z] temperature => 28.4
[2026-05-22T06:20:41.944Z] temperature => 28.4
[2026-05-22T06:20:41.955Z] temperature: 28.4 saved
[2026-05-22T06:20:41.955Z] humidity => 56.6
[2026-05-22T06:20:41.970Z] temperature: 28.4 saved
[2026-05-22T06:20:41.970Z] humidity => 56.6
[2026-05-22T06:20:41.986Z] humidity: 56.6 saved
[2026-05-22T06:20:41.986Z] ph => 5
[2026-05-22T06:20:41.989Z] humidity: 56.6 saved
[2026-05-22T06:20:41.989Z] ph => 5
[2026-05-22T06:20:41.996Z] ph: 5 saved
[2026-05-22T06:20:42.004Z] ph: 5 saved
[2026-05-22T06:20:42.017Z] Notification saved
[2026-05-22T06:20:42.021Z] Notification saved
[2026-05-22T06:20:51.955Z] Topic: aquaponic/device/data
[2026-05-22T06:20:51.955Z] Payload: {"mac_address":"ESP:32:AA:BB:CC:01","sensors":{"temperature":22.8,"humidity":85,"ph":8.7}}
[2026-05-22T06:20:51.956Z] Topic: aquaponic/device/data
[2026-05-22T06:20:51.956Z] Payload: {"mac_address":"ESP:32:AA:BB:CC:01","sensors":{"temperature":22.8,"humidity":85,"ph":8.7}}
[2026-05-22T06:20:51.956Z] temperature => 22.8
[2026-05-22T06:20:51.957Z] temperature => 22.8
[2026-05-22T06:20:51.973Z] temperature: 22.8 saved
[2026-05-22T06:20:51.973Z] humidity => 85
[2026-05-22T06:20:51.984Z] temperature: 22.8 saved
[2026-05-22T06:20:51.984Z] humidity => 85
[2026-05-22T06:20:52.000Z] humidity: 85 saved
[2026-05-22T06:20:52.000Z] ph => 8.7
[2026-05-22T06:20:52.002Z] humidity: 85 saved
[2026-05-22T06:20:52.003Z] ph => 8.7
[2026-05-22T06:20:52.013Z] ph: 8.7 saved
[2026-05-22T06:20:52.031Z] ph: 8.7 saved
[2026-05-22T06:20:52.031Z] Notification saved
[2026-05-22T06:20:52.047Z] Notification saved
[2026-05-22T06:21:01.978Z] Topic: aquaponic/device/data
[2026-05-22T06:21:01.978Z] Payload: {"mac_address":"ESP:32:AA:BB:CC:01","sensors":{"temperature":30.9,"humidity":51.9,"ph":6.6}}
[2026-05-22T06:21:01.980Z] temperature => 30.9
[2026-05-22T06:21:01.980Z] Topic: aquaponic/device/data
[2026-05-22T06:21:01.981Z] Payload: {"mac_address":"ESP:32:AA:BB:CC:01","sensors":{"temperature":30.9,"humidity":51.9,"ph":6.6}}
[2026-05-22T06:21:02.011Z] temperature => 30.9
[2026-05-22T06:21:02.021Z] temperature: 30.9 saved
[2026-05-22T06:21:02.021Z] humidity => 51.9
[2026-05-22T06:21:02.062Z] temperature: 30.9 saved
[2026-05-22T06:21:02.063Z] humidity => 51.9
[2026-05-22T06:21:02.063Z] humidity: 51.9 saved
[2026-05-22T06:21:02.063Z] ph => 6.6
[2026-05-22T06:21:02.076Z] humidity: 51.9 saved
[2026-05-22T06:21:02.076Z] ph => 6.6
[2026-05-22T06:21:02.093Z] ph: 6.6 saved
[2026-05-22T06:21:02.100Z] ph: 6.6 saved
[2026-05-22T06:21:11.982Z] Topic: aquaponic/device/data
[2026-05-22T06:21:11.983Z] Payload: {"mac_address":"ESP:32:AA:BB:CC:01","sensors":{"temperature":24.5,"humidity":33.1,"ph":8.8}}
[2026-05-22T06:21:11.983Z] Topic: aquaponic/device/data
[2026-05-22T06:21:11.983Z] Payload: {"mac_address":"ESP:32:AA:BB:CC:01","sensors":{"temperature":24.5,"humidity":33.1,"ph":8.8}}
[2026-05-22T06:21:11.984Z] temperature => 24.5
[2026-05-22T06:21:11.984Z] temperature => 24.5
[2026-05-22T06:21:11.994Z] temperature: 24.5 saved
[2026-05-22T06:21:11.994Z] temperature: 24.5 saved
[2026-05-22T06:21:11.994Z] humidity => 33.1
[2026-05-22T06:21:11.994Z] humidity => 33.1
[2026-05-22T06:21:12.014Z] humidity: 33.1 saved
[2026-05-22T06:21:12.017Z] humidity: 33.1 saved
[2026-05-22T06:21:12.024Z] Notification saved
[2026-05-22T06:21:12.024Z] ph => 8.8
[2026-05-22T06:21:12.036Z] Notification saved
[2026-05-22T06:21:12.036Z] ph => 8.8
[2026-05-22T06:21:12.043Z] ph: 8.8 saved
[2026-05-22T06:21:12.058Z] ph: 8.8 saved
[2026-05-22T06:21:12.061Z] Notification saved
[2026-05-22T06:21:12.073Z] Notification saved
[2026-05-22T06:21:22.352Z] Topic: aquaponic/device/data
[2026-05-22T06:21:22.353Z] Payload: {"mac_address":"ESP:32:AA:BB:CC:01","sensors":{"temperature":29.1,"humidity":58.4,"ph":4.2}}
[2026-05-22T06:21:22.353Z] Topic: aquaponic/device/data
[2026-05-22T06:21:22.353Z] Payload: {"mac_address":"ESP:32:AA:BB:CC:01","sensors":{"temperature":29.1,"humidity":58.4,"ph":4.2}}
[2026-05-22T06:21:22.354Z] temperature => 29.1
[2026-05-22T06:21:22.354Z] temperature => 29.1
[2026-05-22T06:21:22.363Z] temperature: 29.1 saved
[2026-05-22T06:21:22.363Z] humidity => 58.4
[2026-05-22T06:21:22.367Z] temperature: 29.1 saved
[2026-05-22T06:21:22.367Z] humidity => 58.4
[2026-05-22T06:21:22.386Z] humidity: 58.4 saved
[2026-05-22T06:21:22.387Z] ph => 4.2
[2026-05-22T06:21:22.397Z] humidity: 58.4 saved
[2026-05-22T06:21:22.398Z] ph => 4.2
[2026-05-22T06:21:22.410Z] ph: 4.2 saved
[2026-05-22T06:21:22.416Z] ph: 4.2 saved
[2026-05-22T06:21:22.427Z] Notification saved
[2026-05-22T06:21:22.436Z] Notification saved
[2026-05-22T06:21:32.094Z] Topic: aquaponic/device/data
[2026-05-22T06:21:32.094Z] Payload: {"mac_address":"ESP:32:AA:BB:CC:01","sensors":{"temperature":34.5,"humidity":80,"ph":6.6}}
[2026-05-22T06:21:32.094Z] Topic: aquaponic/device/data
[2026-05-22T06:21:32.095Z] Payload: {"mac_address":"ESP:32:AA:BB:CC:01","sensors":{"temperature":34.5,"humidity":80,"ph":6.6}}
[2026-05-22T06:21:32.095Z] temperature => 34.5
[2026-05-22T06:21:32.096Z] temperature => 34.5
[2026-05-22T06:21:32.112Z] temperature: 34.5 saved
[2026-05-22T06:21:32.115Z] temperature: 34.5 saved
[2026-05-22T06:21:32.123Z] Notification saved
[2026-05-22T06:21:32.123Z] humidity => 80
[2026-05-22T06:21:32.136Z] Notification saved
[2026-05-22T06:21:32.137Z] humidity => 80
[2026-05-22T06:21:32.144Z] humidity: 80 saved
[2026-05-22T06:21:32.144Z] ph => 6.6
[2026-05-22T06:21:32.161Z] humidity: 80 saved
[2026-05-22T06:21:32.162Z] ph => 6.6
[2026-05-22T06:21:32.185Z] ph: 6.6 saved
[2026-05-22T06:21:32.200Z] ph: 6.6 saved
[2026-05-22T06:21:42.019Z] Topic: aquaponic/device/data
[2026-05-22T06:21:42.020Z] Payload: {"mac_address":"ESP:32:AA:BB:CC:01","sensors":{"temperature":32.9,"humidity":58,"ph":7}}
[2026-05-22T06:21:42.020Z] Topic: aquaponic/device/data
[2026-05-22T06:21:42.020Z] Payload: {"mac_address":"ESP:32:AA:BB:CC:01","sensors":{"temperature":32.9,"humidity":58,"ph":7}}
[2026-05-22T06:21:42.021Z] temperature => 32.9
[2026-05-22T06:21:42.023Z] temperature => 32.9
[2026-05-22T06:21:42.041Z] temperature: 32.9 saved
[2026-05-22T06:21:42.041Z] temperature: 32.9 saved
[2026-05-22T06:21:42.054Z] Notification saved
[2026-05-22T06:21:42.054Z] humidity => 58
[2026-05-22T06:21:42.066Z] Notification saved
[2026-05-22T06:21:42.066Z] humidity => 58
[2026-05-22T06:21:42.080Z] humidity: 58 saved
[2026-05-22T06:21:42.080Z] ph => 7
[2026-05-22T06:21:42.086Z] humidity: 58 saved
[2026-05-22T06:21:42.086Z] ph => 7
[2026-05-22T06:21:42.093Z] ph: 7 saved
[2026-05-22T06:21:42.105Z] ph: 7 saved
[2026-05-22T06:21:52.029Z] Topic: aquaponic/device/data
[2026-05-22T06:21:52.029Z] Payload: {"mac_address":"ESP:32:AA:BB:CC:01","sensors":{"temperature":31.6,"humidity":89.2,"ph":8.8}}
[2026-05-22T06:21:52.029Z] Topic: aquaponic/device/data
[2026-05-22T06:21:52.029Z] Payload: {"mac_address":"ESP:32:AA:BB:CC:01","sensors":{"temperature":31.6,"humidity":89.2,"ph":8.8}}
[2026-05-22T06:21:52.031Z] temperature => 31.6
[2026-05-22T06:21:52.031Z] temperature => 31.6
[2026-05-22T06:21:52.053Z] temperature: 31.6 saved
[2026-05-22T06:21:52.053Z] temperature: 31.6 saved
[2026-05-22T06:21:52.053Z] humidity => 89.2
[2026-05-22T06:21:52.053Z] humidity => 89.2
[2026-05-22T06:21:52.064Z] humidity: 89.2 saved
[2026-05-22T06:21:52.064Z] humidity: 89.2 saved
[2026-05-22T06:21:52.090Z] Notification saved
[2026-05-22T06:21:52.090Z] Notification saved
[2026-05-22T06:21:52.090Z] ph => 8.8
[2026-05-22T06:21:52.090Z] ph => 8.8
[2026-05-22T06:21:52.103Z] ph: 8.8 saved
[2026-05-22T06:21:52.103Z] ph: 8.8 saved
[2026-05-22T06:21:52.117Z] Notification saved
[2026-05-22T06:21:52.117Z] Notification saved
[2026-05-22T06:22:02.041Z] Topic: aquaponic/device/data
[2026-05-22T06:22:02.041Z] Topic: aquaponic/device/data
[2026-05-22T06:22:02.041Z] Payload: {"mac_address":"ESP:32:AA:BB:CC:01","sensors":{"temperature":19.4,"humidity":37.3,"ph":6.6}}
[2026-05-22T06:22:02.041Z] Payload: {"mac_address":"ESP:32:AA:BB:CC:01","sensors":{"temperature":19.4,"humidity":37.3,"ph":6.6}}
[2026-05-22T06:22:02.051Z] temperature => 19.4
[2026-05-22T06:22:02.051Z] temperature => 19.4
[2026-05-22T06:22:02.076Z] temperature: 19.4 saved
[2026-05-22T06:22:02.076Z] temperature: 19.4 saved
[2026-05-22T06:22:02.076Z] humidity => 37.3
[2026-05-22T06:22:02.076Z] humidity => 37.3
[2026-05-22T06:22:02.091Z] humidity: 37.3 saved
[2026-05-22T06:22:02.142Z] humidity: 37.3 saved
[2026-05-22T06:22:02.146Z] Notification saved
[2026-05-22T06:22:02.146Z] ph => 6.6
[2026-05-22T06:22:02.165Z] Notification saved
[2026-05-22T06:22:02.165Z] ph => 6.6
[2026-05-22T06:22:02.195Z] ph: 6.6 saved
[2026-05-22T06:22:02.211Z] ph: 6.6 saved
[2026-05-22T06:22:12.052Z] Topic: aquaponic/device/data
[2026-05-22T06:22:12.052Z] Payload: {"mac_address":"ESP:32:AA:BB:CC:01","sensors":{"temperature":17.4,"humidity":34.7,"ph":5.7}}
[2026-05-22T06:22:12.053Z] Topic: aquaponic/device/data
[2026-05-22T06:22:12.053Z] Payload: {"mac_address":"ESP:32:AA:BB:CC:01","sensors":{"temperature":17.4,"humidity":34.7,"ph":5.7}}
[2026-05-22T06:22:12.053Z] temperature => 17.4
[2026-05-22T06:22:12.054Z] temperature => 17.4
[2026-05-22T06:22:12.064Z] temperature: 17.4 saved
[2026-05-22T06:22:12.071Z] temperature: 17.4 saved
[2026-05-22T06:22:12.099Z] Notification saved
[2026-05-22T06:22:12.099Z] Notification saved
[2026-05-22T06:22:12.100Z] humidity => 34.7
[2026-05-22T06:22:12.100Z] humidity => 34.7
[2026-05-22T06:22:12.107Z] humidity: 34.7 saved
[2026-05-22T06:22:12.107Z] humidity: 34.7 saved
[2026-05-22T06:22:12.114Z] Notification saved
[2026-05-22T06:22:12.114Z] ph => 5.7
[2026-05-22T06:22:12.122Z] Notification saved
[2026-05-22T06:22:12.122Z] ph => 5.7
[2026-05-22T06:22:12.133Z] ph: 5.7 saved
[2026-05-22T06:22:12.152Z] ph: 5.7 saved
[2026-05-22T06:22:22.077Z] Topic: aquaponic/device/data
[2026-05-22T06:22:22.077Z] Payload: {"mac_address":"ESP:32:AA:BB:CC:01","sensors":{"temperature":24.7,"humidity":44.7,"ph":7.8}}
[2026-05-22T06:22:22.077Z] Topic: aquaponic/device/data
[2026-05-22T06:22:22.078Z] Payload: {"mac_address":"ESP:32:AA:BB:CC:01","sensors":{"temperature":24.7,"humidity":44.7,"ph":7.8}}
[2026-05-22T06:22:22.078Z] temperature => 24.7
[2026-05-22T06:22:22.079Z] temperature => 24.7
[2026-05-22T06:22:22.090Z] temperature: 24.7 saved
[2026-05-22T06:22:22.090Z] humidity => 44.7
[2026-05-22T06:22:22.093Z] temperature: 24.7 saved
[2026-05-22T06:22:22.094Z] humidity => 44.7
[2026-05-22T06:22:22.103Z] humidity: 44.7 saved
[2026-05-22T06:22:22.103Z] ph => 7.8
[2026-05-22T06:22:22.124Z] humidity: 44.7 saved
[2026-05-22T06:22:22.124Z] ph => 7.8
[2026-05-22T06:22:22.132Z] ph: 7.8 saved
[2026-05-22T06:22:22.143Z] ph: 7.8 saved
[2026-05-22T06:22:22.151Z] Notification saved
[2026-05-22T06:22:22.168Z] Notification saved
[2026-05-22T06:22:32.082Z] Topic: aquaponic/device/data
[2026-05-22T06:22:32.082Z] Topic: aquaponic/device/data
[2026-05-22T06:22:32.082Z] Payload: {"mac_address":"ESP:32:AA:BB:CC:01","sensors":{"temperature":32.4,"humidity":74.7,"ph":5.1}}
[2026-05-22T06:22:32.082Z] Payload: {"mac_address":"ESP:32:AA:BB:CC:01","sensors":{"temperature":32.4,"humidity":74.7,"ph":5.1}}
[2026-05-22T06:22:32.083Z] temperature => 32.4
[2026-05-22T06:22:32.084Z] temperature => 32.4
[2026-05-22T06:22:32.113Z] temperature: 32.4 saved
[2026-05-22T06:22:32.115Z] temperature: 32.4 saved
[2026-05-22T06:22:32.126Z] Notification saved
[2026-05-22T06:22:32.127Z] humidity => 74.7
[2026-05-22T06:22:32.133Z] Notification saved
[2026-05-22T06:22:32.134Z] humidity => 74.7
[2026-05-22T06:22:32.140Z] humidity: 74.7 saved
[2026-05-22T06:22:32.140Z] ph => 5.1
[2026-05-22T06:22:32.151Z] humidity: 74.7 saved
[2026-05-22T06:22:32.151Z] ph => 5.1
[2026-05-22T06:22:32.160Z] ph: 5.1 saved
[2026-05-22T06:22:32.188Z] Notification saved
[2026-05-22T06:22:32.188Z] ph: 5.1 saved
[2026-05-22T06:22:32.208Z] Notification saved
[2026-05-22T06:22:42.188Z] Topic: aquaponic/device/data
[2026-05-22T06:22:42.188Z] Payload: {"mac_address":"ESP:32:AA:BB:CC:01","sensors":{"temperature":35,"humidity":80.7,"ph":4.5}}
[2026-05-22T06:22:42.188Z] Topic: aquaponic/device/data
[2026-05-22T06:22:42.189Z] Payload: {"mac_address":"ESP:32:AA:BB:CC:01","sensors":{"temperature":35,"humidity":80.7,"ph":4.5}}
[2026-05-22T06:22:42.189Z] temperature => 35
[2026-05-22T06:22:42.190Z] temperature => 35
[2026-05-22T06:22:42.200Z] temperature: 35 saved
[2026-05-22T06:22:42.203Z] temperature: 35 saved
[2026-05-22T06:22:42.212Z] Notification saved
[2026-05-22T06:22:42.212Z] humidity => 80.7
[2026-05-22T06:22:42.233Z] humidity: 80.7 saved
[2026-05-22T06:22:42.234Z] ph => 4.5
[2026-05-22T06:22:42.237Z] Notification saved
[2026-05-22T06:22:42.237Z] humidity => 80.7
[2026-05-22T06:22:42.243Z] ph: 4.5 saved
[2026-05-22T06:22:42.250Z] humidity: 80.7 saved
[2026-05-22T06:22:42.250Z] ph => 4.5
[2026-05-22T06:22:42.261Z] Notification saved
[2026-05-22T06:22:42.268Z] ph: 4.5 saved
[2026-05-22T06:22:42.278Z] Notification saved
[2026-05-22T06:22:52.103Z] Topic: aquaponic/device/data
[2026-05-22T06:22:52.103Z] Payload: {"mac_address":"ESP:32:AA:BB:CC:01","sensors":{"temperature":15.9,"humidity":93.7,"ph":7.1}}
[2026-05-22T06:22:52.104Z] Topic: aquaponic/device/data
[2026-05-22T06:22:52.104Z] Payload: {"mac_address":"ESP:32:AA:BB:CC:01","sensors":{"temperature":15.9,"humidity":93.7,"ph":7.1}}
[2026-05-22T06:22:52.105Z] temperature => 15.9
[2026-05-22T06:22:52.106Z] temperature => 15.9
[2026-05-22T06:22:52.116Z] temperature: 15.9 saved
[2026-05-22T06:22:52.119Z] temperature: 15.9 saved
[2026-05-22T06:22:52.128Z] Notification saved
[2026-05-22T06:22:52.128Z] humidity => 93.7
[2026-05-22T06:22:52.143Z] Notification saved
[2026-05-22T06:22:52.143Z] humidity => 93.7
[2026-05-22T06:22:52.152Z] humidity: 93.7 saved
[2026-05-22T06:22:52.163Z] humidity: 93.7 saved
[2026-05-22T06:22:52.172Z] Notification saved
[2026-05-22T06:22:52.172Z] ph => 7.1
[2026-05-22T06:22:52.179Z] Notification saved
[2026-05-22T06:22:52.179Z] ph => 7.1
[2026-05-22T06:22:52.188Z] ph: 7.1 saved
[2026-05-22T06:22:52.205Z] ph: 7.1 saved
[2026-05-22T06:23:02.113Z] Topic: aquaponic/device/data
[2026-05-22T06:23:02.113Z] Payload: {"mac_address":"ESP:32:AA:BB:CC:01","sensors":{"temperature":15.3,"humidity":77.3,"ph":8.9}}
[2026-05-22T06:23:02.114Z] temperature => 15.3
[2026-05-22T06:23:02.130Z] temperature: 15.3 saved
[2026-05-22T06:23:02.145Z] Notification saved
[2026-05-22T06:23:02.146Z] humidity => 77.3
[2026-05-22T06:23:02.165Z] humidity: 77.3 saved
[2026-05-22T06:23:02.166Z] ph => 8.9
[2026-05-22T06:23:02.176Z] ph: 8.9 saved
[2026-05-22T06:23:02.187Z] Notification saved
[2026-05-22T06:23:02.337Z] Topic: aquaponic/device/data
[2026-05-22T06:23:02.338Z] Payload: {"mac_address":"ESP:32:AA:BB:CC:01","sensors":{"temperature":15.3,"humidity":77.3,"ph":8.9}}
[2026-05-22T06:23:02.339Z] temperature => 15.3
[2026-05-22T06:23:02.346Z] temperature: 15.3 saved
[2026-05-22T06:23:02.372Z] Notification saved
[2026-05-22T06:23:02.372Z] humidity => 77.3
[2026-05-22T06:23:02.383Z] humidity: 77.3 saved
[2026-05-22T06:23:02.383Z] ph => 8.9
[2026-05-22T06:23:02.397Z] ph: 8.9 saved
[2026-05-22T06:23:02.413Z] Notification saved
[2026-05-22T06:23:12.123Z] Topic: aquaponic/device/data
[2026-05-22T06:23:12.123Z] Payload: {"mac_address":"ESP:32:AA:BB:CC:01","sensors":{"temperature":15.4,"humidity":57.4,"ph":8.7}}
[2026-05-22T06:23:12.124Z] Topic: aquaponic/device/data
[2026-05-22T06:23:12.124Z] Payload: {"mac_address":"ESP:32:AA:BB:CC:01","sensors":{"temperature":15.4,"humidity":57.4,"ph":8.7}}
[2026-05-22T06:23:12.125Z] temperature => 15.4
[2026-05-22T06:23:12.126Z] temperature => 15.4
[2026-05-22T06:23:12.139Z] temperature: 15.4 saved
[2026-05-22T06:23:12.139Z] temperature: 15.4 saved
[2026-05-22T06:23:12.163Z] Notification saved
[2026-05-22T06:23:12.163Z] Notification saved
[2026-05-22T06:23:12.163Z] humidity => 57.4
[2026-05-22T06:23:12.163Z] humidity => 57.4
[2026-05-22T06:23:12.191Z] humidity: 57.4 saved
[2026-05-22T06:23:12.191Z] humidity: 57.4 saved
[2026-05-22T06:23:12.191Z] ph => 8.7
[2026-05-22T06:23:12.191Z] ph => 8.7
[2026-05-22T06:23:12.208Z] ph: 8.7 saved
[2026-05-22T06:23:12.208Z] ph: 8.7 saved
[2026-05-22T06:23:12.227Z] Notification saved
[2026-05-22T06:23:12.227Z] Notification saved
[2026-05-22T06:23:22.147Z] Topic: aquaponic/device/data
[2026-05-22T06:23:22.147Z] Payload: {"mac_address":"ESP:32:AA:BB:CC:01","sensors":{"temperature":29.3,"humidity":47.2,"ph":4.4}}
[2026-05-22T06:23:22.148Z] Topic: aquaponic/device/data
[2026-05-22T06:23:22.148Z] Payload: {"mac_address":"ESP:32:AA:BB:CC:01","sensors":{"temperature":29.3,"humidity":47.2,"ph":4.4}}
[2026-05-22T06:23:22.149Z] temperature => 29.3
[2026-05-22T06:23:22.149Z] temperature => 29.3
[2026-05-22T06:23:22.162Z] temperature: 29.3 saved
[2026-05-22T06:23:22.162Z] temperature: 29.3 saved
[2026-05-22T06:23:22.162Z] humidity => 47.2
[2026-05-22T06:23:22.162Z] humidity => 47.2
[2026-05-22T06:23:22.179Z] humidity: 47.2 saved
[2026-05-22T06:23:22.179Z] humidity: 47.2 saved
[2026-05-22T06:23:22.179Z] ph => 4.4
[2026-05-22T06:23:22.179Z] ph => 4.4
[2026-05-22T06:23:22.190Z] ph: 4.4 saved
[2026-05-22T06:23:22.190Z] ph: 4.4 saved
[2026-05-22T06:23:22.202Z] Notification saved
[2026-05-22T06:23:22.202Z] Notification saved
[2026-05-22T06:23:32.149Z] Topic: aquaponic/device/data
[2026-05-22T06:23:32.149Z] Payload: {"mac_address":"ESP:32:AA:BB:CC:01","sensors":{"temperature":28.2,"humidity":30.6,"ph":6.3}}
[2026-05-22T06:23:32.150Z] Topic: aquaponic/device/data
[2026-05-22T06:23:32.150Z] Payload: {"mac_address":"ESP:32:AA:BB:CC:01","sensors":{"temperature":28.2,"humidity":30.6,"ph":6.3}}
[2026-05-22T06:23:32.151Z] temperature => 28.2
[2026-05-22T06:23:32.152Z] temperature => 28.2
[2026-05-22T06:23:32.162Z] temperature: 28.2 saved
[2026-05-22T06:23:32.163Z] humidity => 30.6
[2026-05-22T06:23:32.173Z] temperature: 28.2 saved
[2026-05-22T06:23:32.174Z] humidity => 30.6
[2026-05-22T06:23:32.189Z] humidity: 30.6 saved
[2026-05-22T06:23:32.189Z] humidity: 30.6 saved
[2026-05-22T06:23:32.199Z] Notification saved
[2026-05-22T06:23:32.199Z] Notification saved
[2026-05-22T06:23:32.200Z] ph => 6.3
[2026-05-22T06:23:32.200Z] ph => 6.3
[2026-05-22T06:23:32.209Z] ph: 6.3 saved
[2026-05-22T06:23:32.209Z] ph: 6.3 saved
[2026-05-22T06:23:42.161Z] Topic: aquaponic/device/data
[2026-05-22T06:23:42.162Z] Payload: {"mac_address":"ESP:32:AA:BB:CC:01","sensors":{"temperature":30.8,"humidity":45.1,"ph":8.1}}
[2026-05-22T06:23:42.163Z] temperature => 30.8
[2026-05-22T06:23:42.164Z] Topic: aquaponic/device/data
[2026-05-22T06:23:42.164Z] Payload: {"mac_address":"ESP:32:AA:BB:CC:01","sensors":{"temperature":30.8,"humidity":45.1,"ph":8.1}}
[2026-05-22T06:23:42.166Z] temperature => 30.8
[2026-05-22T06:23:42.171Z] temperature: 30.8 saved
[2026-05-22T06:23:42.171Z] humidity => 45.1
[2026-05-22T06:23:42.183Z] temperature: 30.8 saved
[2026-05-22T06:23:42.184Z] humidity => 45.1
[2026-05-22T06:23:42.187Z] humidity: 45.1 saved
[2026-05-22T06:23:42.187Z] ph => 8.1
[2026-05-22T06:23:42.198Z] humidity: 45.1 saved
[2026-05-22T06:23:42.198Z] ph => 8.1
[2026-05-22T06:23:42.205Z] ph: 8.1 saved
[2026-05-22T06:23:42.219Z] ph: 8.1 saved
[2026-05-22T06:23:42.222Z] Notification saved
[2026-05-22T06:23:42.230Z] Notification saved
[2026-05-22T06:23:52.182Z] Topic: aquaponic/device/data
[2026-05-22T06:23:52.182Z] Payload: {"mac_address":"ESP:32:AA:BB:CC:01","sensors":{"temperature":28.9,"humidity":77.4,"ph":5}}
[2026-05-22T06:23:52.183Z] Topic: aquaponic/device/data
[2026-05-22T06:23:52.183Z] Payload: {"mac_address":"ESP:32:AA:BB:CC:01","sensors":{"temperature":28.9,"humidity":77.4,"ph":5}}
[2026-05-22T06:23:52.184Z] temperature => 28.9
[2026-05-22T06:23:52.184Z] temperature => 28.9
[2026-05-22T06:23:52.193Z] temperature: 28.9 saved
[2026-05-22T06:23:52.193Z] humidity => 77.4
[2026-05-22T06:23:52.196Z] temperature: 28.9 saved
[2026-05-22T06:23:52.196Z] humidity => 77.4
[2026-05-22T06:23:52.205Z] humidity: 77.4 saved
[2026-05-22T06:23:52.206Z] ph => 5
[2026-05-22T06:23:52.228Z] ph: 5 saved
[2026-05-22T06:23:52.228Z] humidity: 77.4 saved
[2026-05-22T06:23:52.228Z] ph => 5
[2026-05-22T06:23:52.239Z] Notification saved
[2026-05-22T06:23:52.239Z] ph: 5 saved
[2026-05-22T06:23:52.251Z] Notification saved
[2026-05-22T06:24:02.196Z] Topic: aquaponic/device/data
[2026-05-22T06:24:02.196Z] Payload: {"mac_address":"ESP:32:AA:BB:CC:01","sensors":{"temperature":20.7,"humidity":85.8,"ph":5.6}}
[2026-05-22T06:24:02.200Z] Topic: aquaponic/device/data
[2026-05-22T06:24:02.200Z] Payload: {"mac_address":"ESP:32:AA:BB:CC:01","sensors":{"temperature":20.7,"humidity":85.8,"ph":5.6}}
[2026-05-22T06:24:02.211Z] temperature => 20.7
[2026-05-22T06:24:02.280Z] temperature => 20.7
[2026-05-22T06:24:02.436Z] temperature: 20.7 saved
[2026-05-22T06:24:02.437Z] humidity => 85.8
[2026-05-22T06:24:02.476Z] temperature: 20.7 saved
[2026-05-22T06:24:02.476Z] humidity => 85.8
[2026-05-22T06:24:02.496Z] humidity: 85.8 saved
[2026-05-22T06:24:02.576Z] Notification saved
[2026-05-22T06:24:02.576Z] ph => 5.6
[2026-05-22T06:24:02.577Z] humidity: 85.8 saved
[2026-05-22T06:24:02.693Z] ph: 5.6 saved
[2026-05-22T06:24:02.727Z] Notification saved
[2026-05-22T06:24:02.727Z] ph => 5.6
[2026-05-22T06:24:02.767Z] ph: 5.6 saved
[2026-05-22T06:24:12.197Z] Topic: aquaponic/device/data
[2026-05-22T06:24:12.197Z] Payload: {"mac_address":"ESP:32:AA:BB:CC:01","sensors":{"temperature":34,"humidity":71.5,"ph":5.9}}
[2026-05-22T06:24:12.198Z] Topic: aquaponic/device/data
[2026-05-22T06:24:12.198Z] Payload: {"mac_address":"ESP:32:AA:BB:CC:01","sensors":{"temperature":34,"humidity":71.5,"ph":5.9}}
[2026-05-22T06:24:12.199Z] temperature => 34
[2026-05-22T06:24:12.199Z] temperature => 34
[2026-05-22T06:24:12.217Z] temperature: 34 saved
[2026-05-22T06:24:12.231Z] temperature: 34 saved
[2026-05-22T06:24:12.242Z] Notification saved
[2026-05-22T06:24:12.242Z] humidity => 71.5
[2026-05-22T06:24:12.249Z] Notification saved
[2026-05-22T06:24:12.249Z] humidity => 71.5
[2026-05-22T06:24:12.264Z] humidity: 71.5 saved
[2026-05-22T06:24:12.264Z] ph => 5.9
[2026-05-22T06:24:12.267Z] humidity: 71.5 saved
[2026-05-22T06:24:12.267Z] ph => 5.9
[2026-05-22T06:24:12.281Z] ph: 5.9 saved
[2026-05-22T06:24:12.299Z] ph: 5.9 saved
[2026-05-22T06:24:22.209Z] Topic: aquaponic/device/data
[2026-05-22T06:24:22.210Z] Payload: {"mac_address":"ESP:32:AA:BB:CC:01","sensors":{"temperature":26.9,"humidity":59.6,"ph":8.7}}
[2026-05-22T06:24:22.210Z] Topic: aquaponic/device/data
[2026-05-22T06:24:22.210Z] Payload: {"mac_address":"ESP:32:AA:BB:CC:01","sensors":{"temperature":26.9,"humidity":59.6,"ph":8.7}}
[2026-05-22T06:24:22.211Z] temperature => 26.9
[2026-05-22T06:24:22.211Z] temperature => 26.9
[2026-05-22T06:24:22.224Z] temperature: 26.9 saved
[2026-05-22T06:24:22.224Z] humidity => 59.6
[2026-05-22T06:24:22.232Z] temperature: 26.9 saved
[2026-05-22T06:24:22.232Z] humidity => 59.6
[2026-05-22T06:24:22.241Z] humidity: 59.6 saved
[2026-05-22T06:24:22.241Z] ph => 8.7
[2026-05-22T06:24:22.250Z] humidity: 59.6 saved
[2026-05-22T06:24:22.251Z] ph => 8.7
[2026-05-22T06:24:22.264Z] ph: 8.7 saved
[2026-05-22T06:24:22.268Z] ph: 8.7 saved
[2026-05-22T06:24:22.274Z] Notification saved
[2026-05-22T06:24:22.281Z] Notification saved
[2026-05-22T06:24:32.223Z] Topic: aquaponic/device/data
[2026-05-22T06:24:32.223Z] Topic: aquaponic/device/data
[2026-05-22T06:24:32.223Z] Payload: {"mac_address":"ESP:32:AA:BB:CC:01","sensors":{"temperature":21.2,"humidity":91.1,"ph":6.8}}
[2026-05-22T06:24:32.223Z] Payload: {"mac_address":"ESP:32:AA:BB:CC:01","sensors":{"temperature":21.2,"humidity":91.1,"ph":6.8}}
[2026-05-22T06:24:32.225Z] temperature => 21.2
[2026-05-22T06:24:32.225Z] temperature => 21.2
[2026-05-22T06:24:32.236Z] temperature: 21.2 saved
[2026-05-22T06:24:32.236Z] humidity => 91.1
[2026-05-22T06:24:32.247Z] temperature: 21.2 saved
[2026-05-22T06:24:32.247Z] humidity => 91.1
[2026-05-22T06:24:32.251Z] humidity: 91.1 saved
[2026-05-22T06:24:32.259Z] humidity: 91.1 saved
[2026-05-22T06:24:32.267Z] Notification saved
[2026-05-22T06:24:32.267Z] ph => 6.8
[2026-05-22T06:24:32.279Z] Notification saved
[2026-05-22T06:24:32.280Z] ph => 6.8
[2026-05-22T06:24:32.287Z] ph: 6.8 saved
[2026-05-22T06:24:32.304Z] ph: 6.8 saved
[2026-05-22T06:24:42.242Z] Topic: aquaponic/device/data
[2026-05-22T06:24:42.242Z] Topic: aquaponic/device/data
[2026-05-22T06:24:42.242Z] Payload: {"mac_address":"ESP:32:AA:BB:CC:01","sensors":{"temperature":33.2,"humidity":92.9,"ph":8.8}}
[2026-05-22T06:24:42.242Z] Payload: {"mac_address":"ESP:32:AA:BB:CC:01","sensors":{"temperature":33.2,"humidity":92.9,"ph":8.8}}
[2026-05-22T06:24:42.243Z] temperature => 33.2
[2026-05-22T06:24:42.243Z] temperature => 33.2
[2026-05-22T06:24:42.258Z] temperature: 33.2 saved
[2026-05-22T06:24:42.261Z] temperature: 33.2 saved
[2026-05-22T06:24:42.267Z] Notification saved
[2026-05-22T06:24:42.267Z] humidity => 92.9
[2026-05-22T06:24:42.276Z] Notification saved
[2026-05-22T06:24:42.276Z] humidity => 92.9
[2026-05-22T06:24:42.289Z] humidity: 92.9 saved
[2026-05-22T06:24:42.301Z] humidity: 92.9 saved
[2026-05-22T06:24:42.317Z] Notification saved
[2026-05-22T06:24:42.317Z] ph => 8.8
[2026-05-22T06:24:42.325Z] Notification saved
[2026-05-22T06:24:42.325Z] ph => 8.8
[2026-05-22T06:24:42.332Z] ph: 8.8 saved
[2026-05-22T06:24:42.340Z] ph: 8.8 saved
[2026-05-22T06:24:42.353Z] Notification saved
[2026-05-22T06:24:42.356Z] Notification saved
[2026-05-22T06:24:52.251Z] Topic: aquaponic/device/data
[2026-05-22T06:24:52.251Z] Payload: {"mac_address":"ESP:32:AA:BB:CC:01","sensors":{"temperature":33.9,"humidity":30.5,"ph":6.7}}
[2026-05-22T06:24:52.252Z] Topic: aquaponic/device/data
[2026-05-22T06:24:52.252Z] Payload: {"mac_address":"ESP:32:AA:BB:CC:01","sensors":{"temperature":33.9,"humidity":30.5,"ph":6.7}}
[2026-05-22T06:24:52.253Z] temperature => 33.9
[2026-05-22T06:24:52.253Z] temperature => 33.9
[2026-05-22T06:24:52.267Z] temperature: 33.9 saved
[2026-05-22T06:24:52.267Z] temperature: 33.9 saved
[2026-05-22T06:24:52.294Z] Notification saved
[2026-05-22T06:24:52.294Z] Notification saved
[2026-05-22T06:24:52.294Z] humidity => 30.5
[2026-05-22T06:24:52.294Z] humidity => 30.5
[2026-05-22T06:24:52.306Z] humidity: 30.5 saved
[2026-05-22T06:24:52.306Z] humidity: 30.5 saved
[2026-05-22T06:24:52.327Z] Notification saved
[2026-05-22T06:24:52.327Z] Notification saved
[2026-05-22T06:24:52.327Z] ph => 6.7
[2026-05-22T06:24:52.327Z] ph => 6.7
[2026-05-22T06:24:52.340Z] ph: 6.7 saved
[2026-05-22T06:24:52.340Z] ph: 6.7 saved
[2026-05-22T06:25:02.416Z] Topic: aquaponic/device/data
[2026-05-22T06:25:02.416Z] Payload: {"mac_address":"ESP:32:AA:BB:CC:01","sensors":{"temperature":18.8,"humidity":31.9,"ph":8.3}}
[2026-05-22T06:25:02.430Z] Topic: aquaponic/device/data
[2026-05-22T06:25:02.430Z] Payload: {"mac_address":"ESP:32:AA:BB:CC:01","sensors":{"temperature":18.8,"humidity":31.9,"ph":8.3}}
[2026-05-22T06:25:02.431Z] temperature => 18.8
[2026-05-22T06:25:02.446Z] temperature => 18.8
[2026-05-22T06:25:02.487Z] temperature: 18.8 saved
[2026-05-22T06:25:02.487Z] humidity => 31.9
[2026-05-22T06:25:02.492Z] temperature: 18.8 saved
[2026-05-22T06:25:02.492Z] humidity => 31.9
[2026-05-22T06:25:02.567Z] humidity: 31.9 saved
[2026-05-22T06:25:02.569Z] humidity: 31.9 saved
[2026-05-22T06:25:02.616Z] Notification saved
[2026-05-22T06:25:02.616Z] ph => 8.3
[2026-05-22T06:25:02.669Z] Notification saved
[2026-05-22T06:25:02.669Z] ph => 8.3
[2026-05-22T06:25:02.745Z] ph: 8.3 saved
[2026-05-22T06:25:02.827Z] ph: 8.3 saved
[2026-05-22T06:25:02.837Z] Notification saved
[2026-05-22T06:25:02.910Z] Notification saved
[2026-05-22T06:25:12.272Z] Topic: aquaponic/device/data
[2026-05-22T06:25:12.272Z] Payload: {"mac_address":"ESP:32:AA:BB:CC:01","sensors":{"temperature":18,"humidity":85,"ph":6.4}}
[2026-05-22T06:25:12.273Z] Topic: aquaponic/device/data
[2026-05-22T06:25:12.273Z] Payload: {"mac_address":"ESP:32:AA:BB:CC:01","sensors":{"temperature":18,"humidity":85,"ph":6.4}}
[2026-05-22T06:25:12.274Z] temperature => 18
[2026-05-22T06:25:12.274Z] temperature => 18
[2026-05-22T06:25:12.283Z] temperature: 18 saved
[2026-05-22T06:25:12.284Z] humidity => 85
[2026-05-22T06:25:12.286Z] temperature: 18 saved
[2026-05-22T06:25:12.287Z] humidity => 85
[2026-05-22T06:25:12.299Z] humidity: 85 saved
[2026-05-22T06:25:12.299Z] ph => 6.4
[2026-05-22T06:25:12.305Z] humidity: 85 saved
[2026-05-22T06:25:12.305Z] ph => 6.4
[2026-05-22T06:25:12.312Z] ph: 6.4 saved
[2026-05-22T06:25:12.320Z] ph: 6.4 saved
[2026-05-22T06:25:22.283Z] Topic: aquaponic/device/data
[2026-05-22T06:25:22.283Z] Payload: {"mac_address":"ESP:32:AA:BB:CC:01","sensors":{"temperature":27.3,"humidity":48.1,"ph":5.1}}
[2026-05-22T06:25:22.283Z] Topic: aquaponic/device/data
[2026-05-22T06:25:22.283Z] Payload: {"mac_address":"ESP:32:AA:BB:CC:01","sensors":{"temperature":27.3,"humidity":48.1,"ph":5.1}}
[2026-05-22T06:25:22.284Z] temperature => 27.3
[2026-05-22T06:25:22.285Z] temperature => 27.3
[2026-05-22T06:25:22.295Z] temperature: 27.3 saved
[2026-05-22T06:25:22.296Z] humidity => 48.1
[2026-05-22T06:25:22.299Z] temperature: 27.3 saved
[2026-05-22T06:25:22.300Z] humidity => 48.1
[2026-05-22T06:25:22.308Z] humidity: 48.1 saved
[2026-05-22T06:25:22.308Z] ph => 5.1
[2026-05-22T06:25:22.317Z] humidity: 48.1 saved
[2026-05-22T06:25:22.317Z] ph => 5.1
[2026-05-22T06:25:22.325Z] ph: 5.1 saved
[2026-05-22T06:25:22.342Z] ph: 5.1 saved
[2026-05-22T06:25:22.345Z] Notification saved
[2026-05-22T06:25:22.354Z] Notification saved
[2026-05-22T06:25:32.298Z] Topic: aquaponic/device/data
[2026-05-22T06:25:32.298Z] Payload: {"mac_address":"ESP:32:AA:BB:CC:01","sensors":{"temperature":26.7,"humidity":60.6,"ph":5.1}}
[2026-05-22T06:25:32.298Z] Topic: aquaponic/device/data
[2026-05-22T06:25:32.298Z] Payload: {"mac_address":"ESP:32:AA:BB:CC:01","sensors":{"temperature":26.7,"humidity":60.6,"ph":5.1}}
[2026-05-22T06:25:32.299Z] temperature => 26.7
[2026-05-22T06:25:32.300Z] temperature => 26.7
[2026-05-22T06:25:32.309Z] temperature: 26.7 saved
[2026-05-22T06:25:32.309Z] humidity => 60.6
[2026-05-22T06:25:32.318Z] temperature: 26.7 saved
[2026-05-22T06:25:32.318Z] humidity => 60.6
[2026-05-22T06:25:32.326Z] humidity: 60.6 saved
[2026-05-22T06:25:32.327Z] ph => 5.1
[2026-05-22T06:25:32.345Z] ph: 5.1 saved
[2026-05-22T06:25:32.345Z] humidity: 60.6 saved
[2026-05-22T06:25:32.345Z] ph => 5.1
[2026-05-22T06:25:32.352Z] ph: 5.1 saved
[2026-05-22T06:25:32.357Z] Notification saved
[2026-05-22T06:25:32.364Z] Notification saved
[2026-05-22T06:25:42.315Z] Topic: aquaponic/device/data
[2026-05-22T06:25:42.316Z] Payload: {"mac_address":"ESP:32:AA:BB:CC:01","sensors":{"temperature":20.3,"humidity":38,"ph":4.5}}
[2026-05-22T06:25:42.316Z] Topic: aquaponic/device/data
[2026-05-22T06:25:42.316Z] Payload: {"mac_address":"ESP:32:AA:BB:CC:01","sensors":{"temperature":20.3,"humidity":38,"ph":4.5}}
[2026-05-22T06:25:42.317Z] temperature => 20.3
[2026-05-22T06:25:42.317Z] temperature => 20.3
[2026-05-22T06:25:42.329Z] temperature: 20.3 saved
[2026-05-22T06:25:42.329Z] humidity => 38
[2026-05-22T06:25:42.337Z] temperature: 20.3 saved
[2026-05-22T06:25:42.337Z] humidity => 38
[2026-05-22T06:25:42.346Z] humidity: 38 saved
[2026-05-22T06:25:42.354Z] humidity: 38 saved
[2026-05-22T06:25:42.370Z] Notification saved
[2026-05-22T06:25:42.370Z] ph => 4.5
[2026-05-22T06:25:42.372Z] Notification saved
[2026-05-22T06:25:42.373Z] ph => 4.5
[2026-05-22T06:25:42.380Z] ph: 4.5 saved
[2026-05-22T06:25:42.395Z] ph: 4.5 saved
[2026-05-22T06:25:42.398Z] Notification saved
[2026-05-22T06:25:42.409Z] Notification saved
[2026-05-22T06:25:52.324Z] Topic: aquaponic/device/data
[2026-05-22T06:25:52.324Z] Payload: {"mac_address":"ESP:32:AA:BB:CC:01","sensors":{"temperature":32.4,"humidity":49.7,"ph":8.6}}
[2026-05-22T06:25:52.324Z] Topic: aquaponic/device/data
[2026-05-22T06:25:52.325Z] Payload: {"mac_address":"ESP:32:AA:BB:CC:01","sensors":{"temperature":32.4,"humidity":49.7,"ph":8.6}}
[2026-05-22T06:25:52.326Z] temperature => 32.4
[2026-05-22T06:25:52.326Z] temperature => 32.4
[2026-05-22T06:25:52.345Z] temperature: 32.4 saved
[2026-05-22T06:25:52.348Z] temperature: 32.4 saved
[2026-05-22T06:25:52.356Z] Notification saved
[2026-05-22T06:25:52.356Z] humidity => 49.7
[2026-05-22T06:25:52.377Z] Notification saved
[2026-05-22T06:25:52.377Z] humidity => 49.7
[2026-05-22T06:25:52.388Z] humidity: 49.7 saved
[2026-05-22T06:25:52.388Z] ph => 8.6
[2026-05-22T06:25:52.404Z] humidity: 49.7 saved
[2026-05-22T06:25:52.404Z] ph => 8.6
[2026-05-22T06:25:52.419Z] ph: 8.6 saved
[2026-05-22T06:25:52.436Z] ph: 8.6 saved
[2026-05-22T06:25:52.444Z] Notification saved
[2026-05-22T06:25:52.450Z] Notification saved
[2026-05-22T06:26:02.336Z] Topic: aquaponic/device/data
[2026-05-22T06:26:02.336Z] Payload: {"mac_address":"ESP:32:AA:BB:CC:01","sensors":{"temperature":22.8,"humidity":85.9,"ph":6.4}}
[2026-05-22T06:26:02.336Z] Topic: aquaponic/device/data
[2026-05-22T06:26:02.336Z] Payload: {"mac_address":"ESP:32:AA:BB:CC:01","sensors":{"temperature":22.8,"humidity":85.9,"ph":6.4}}
[2026-05-22T06:26:02.338Z] temperature => 22.8
[2026-05-22T06:26:02.345Z] temperature => 22.8
[2026-05-22T06:26:02.352Z] temperature: 22.8 saved
[2026-05-22T06:26:02.352Z] humidity => 85.9
[2026-05-22T06:26:02.379Z] temperature: 22.8 saved
[2026-05-22T06:26:02.379Z] humidity => 85.9
[2026-05-22T06:26:02.386Z] humidity: 85.9 saved
[2026-05-22T06:26:02.411Z] humidity: 85.9 saved
[2026-05-22T06:26:02.440Z] Notification saved
[2026-05-22T06:26:02.440Z] ph => 6.4
[2026-05-22T06:26:02.460Z] Notification saved
[2026-05-22T06:26:02.460Z] ph => 6.4
[2026-05-22T06:26:02.469Z] ph: 6.4 saved
[2026-05-22T06:26:02.488Z] ph: 6.4 saved
[2026-05-22T06:26:12.346Z] Topic: aquaponic/device/data
[2026-05-22T06:26:12.347Z] Payload: {"mac_address":"ESP:32:AA:BB:CC:01","sensors":{"temperature":28.9,"humidity":31,"ph":6.4}}
[2026-05-22T06:26:12.347Z] Topic: aquaponic/device/data
[2026-05-22T06:26:12.347Z] Payload: {"mac_address":"ESP:32:AA:BB:CC:01","sensors":{"temperature":28.9,"humidity":31,"ph":6.4}}
[2026-05-22T06:26:12.348Z] temperature => 28.9
[2026-05-22T06:26:12.348Z] temperature => 28.9
[2026-05-22T06:26:12.364Z] temperature: 28.9 saved
[2026-05-22T06:26:12.365Z] humidity => 31
[2026-05-22T06:26:12.373Z] temperature: 28.9 saved
[2026-05-22T06:26:12.374Z] humidity => 31
[2026-05-22T06:26:12.394Z] humidity: 31 saved
[2026-05-22T06:26:12.396Z] humidity: 31 saved
[2026-05-22T06:26:12.403Z] Notification saved
[2026-05-22T06:26:12.403Z] ph => 6.4
[2026-05-22T06:26:12.411Z] Notification saved
[2026-05-22T06:26:12.412Z] ph => 6.4
[2026-05-22T06:26:12.432Z] ph: 6.4 saved
[2026-05-22T06:26:12.432Z] ph: 6.4 saved
[2026-05-22T06:26:22.357Z] Topic: aquaponic/device/data
[2026-05-22T06:26:22.357Z] Payload: {"mac_address":"ESP:32:AA:BB:CC:01","sensors":{"temperature":23.1,"humidity":55.2,"ph":7.2}}
[2026-05-22T06:26:22.357Z] Topic: aquaponic/device/data
[2026-05-22T06:26:22.357Z] Payload: {"mac_address":"ESP:32:AA:BB:CC:01","sensors":{"temperature":23.1,"humidity":55.2,"ph":7.2}}
[2026-05-22T06:26:22.358Z] temperature => 23.1
[2026-05-22T06:26:22.359Z] temperature => 23.1
[2026-05-22T06:26:22.373Z] temperature: 23.1 saved
[2026-05-22T06:26:22.373Z] humidity => 55.2
[2026-05-22T06:26:22.376Z] temperature: 23.1 saved
[2026-05-22T06:26:22.377Z] humidity => 55.2
[2026-05-22T06:26:22.383Z] humidity: 55.2 saved
[2026-05-22T06:26:22.383Z] ph => 7.2
[2026-05-22T06:26:22.392Z] humidity: 55.2 saved
[2026-05-22T06:26:22.392Z] ph => 7.2
[2026-05-22T06:26:22.407Z] ph: 7.2 saved
[2026-05-22T06:26:22.418Z] ph: 7.2 saved
[2026-05-22T06:26:32.367Z] Topic: aquaponic/device/data
[2026-05-22T06:26:32.367Z] Payload: {"mac_address":"ESP:32:AA:BB:CC:01","sensors":{"temperature":24.4,"humidity":86.9,"ph":8.5}}
[2026-05-22T06:26:32.368Z] Topic: aquaponic/device/data
[2026-05-22T06:26:32.368Z] Payload: {"mac_address":"ESP:32:AA:BB:CC:01","sensors":{"temperature":24.4,"humidity":86.9,"ph":8.5}}
[2026-05-22T06:26:32.369Z] temperature => 24.4
[2026-05-22T06:26:32.369Z] temperature => 24.4
[2026-05-22T06:26:32.385Z] temperature: 24.4 saved
[2026-05-22T06:26:32.385Z] humidity => 86.9
[2026-05-22T06:26:32.394Z] temperature: 24.4 saved
[2026-05-22T06:26:32.394Z] humidity => 86.9
[2026-05-22T06:26:32.403Z] humidity: 86.9 saved
[2026-05-22T06:26:32.412Z] humidity: 86.9 saved
[2026-05-22T06:26:32.422Z] Notification saved
[2026-05-22T06:26:32.422Z] ph => 8.5
[2026-05-22T06:26:32.425Z] Notification saved
[2026-05-22T06:26:32.425Z] ph => 8.5
[2026-05-22T06:26:32.432Z] ph: 8.5 saved
[2026-05-22T06:26:32.447Z] ph: 8.5 saved
[2026-05-22T06:26:32.450Z] Notification saved
[2026-05-22T06:26:32.457Z] Notification saved
[2026-05-22T06:26:42.379Z] Topic: aquaponic/device/data
[2026-05-22T06:26:42.379Z] Payload: {"mac_address":"ESP:32:AA:BB:CC:01","sensors":{"temperature":15.3,"humidity":78.5,"ph":8.6}}
[2026-05-22T06:26:42.380Z] Topic: aquaponic/device/data
[2026-05-22T06:26:42.380Z] Payload: {"mac_address":"ESP:32:AA:BB:CC:01","sensors":{"temperature":15.3,"humidity":78.5,"ph":8.6}}
[2026-05-22T06:26:42.381Z] temperature => 15.3
[2026-05-22T06:26:42.381Z] temperature => 15.3
[2026-05-22T06:26:42.405Z] temperature: 15.3 saved
[2026-05-22T06:26:42.405Z] temperature: 15.3 saved
[2026-05-22T06:26:42.415Z] Notification saved
[2026-05-22T06:26:42.415Z] Notification saved
[2026-05-22T06:26:42.415Z] humidity => 78.5
[2026-05-22T06:26:42.415Z] humidity => 78.5
[2026-05-22T06:26:42.424Z] humidity: 78.5 saved
[2026-05-22T06:26:42.424Z] ph => 8.6
[2026-05-22T06:26:42.429Z] humidity: 78.5 saved
[2026-05-22T06:26:42.429Z] ph => 8.6
[2026-05-22T06:26:42.439Z] ph: 8.6 saved
[2026-05-22T06:26:42.450Z] ph: 8.6 saved
[2026-05-22T06:26:42.459Z] Notification saved
[2026-05-22T06:26:42.469Z] Notification saved
[2026-05-22T06:26:52.397Z] Topic: aquaponic/device/data
[2026-05-22T06:26:52.397Z] Payload: {"mac_address":"ESP:32:AA:BB:CC:01","sensors":{"temperature":34.3,"humidity":50.4,"ph":5.1}}
[2026-05-22T06:26:52.398Z] Topic: aquaponic/device/data
[2026-05-22T06:26:52.398Z] Payload: {"mac_address":"ESP:32:AA:BB:CC:01","sensors":{"temperature":34.3,"humidity":50.4,"ph":5.1}}
[2026-05-22T06:26:52.399Z] temperature => 34.3
[2026-05-22T06:26:52.399Z] temperature => 34.3
[2026-05-22T06:26:52.407Z] temperature: 34.3 saved
[2026-05-22T06:26:52.411Z] temperature: 34.3 saved
[2026-05-22T06:26:52.420Z] Notification saved
[2026-05-22T06:26:52.420Z] humidity => 50.4
[2026-05-22T06:26:52.431Z] Notification saved
[2026-05-22T06:26:52.431Z] humidity => 50.4
[2026-05-22T06:26:52.444Z] humidity: 50.4 saved
[2026-05-22T06:26:52.444Z] ph => 5.1
[2026-05-22T06:26:52.447Z] humidity: 50.4 saved
[2026-05-22T06:26:52.447Z] ph => 5.1
[2026-05-22T06:26:52.455Z] ph: 5.1 saved
[2026-05-22T06:26:52.463Z] ph: 5.1 saved
[2026-05-22T06:26:52.474Z] Notification saved
[2026-05-22T06:26:52.483Z] Notification saved
[2026-05-22T06:27:02.405Z] Topic: aquaponic/device/data
[2026-05-22T06:27:02.405Z] Payload: {"mac_address":"ESP:32:AA:BB:CC:01","sensors":{"temperature":21,"humidity":54.7,"ph":4.6}}
[2026-05-22T06:27:02.406Z] Topic: aquaponic/device/data
[2026-05-22T06:27:02.406Z] Payload: {"mac_address":"ESP:32:AA:BB:CC:01","sensors":{"temperature":21,"humidity":54.7,"ph":4.6}}
[2026-05-22T06:27:02.407Z] temperature => 21
[2026-05-22T06:27:02.408Z] temperature => 21
[2026-05-22T06:27:02.429Z] temperature: 21 saved
[2026-05-22T06:27:02.429Z] temperature: 21 saved
[2026-05-22T06:27:02.429Z] humidity => 54.7
[2026-05-22T06:27:02.429Z] humidity => 54.7
[2026-05-22T06:27:02.450Z] humidity: 54.7 saved
[2026-05-22T06:27:02.450Z] humidity: 54.7 saved
[2026-05-22T06:27:02.451Z] ph => 4.6
[2026-05-22T06:27:02.451Z] ph => 4.6
[2026-05-22T06:27:02.469Z] ph: 4.6 saved
[2026-05-22T06:27:02.473Z] ph: 4.6 saved
[2026-05-22T06:27:02.480Z] Notification saved
[2026-05-22T06:27:02.490Z] Notification saved
[2026-05-22T06:27:12.418Z] Topic: aquaponic/device/data
[2026-05-22T06:27:12.418Z] Topic: aquaponic/device/data
[2026-05-22T06:27:12.418Z] Payload: {"mac_address":"ESP:32:AA:BB:CC:01","sensors":{"temperature":28.8,"humidity":67,"ph":5.2}}
[2026-05-22T06:27:12.418Z] Payload: {"mac_address":"ESP:32:AA:BB:CC:01","sensors":{"temperature":28.8,"humidity":67,"ph":5.2}}
[2026-05-22T06:27:12.419Z] temperature => 28.8
[2026-05-22T06:27:12.420Z] temperature => 28.8
[2026-05-22T06:27:12.435Z] temperature: 28.8 saved
[2026-05-22T06:27:12.435Z] humidity => 67
[2026-05-22T06:27:12.438Z] temperature: 28.8 saved
[2026-05-22T06:27:12.438Z] humidity => 67
[2026-05-22T06:27:12.446Z] humidity: 67 saved
[2026-05-22T06:27:12.446Z] ph => 5.2
[2026-05-22T06:27:12.453Z] humidity: 67 saved
[2026-05-22T06:27:12.453Z] ph => 5.2
[2026-05-22T06:27:12.471Z] ph: 5.2 saved
[2026-05-22T06:27:12.475Z] ph: 5.2 saved
[2026-05-22T06:27:12.483Z] Notification saved
[2026-05-22T06:27:12.491Z] Notification saved
[2026-05-22T06:27:22.429Z] Topic: aquaponic/device/data
[2026-05-22T06:27:22.429Z] Payload: {"mac_address":"ESP:32:AA:BB:CC:01","sensors":{"temperature":29.7,"humidity":69.8,"ph":5.6}}
[2026-05-22T06:27:22.430Z] Topic: aquaponic/device/data
[2026-05-22T06:27:22.430Z] Payload: {"mac_address":"ESP:32:AA:BB:CC:01","sensors":{"temperature":29.7,"humidity":69.8,"ph":5.6}}
[2026-05-22T06:27:22.430Z] temperature => 29.7
[2026-05-22T06:27:22.431Z] temperature => 29.7
[2026-05-22T06:27:22.451Z] temperature: 29.7 saved
[2026-05-22T06:27:22.451Z] temperature: 29.7 saved
[2026-05-22T06:27:22.451Z] humidity => 69.8
[2026-05-22T06:27:22.451Z] humidity => 69.8
[2026-05-22T06:27:22.462Z] humidity: 69.8 saved
[2026-05-22T06:27:22.462Z] humidity: 69.8 saved
[2026-05-22T06:27:22.462Z] ph => 5.6
[2026-05-22T06:27:22.462Z] ph => 5.6
[2026-05-22T06:27:22.482Z] ph: 5.6 saved
[2026-05-22T06:27:22.482Z] ph: 5.6 saved
[2026-05-22T06:27:32.441Z] Topic: aquaponic/device/data
[2026-05-22T06:27:32.441Z] Payload: {"mac_address":"ESP:32:AA:BB:CC:01","sensors":{"temperature":21,"humidity":79.9,"ph":6.4}}
[2026-05-22T06:27:32.441Z] Topic: aquaponic/device/data
[2026-05-22T06:27:32.442Z] Payload: {"mac_address":"ESP:32:AA:BB:CC:01","sensors":{"temperature":21,"humidity":79.9,"ph":6.4}}
[2026-05-22T06:27:32.442Z] temperature => 21
[2026-05-22T06:27:32.443Z] temperature => 21
[2026-05-22T06:27:32.451Z] temperature: 21 saved
[2026-05-22T06:27:32.451Z] humidity => 79.9
[2026-05-22T06:27:32.460Z] temperature: 21 saved
[2026-05-22T06:27:32.460Z] humidity => 79.9
[2026-05-22T06:27:32.479Z] humidity: 79.9 saved
[2026-05-22T06:27:32.479Z] ph => 6.4
[2026-05-22T06:27:32.483Z] humidity: 79.9 saved
[2026-05-22T06:27:32.483Z] ph => 6.4
[2026-05-22T06:27:32.491Z] ph: 6.4 saved
[2026-05-22T06:27:32.502Z] ph: 6.4 saved
[2026-05-22T06:27:42.457Z] Topic: aquaponic/device/data
[2026-05-22T06:27:42.458Z] Payload: {"mac_address":"ESP:32:AA:BB:CC:01","sensors":{"temperature":19.9,"humidity":94,"ph":4}}
[2026-05-22T06:27:42.458Z] Topic: aquaponic/device/data
[2026-05-22T06:27:42.458Z] Payload: {"mac_address":"ESP:32:AA:BB:CC:01","sensors":{"temperature":19.9,"humidity":94,"ph":4}}
[2026-05-22T06:27:42.459Z] temperature => 19.9
[2026-05-22T06:27:42.459Z] temperature => 19.9
[2026-05-22T06:27:42.469Z] temperature: 19.9 saved
[2026-05-22T06:27:42.469Z] humidity => 94
[2026-05-22T06:27:42.475Z] temperature: 19.9 saved
[2026-05-22T06:27:42.475Z] humidity => 94
[2026-05-22T06:27:42.491Z] humidity: 94 saved
[2026-05-22T06:27:42.494Z] humidity: 94 saved
[2026-05-22T06:27:42.503Z] Notification saved
[2026-05-22T06:27:42.503Z] ph => 4
[2026-05-22T06:27:42.513Z] Notification saved
[2026-05-22T06:27:42.513Z] ph => 4
[2026-05-22T06:27:42.524Z] ph: 4 saved
[2026-05-22T06:27:42.544Z] Notification saved
[2026-05-22T06:27:42.544Z] ph: 4 saved
[2026-05-22T06:27:42.558Z] Notification saved
[2026-05-22T06:27:52.472Z] Topic: aquaponic/device/data
[2026-05-22T06:27:52.472Z] Payload: {"mac_address":"ESP:32:AA:BB:CC:01","sensors":{"temperature":17,"humidity":38.8,"ph":5.8}}
[2026-05-22T06:27:52.472Z] Topic: aquaponic/device/data
[2026-05-22T06:27:52.473Z] Payload: {"mac_address":"ESP:32:AA:BB:CC:01","sensors":{"temperature":17,"humidity":38.8,"ph":5.8}}
[2026-05-22T06:27:52.473Z] temperature => 17
[2026-05-22T06:27:52.474Z] temperature => 17
[2026-05-22T06:27:52.484Z] temperature: 17 saved
[2026-05-22T06:27:52.501Z] Notification saved
[2026-05-22T06:27:52.501Z] temperature: 17 saved
[2026-05-22T06:27:52.501Z] humidity => 38.8
[2026-05-22T06:27:52.512Z] Notification saved
[2026-05-22T06:27:52.512Z] humidity: 38.8 saved
[2026-05-22T06:27:52.512Z] humidity => 38.8
[2026-05-22T06:27:52.521Z] humidity: 38.8 saved
[2026-05-22T06:27:52.521Z] Notification saved
[2026-05-22T06:27:52.521Z] ph => 5.8
[2026-05-22T06:27:52.535Z] Notification saved
[2026-05-22T06:27:52.535Z] ph => 5.8
[2026-05-22T06:27:52.538Z] ph: 5.8 saved
[2026-05-22T06:27:52.545Z] ph: 5.8 saved
[2026-05-22T06:28:02.493Z] Topic: aquaponic/device/data
[2026-05-22T06:28:02.493Z] Payload: {"mac_address":"ESP:32:AA:BB:CC:01","sensors":{"temperature":35.9,"humidity":40.1,"ph":8.9}}
[2026-05-22T06:28:02.506Z] temperature => 35.9
[2026-05-22T06:28:02.587Z] temperature: 35.9 saved
[2026-05-22T06:28:02.612Z] Notification saved
[2026-05-22T06:28:02.612Z] humidity => 40.1
[2026-05-22T06:28:02.661Z] humidity: 40.1 saved
[2026-05-22T06:28:02.661Z] ph => 8.9
[2026-05-22T06:28:02.712Z] ph: 8.9 saved
[2026-05-22T06:28:02.747Z] Notification saved
[2026-05-22T06:28:03.359Z] Topic: aquaponic/device/data
[2026-05-22T06:28:03.359Z] Payload: {"mac_address":"ESP:32:AA:BB:CC:01","sensors":{"temperature":35.9,"humidity":40.1,"ph":8.9}}
[2026-05-22T06:28:03.360Z] temperature => 35.9
[2026-05-22T06:28:03.370Z] temperature: 35.9 saved
[2026-05-22T06:28:03.383Z] Notification saved
[2026-05-22T06:28:03.384Z] humidity => 40.1
[2026-05-22T06:28:03.391Z] humidity: 40.1 saved
[2026-05-22T06:28:03.392Z] ph => 8.9
[2026-05-22T06:28:03.410Z] ph: 8.9 saved
[2026-05-22T06:28:03.421Z] Notification saved
[2026-05-22T06:28:12.489Z] Topic: aquaponic/device/data
[2026-05-22T06:28:12.489Z] Payload: {"mac_address":"ESP:32:AA:BB:CC:01","sensors":{"temperature":35.7,"humidity":55.2,"ph":7.9}}
[2026-05-22T06:28:12.490Z] Topic: aquaponic/device/data
[2026-05-22T06:28:12.490Z] Payload: {"mac_address":"ESP:32:AA:BB:CC:01","sensors":{"temperature":35.7,"humidity":55.2,"ph":7.9}}
[2026-05-22T06:28:12.491Z] temperature => 35.7
[2026-05-22T06:28:12.491Z] temperature => 35.7
[2026-05-22T06:28:12.506Z] temperature: 35.7 saved
[2026-05-22T06:28:12.509Z] temperature: 35.7 saved
[2026-05-22T06:28:12.517Z] Notification saved
[2026-05-22T06:28:12.517Z] humidity => 55.2
[2026-05-22T06:28:12.526Z] Notification saved
[2026-05-22T06:28:12.526Z] humidity => 55.2
[2026-05-22T06:28:12.547Z] humidity: 55.2 saved
[2026-05-22T06:28:12.547Z] humidity: 55.2 saved
[2026-05-22T06:28:12.547Z] ph => 7.9
[2026-05-22T06:28:12.547Z] ph => 7.9
[2026-05-22T06:28:12.559Z] ph: 7.9 saved
[2026-05-22T06:28:12.559Z] ph: 7.9 saved
[2026-05-22T06:28:12.577Z] Notification saved
[2026-05-22T06:28:12.577Z] Notification saved
[2026-05-22T06:28:22.501Z] Topic: aquaponic/device/data
[2026-05-22T06:28:22.502Z] Payload: {"mac_address":"ESP:32:AA:BB:CC:01","sensors":{"temperature":25.8,"humidity":38.7,"ph":6.7}}
[2026-05-22T06:28:22.503Z] temperature => 25.8
[2026-05-22T06:28:22.503Z] Topic: aquaponic/device/data
[2026-05-22T06:28:22.504Z] Payload: {"mac_address":"ESP:32:AA:BB:CC:01","sensors":{"temperature":25.8,"humidity":38.7,"ph":6.7}}
[2026-05-22T06:28:22.505Z] temperature => 25.8
[2026-05-22T06:28:22.512Z] temperature: 25.8 saved
[2026-05-22T06:28:22.512Z] humidity => 38.7
[2026-05-22T06:28:22.524Z] temperature: 25.8 saved
[2026-05-22T06:28:22.525Z] humidity => 38.7
[2026-05-22T06:28:22.536Z] humidity: 38.7 saved
[2026-05-22T06:28:22.547Z] humidity: 38.7 saved
[2026-05-22T06:28:22.562Z] Notification saved
[2026-05-22T06:28:22.562Z] ph => 6.7
[2026-05-22T06:28:22.565Z] Notification saved
[2026-05-22T06:28:22.565Z] ph => 6.7
[2026-05-22T06:28:22.579Z] ph: 6.7 saved
[2026-05-22T06:28:22.588Z] ph: 6.7 saved
[2026-05-22T06:28:32.514Z] Topic: aquaponic/device/data
[2026-05-22T06:28:32.514Z] Payload: {"mac_address":"ESP:32:AA:BB:CC:01","sensors":{"temperature":34.3,"humidity":56,"ph":5}}
[2026-05-22T06:28:32.514Z] Topic: aquaponic/device/data
[2026-05-22T06:28:32.514Z] Payload: {"mac_address":"ESP:32:AA:BB:CC:01","sensors":{"temperature":34.3,"humidity":56,"ph":5}}
[2026-05-22T06:28:32.515Z] temperature => 34.3
[2026-05-22T06:28:32.516Z] temperature => 34.3
[2026-05-22T06:28:32.536Z] temperature: 34.3 saved
[2026-05-22T06:28:32.538Z] temperature: 34.3 saved
[2026-05-22T06:28:32.545Z] Notification saved
[2026-05-22T06:28:32.545Z] humidity => 56
[2026-05-22T06:28:32.554Z] Notification saved
[2026-05-22T06:28:32.554Z] humidity => 56
[2026-05-22T06:28:32.581Z] humidity: 56 saved
[2026-05-22T06:28:32.581Z] ph => 5
[2026-05-22T06:28:32.588Z] humidity: 56 saved
[2026-05-22T06:28:32.588Z] ph => 5
[2026-05-22T06:28:32.596Z] ph: 5 saved
[2026-05-22T06:28:32.606Z] ph: 5 saved
[2026-05-22T06:28:32.627Z] Notification saved
[2026-05-22T06:28:32.633Z] Notification saved
[2026-05-22T06:28:42.525Z] Topic: aquaponic/device/data
[2026-05-22T06:28:42.525Z] Payload: {"mac_address":"ESP:32:AA:BB:CC:01","sensors":{"temperature":24.2,"humidity":76,"ph":4.2}}
[2026-05-22T06:28:42.526Z] Topic: aquaponic/device/data
[2026-05-22T06:28:42.526Z] Payload: {"mac_address":"ESP:32:AA:BB:CC:01","sensors":{"temperature":24.2,"humidity":76,"ph":4.2}}
[2026-05-22T06:28:42.527Z] temperature => 24.2
[2026-05-22T06:28:42.527Z] temperature => 24.2
[2026-05-22T06:28:42.551Z] temperature: 24.2 saved
[2026-05-22T06:28:42.552Z] humidity => 76
[2026-05-22T06:28:42.559Z] temperature: 24.2 saved
[2026-05-22T06:28:42.559Z] humidity => 76
[2026-05-22T06:28:42.568Z] humidity: 76 saved
[2026-05-22T06:28:42.569Z] ph => 4.2
[2026-05-22T06:28:42.575Z] humidity: 76 saved
[2026-05-22T06:28:42.575Z] ph => 4.2
[2026-05-22T06:28:42.586Z] ph: 4.2 saved
[2026-05-22T06:28:42.589Z] ph: 4.2 saved
[2026-05-22T06:28:42.603Z] Notification saved
[2026-05-22T06:28:42.614Z] Notification saved
[2026-05-22T06:28:52.542Z] Topic: aquaponic/device/data
[2026-05-22T06:28:52.542Z] Payload: {"mac_address":"ESP:32:AA:BB:CC:01","sensors":{"temperature":33.5,"humidity":67.7,"ph":4.9}}
[2026-05-22T06:28:52.542Z] Topic: aquaponic/device/data
[2026-05-22T06:28:52.543Z] Payload: {"mac_address":"ESP:32:AA:BB:CC:01","sensors":{"temperature":33.5,"humidity":67.7,"ph":4.9}}
[2026-05-22T06:28:52.544Z] temperature => 33.5
[2026-05-22T06:28:52.544Z] temperature => 33.5
[2026-05-22T06:28:52.557Z] temperature: 33.5 saved
[2026-05-22T06:28:52.566Z] temperature: 33.5 saved
[2026-05-22T06:28:52.572Z] Notification saved
[2026-05-22T06:28:52.572Z] humidity => 67.7
[2026-05-22T06:28:52.579Z] Notification saved
[2026-05-22T06:28:52.579Z] humidity => 67.7
[2026-05-22T06:28:52.588Z] humidity: 67.7 saved
[2026-05-22T06:28:52.588Z] ph => 4.9
[2026-05-22T06:28:52.600Z] humidity: 67.7 saved
[2026-05-22T06:28:52.600Z] ph => 4.9
[2026-05-22T06:28:52.607Z] ph: 4.9 saved
[2026-05-22T06:28:52.620Z] ph: 4.9 saved
[2026-05-22T06:28:52.623Z] Notification saved
[2026-05-22T06:28:52.630Z] Notification saved
[2026-05-22T06:29:02.558Z] Topic: aquaponic/device/data
[2026-05-22T06:29:02.558Z] Payload: {"mac_address":"ESP:32:AA:BB:CC:01","sensors":{"temperature":15,"humidity":70.2,"ph":6.6}}
[2026-05-22T06:29:02.559Z] temperature => 15
[2026-05-22T06:29:02.560Z] Topic: aquaponic/device/data
[2026-05-22T06:29:02.560Z] Payload: {"mac_address":"ESP:32:AA:BB:CC:01","sensors":{"temperature":15,"humidity":70.2,"ph":6.6}}
[2026-05-22T06:29:02.562Z] temperature => 15
[2026-05-22T06:29:02.569Z] temperature: 15 saved
[2026-05-22T06:29:02.592Z] temperature: 15 saved
[2026-05-22T06:29:02.596Z] Notification saved
[2026-05-22T06:29:02.596Z] humidity => 70.2
[2026-05-22T06:29:02.611Z] Notification saved
[2026-05-22T06:29:02.611Z] humidity => 70.2
[2026-05-22T06:29:02.628Z] humidity: 70.2 saved
[2026-05-22T06:29:02.629Z] ph => 6.6
[2026-05-22T06:29:02.631Z] humidity: 70.2 saved
[2026-05-22T06:29:02.631Z] ph => 6.6
[2026-05-22T06:29:02.642Z] ph: 6.6 saved
[2026-05-22T06:29:02.663Z] ph: 6.6 saved
[2026-05-22T06:29:12.562Z] Topic: aquaponic/device/data
[2026-05-22T06:29:12.562Z] Payload: {"mac_address":"ESP:32:AA:BB:CC:01","sensors":{"temperature":30.7,"humidity":44.1,"ph":6.9}}
[2026-05-22T06:29:12.562Z] Topic: aquaponic/device/data
[2026-05-22T06:29:12.562Z] Payload: {"mac_address":"ESP:32:AA:BB:CC:01","sensors":{"temperature":30.7,"humidity":44.1,"ph":6.9}}
[2026-05-22T06:29:12.563Z] temperature => 30.7
[2026-05-22T06:29:12.563Z] temperature => 30.7
[2026-05-22T06:29:12.591Z] temperature: 30.7 saved
[2026-05-22T06:29:12.591Z] humidity => 44.1
[2026-05-22T06:29:12.599Z] temperature: 30.7 saved
[2026-05-22T06:29:12.599Z] humidity => 44.1
[2026-05-22T06:29:12.611Z] humidity: 44.1 saved
[2026-05-22T06:29:12.611Z] ph => 6.9
[2026-05-22T06:29:12.657Z] ph: 6.9 saved
[2026-05-22T06:29:12.657Z] humidity: 44.1 saved
[2026-05-22T06:29:12.657Z] ph => 6.9
[2026-05-22T06:29:12.689Z] ph: 6.9 saved
[2026-05-22T06:29:22.576Z] Topic: aquaponic/device/data
[2026-05-22T06:29:22.576Z] Payload: {"mac_address":"ESP:32:AA:BB:CC:01","sensors":{"temperature":19.4,"humidity":81.7,"ph":5.9}}
[2026-05-22T06:29:22.576Z] Topic: aquaponic/device/data
[2026-05-22T06:29:22.576Z] Payload: {"mac_address":"ESP:32:AA:BB:CC:01","sensors":{"temperature":19.4,"humidity":81.7,"ph":5.9}}
[2026-05-22T06:29:22.577Z] temperature => 19.4
[2026-05-22T06:29:22.577Z] temperature => 19.4
[2026-05-22T06:29:22.592Z] temperature: 19.4 saved
[2026-05-22T06:29:22.592Z] humidity => 81.7
[2026-05-22T06:29:22.596Z] temperature: 19.4 saved
[2026-05-22T06:29:22.596Z] humidity => 81.7
[2026-05-22T06:29:22.604Z] humidity: 81.7 saved
[2026-05-22T06:29:22.604Z] ph => 5.9
[2026-05-22T06:29:22.611Z] humidity: 81.7 saved
[2026-05-22T06:29:22.611Z] ph => 5.9
[2026-05-22T06:29:22.622Z] ph: 5.9 saved
[2026-05-22T06:29:22.643Z] ph: 5.9 saved
[2026-05-22T06:29:32.586Z] Topic: aquaponic/device/data
[2026-05-22T06:29:32.586Z] Payload: {"mac_address":"ESP:32:AA:BB:CC:01","sensors":{"temperature":16.1,"humidity":71.2,"ph":6.9}}
[2026-05-22T06:29:32.587Z] Topic: aquaponic/device/data
[2026-05-22T06:29:32.587Z] Payload: {"mac_address":"ESP:32:AA:BB:CC:01","sensors":{"temperature":16.1,"humidity":71.2,"ph":6.9}}
[2026-05-22T06:29:32.588Z] temperature => 16.1
[2026-05-22T06:29:32.588Z] temperature => 16.1
[2026-05-22T06:29:32.603Z] temperature: 16.1 saved
[2026-05-22T06:29:32.616Z] temperature: 16.1 saved
[2026-05-22T06:29:32.623Z] Notification saved
[2026-05-22T06:29:32.623Z] humidity => 71.2
[2026-05-22T06:29:32.633Z] Notification saved
[2026-05-22T06:29:32.633Z] humidity => 71.2
[2026-05-22T06:29:32.638Z] humidity: 71.2 saved
[2026-05-22T06:29:32.638Z] ph => 6.9
[2026-05-22T06:29:32.648Z] humidity: 71.2 saved
[2026-05-22T06:29:32.648Z] ph => 6.9
[2026-05-22T06:29:32.658Z] ph: 6.9 saved
[2026-05-22T06:29:32.665Z] ph: 6.9 saved
[2026-05-22T06:29:42.598Z] Topic: aquaponic/device/data
[2026-05-22T06:29:42.598Z] Payload: {"mac_address":"ESP:32:AA:BB:CC:01","sensors":{"temperature":31.1,"humidity":73.3,"ph":7}}
[2026-05-22T06:29:42.598Z] Topic: aquaponic/device/data
[2026-05-22T06:29:42.598Z] Payload: {"mac_address":"ESP:32:AA:BB:CC:01","sensors":{"temperature":31.1,"humidity":73.3,"ph":7}}
[2026-05-22T06:29:42.599Z] temperature => 31.1
[2026-05-22T06:29:42.600Z] temperature => 31.1
[2026-05-22T06:29:42.608Z] temperature: 31.1 saved
[2026-05-22T06:29:42.608Z] humidity => 73.3
[2026-05-22T06:29:42.612Z] temperature: 31.1 saved
[2026-05-22T06:29:42.612Z] humidity => 73.3
[2026-05-22T06:29:42.622Z] humidity: 73.3 saved
[2026-05-22T06:29:42.622Z] ph => 7
[2026-05-22T06:29:42.642Z] humidity: 73.3 saved
[2026-05-22T06:29:42.642Z] ph => 7
[2026-05-22T06:29:42.650Z] ph: 7 saved
[2026-05-22T06:29:42.656Z] ph: 7 saved
[2026-05-22T06:29:52.615Z] Topic: aquaponic/device/data
[2026-05-22T06:29:52.616Z] Payload: {"mac_address":"ESP:32:AA:BB:CC:01","sensors":{"temperature":31.9,"humidity":45.7,"ph":7}}
[2026-05-22T06:29:52.616Z] Topic: aquaponic/device/data
[2026-05-22T06:29:52.616Z] Payload: {"mac_address":"ESP:32:AA:BB:CC:01","sensors":{"temperature":31.9,"humidity":45.7,"ph":7}}
[2026-05-22T06:29:52.617Z] temperature => 31.9
[2026-05-22T06:29:52.617Z] temperature => 31.9
[2026-05-22T06:29:52.628Z] temperature: 31.9 saved
[2026-05-22T06:29:52.628Z] humidity => 45.7
[2026-05-22T06:29:52.633Z] temperature: 31.9 saved
[2026-05-22T06:29:52.633Z] humidity => 45.7
[2026-05-22T06:29:52.651Z] humidity: 45.7 saved
[2026-05-22T06:29:52.651Z] ph => 7
[2026-05-22T06:29:52.659Z] humidity: 45.7 saved
[2026-05-22T06:29:52.659Z] ph => 7
[2026-05-22T06:29:52.666Z] ph: 7 saved
[2026-05-22T06:29:52.683Z] ph: 7 saved
[2026-05-22T06:30:04.081Z] Topic: aquaponic/device/data
[2026-05-22T06:30:04.081Z] Payload: {"mac_address":"ESP:32:AA:BB:CC:01","sensors":{"temperature":16.4,"humidity":65.6,"ph":4.7}}
[2026-05-22T06:30:04.081Z] Topic: aquaponic/device/data
[2026-05-22T06:30:04.081Z] Payload: {"mac_address":"ESP:32:AA:BB:CC:01","sensors":{"temperature":16.4,"humidity":65.6,"ph":4.7}}
[2026-05-22T06:30:04.083Z] temperature => 16.4
[2026-05-22T06:30:04.083Z] temperature => 16.4
[2026-05-22T06:30:04.102Z] temperature: 16.4 saved
[2026-05-22T06:30:04.105Z] temperature: 16.4 saved
[2026-05-22T06:30:04.152Z] Notification saved
[2026-05-22T06:30:04.152Z] humidity => 65.6
[2026-05-22T06:30:04.153Z] Notification saved
[2026-05-22T06:30:04.153Z] humidity => 65.6
[2026-05-22T06:30:04.186Z] humidity: 65.6 saved
[2026-05-22T06:30:04.186Z] humidity: 65.6 saved
[2026-05-22T06:30:04.186Z] ph => 4.7
[2026-05-22T06:30:04.186Z] ph => 4.7
[2026-05-22T06:30:04.214Z] ph: 4.7 saved
[2026-05-22T06:30:04.223Z] ph: 4.7 saved
[2026-05-22T06:30:04.261Z] Notification saved
[2026-05-22T06:30:04.261Z] Notification saved
[2026-05-22T06:30:12.634Z] Topic: aquaponic/device/data
[2026-05-22T06:30:12.634Z] Payload: {"mac_address":"ESP:32:AA:BB:CC:01","sensors":{"temperature":27.6,"humidity":91.8,"ph":8.1}}
[2026-05-22T06:30:12.634Z] Topic: aquaponic/device/data
[2026-05-22T06:30:12.635Z] Payload: {"mac_address":"ESP:32:AA:BB:CC:01","sensors":{"temperature":27.6,"humidity":91.8,"ph":8.1}}
[2026-05-22T06:30:12.636Z] temperature => 27.6
[2026-05-22T06:30:12.636Z] temperature => 27.6
[2026-05-22T06:30:12.644Z] temperature: 27.6 saved
[2026-05-22T06:30:12.644Z] temperature: 27.6 saved
[2026-05-22T06:30:12.644Z] humidity => 91.8
[2026-05-22T06:30:12.644Z] humidity => 91.8
[2026-05-22T06:30:12.657Z] humidity: 91.8 saved
[2026-05-22T06:30:12.660Z] humidity: 91.8 saved
[2026-05-22T06:30:12.670Z] Notification saved
[2026-05-22T06:30:12.670Z] ph => 8.1
[2026-05-22T06:30:12.678Z] Notification saved
[2026-05-22T06:30:12.678Z] ph => 8.1
[2026-05-22T06:30:12.687Z] ph: 8.1 saved
[2026-05-22T06:30:12.694Z] ph: 8.1 saved
[2026-05-22T06:30:12.702Z] Notification saved
[2026-05-22T06:30:12.709Z] Notification saved
[2026-05-22T06:30:22.649Z] Topic: aquaponic/device/data
[2026-05-22T06:30:22.649Z] Payload: {"mac_address":"ESP:32:AA:BB:CC:01","sensors":{"temperature":24.1,"humidity":49.3,"ph":8.4}}
[2026-05-22T06:30:22.650Z] Topic: aquaponic/device/data
[2026-05-22T06:30:22.650Z] Payload: {"mac_address":"ESP:32:AA:BB:CC:01","sensors":{"temperature":24.1,"humidity":49.3,"ph":8.4}}
[2026-05-22T06:30:22.651Z] temperature => 24.1
[2026-05-22T06:30:22.651Z] temperature => 24.1
[2026-05-22T06:30:22.668Z] temperature: 24.1 saved
[2026-05-22T06:30:22.669Z] humidity => 49.3
[2026-05-22T06:30:22.672Z] temperature: 24.1 saved
[2026-05-22T06:30:22.672Z] humidity => 49.3
[2026-05-22T06:30:22.680Z] humidity: 49.3 saved
[2026-05-22T06:30:22.681Z] ph => 8.4
[2026-05-22T06:30:22.689Z] humidity: 49.3 saved
[2026-05-22T06:30:22.690Z] ph => 8.4
[2026-05-22T06:30:22.709Z] ph: 8.4 saved
[2026-05-22T06:30:22.714Z] ph: 8.4 saved
[2026-05-22T06:30:22.720Z] Notification saved
[2026-05-22T06:30:22.727Z] Notification saved
[2026-05-22T06:30:32.659Z] Topic: aquaponic/device/data
[2026-05-22T06:30:32.659Z] Payload: {"mac_address":"ESP:32:AA:BB:CC:01","sensors":{"temperature":34.1,"humidity":39.9,"ph":5.5}}
[2026-05-22T06:30:32.660Z] Topic: aquaponic/device/data
[2026-05-22T06:30:32.660Z] Payload: {"mac_address":"ESP:32:AA:BB:CC:01","sensors":{"temperature":34.1,"humidity":39.9,"ph":5.5}}
[2026-05-22T06:30:32.661Z] temperature => 34.1
[2026-05-22T06:30:32.661Z] temperature => 34.1
[2026-05-22T06:30:32.674Z] temperature: 34.1 saved
[2026-05-22T06:30:32.677Z] temperature: 34.1 saved
[2026-05-22T06:30:32.684Z] Notification saved
[2026-05-22T06:30:32.684Z] humidity => 39.9
[2026-05-22T06:30:32.693Z] Notification saved
[2026-05-22T06:30:32.694Z] humidity => 39.9
[2026-05-22T06:30:32.697Z] humidity: 39.9 saved
[2026-05-22T06:30:32.705Z] humidity: 39.9 saved
[2026-05-22T06:30:32.715Z] Notification saved
[2026-05-22T06:30:32.715Z] ph => 5.5
[2026-05-22T06:30:32.731Z] Notification saved
[2026-05-22T06:30:32.731Z] ph => 5.5
[2026-05-22T06:30:32.739Z] ph: 5.5 saved
[2026-05-22T06:30:32.748Z] ph: 5.5 saved
[2026-05-22T06:30:42.671Z] Topic: aquaponic/device/data
[2026-05-22T06:30:42.672Z] Payload: {"mac_address":"ESP:32:AA:BB:CC:01","sensors":{"temperature":22.4,"humidity":91.6,"ph":4.3}}
[2026-05-22T06:30:42.672Z] Topic: aquaponic/device/data
[2026-05-22T06:30:42.672Z] Payload: {"mac_address":"ESP:32:AA:BB:CC:01","sensors":{"temperature":22.4,"humidity":91.6,"ph":4.3}}
[2026-05-22T06:30:42.673Z] temperature => 22.4
[2026-05-22T06:30:42.673Z] temperature => 22.4
[2026-05-22T06:30:42.688Z] temperature: 22.4 saved
[2026-05-22T06:30:42.688Z] humidity => 91.6
[2026-05-22T06:30:42.697Z] temperature: 22.4 saved
[2026-05-22T06:30:42.697Z] humidity => 91.6
[2026-05-22T06:30:42.706Z] humidity: 91.6 saved
[2026-05-22T06:30:42.709Z] humidity: 91.6 saved
[2026-05-22T06:30:42.720Z] Notification saved
[2026-05-22T06:30:42.720Z] ph => 4.3
[2026-05-22T06:30:42.731Z] Notification saved
[2026-05-22T06:30:42.731Z] ph => 4.3
[2026-05-22T06:30:42.746Z] ph: 4.3 saved
[2026-05-22T06:30:42.750Z] ph: 4.3 saved
[2026-05-22T06:30:42.756Z] Notification saved
[2026-05-22T06:30:42.763Z] Notification saved
[2026-05-22T06:30:52.690Z] Topic: aquaponic/device/data
[2026-05-22T06:30:52.691Z] Payload: {"mac_address":"ESP:32:AA:BB:CC:01","sensors":{"temperature":19,"humidity":94.6,"ph":4}}
[2026-05-22T06:30:52.691Z] Topic: aquaponic/device/data
[2026-05-22T06:30:52.691Z] Payload: {"mac_address":"ESP:32:AA:BB:CC:01","sensors":{"temperature":19,"humidity":94.6,"ph":4}}
[2026-05-22T06:30:52.692Z] temperature => 19
[2026-05-22T06:30:52.692Z] temperature => 19
[2026-05-22T06:30:52.703Z] temperature: 19 saved
[2026-05-22T06:30:52.703Z] humidity => 94.6
[2026-05-22T06:30:52.711Z] temperature: 19 saved
[2026-05-22T06:30:52.711Z] humidity => 94.6
[2026-05-22T06:30:52.714Z] humidity: 94.6 saved
[2026-05-22T06:30:52.723Z] humidity: 94.6 saved
[2026-05-22T06:30:52.732Z] Notification saved
[2026-05-22T06:30:52.732Z] ph => 4
[2026-05-22T06:30:52.740Z] Notification saved
[2026-05-22T06:30:52.741Z] ph => 4
[2026-05-22T06:30:52.759Z] ph: 4 saved
[2026-05-22T06:30:52.762Z] ph: 4 saved
[2026-05-22T06:30:52.771Z] Notification saved
[2026-05-22T06:30:52.785Z] Notification saved
[2026-05-22T06:31:02.695Z] Topic: aquaponic/device/data
[2026-05-22T06:31:02.696Z] Payload: {"mac_address":"ESP:32:AA:BB:CC:01","sensors":{"temperature":34.5,"humidity":36.4,"ph":8.3}}
[2026-05-22T06:31:02.696Z] Topic: aquaponic/device/data
[2026-05-22T06:31:02.697Z] Payload: {"mac_address":"ESP:32:AA:BB:CC:01","sensors":{"temperature":34.5,"humidity":36.4,"ph":8.3}}
[2026-05-22T06:31:02.697Z] temperature => 34.5
[2026-05-22T06:31:02.698Z] temperature => 34.5
[2026-05-22T06:31:02.717Z] temperature: 34.5 saved
[2026-05-22T06:31:02.717Z] temperature: 34.5 saved
[2026-05-22T06:31:02.725Z] Notification saved
[2026-05-22T06:31:02.725Z] humidity => 36.4
[2026-05-22T06:31:02.730Z] Notification saved
[2026-05-22T06:31:02.730Z] humidity => 36.4
[2026-05-22T06:31:02.736Z] humidity: 36.4 saved
[2026-05-22T06:31:02.750Z] humidity: 36.4 saved
[2026-05-22T06:31:02.759Z] Notification saved
[2026-05-22T06:31:02.759Z] ph => 8.3
[2026-05-22T06:31:02.765Z] Notification saved
[2026-05-22T06:31:02.765Z] ph => 8.3
[2026-05-22T06:31:02.778Z] ph: 8.3 saved
[2026-05-22T06:31:02.781Z] ph: 8.3 saved
[2026-05-22T06:31:02.790Z] Notification saved
[2026-05-22T06:31:02.801Z] Notification saved
[2026-05-22T06:31:12.707Z] Topic: aquaponic/device/data
[2026-05-22T06:31:12.708Z] Payload: {"mac_address":"ESP:32:AA:BB:CC:01","sensors":{"temperature":25.1,"humidity":31.6,"ph":6.3}}
[2026-05-22T06:31:12.708Z] Topic: aquaponic/device/data
[2026-05-22T06:31:12.708Z] Payload: {"mac_address":"ESP:32:AA:BB:CC:01","sensors":{"temperature":25.1,"humidity":31.6,"ph":6.3}}
[2026-05-22T06:31:12.709Z] temperature => 25.1
[2026-05-22T06:31:12.710Z] temperature => 25.1
[2026-05-22T06:31:12.722Z] temperature: 25.1 saved
[2026-05-22T06:31:12.722Z] humidity => 31.6
[2026-05-22T06:31:12.732Z] temperature: 25.1 saved
[2026-05-22T06:31:12.732Z] humidity => 31.6
[2026-05-22T06:31:12.737Z] humidity: 31.6 saved
[2026-05-22T06:31:12.747Z] humidity: 31.6 saved
[2026-05-22T06:31:12.754Z] Notification saved
[2026-05-22T06:31:12.754Z] ph => 6.3
[2026-05-22T06:31:12.769Z] Notification saved
[2026-05-22T06:31:12.769Z] ph => 6.3
[2026-05-22T06:31:12.771Z] ph: 6.3 saved
[2026-05-22T06:31:12.782Z] ph: 6.3 saved
[2026-05-22T06:31:22.723Z] Topic: aquaponic/device/data
[2026-05-22T06:31:22.723Z] Payload: {"mac_address":"ESP:32:AA:BB:CC:01","sensors":{"temperature":20.5,"humidity":93.3,"ph":7.2}}
[2026-05-22T06:31:22.723Z] Topic: aquaponic/device/data
[2026-05-22T06:31:22.724Z] Payload: {"mac_address":"ESP:32:AA:BB:CC:01","sensors":{"temperature":20.5,"humidity":93.3,"ph":7.2}}
[2026-05-22T06:31:22.724Z] temperature => 20.5
[2026-05-22T06:31:22.725Z] temperature => 20.5
[2026-05-22T06:31:22.742Z] temperature: 20.5 saved
[2026-05-22T06:31:22.742Z] humidity => 93.3
[2026-05-22T06:31:22.748Z] temperature: 20.5 saved
[2026-05-22T06:31:22.748Z] humidity => 93.3
[2026-05-22T06:31:22.771Z] humidity: 93.3 saved
[2026-05-22T06:31:22.771Z] humidity: 93.3 saved
[2026-05-22T06:31:22.784Z] Notification saved
[2026-05-22T06:31:22.784Z] Notification saved
[2026-05-22T06:31:22.784Z] ph => 7.2
[2026-05-22T06:31:22.784Z] ph => 7.2
[2026-05-22T06:31:22.791Z] ph: 7.2 saved
[2026-05-22T06:31:22.791Z] ph: 7.2 saved
[2026-05-22T06:31:32.732Z] Topic: aquaponic/device/data
[2026-05-22T06:31:32.732Z] Payload: {"mac_address":"ESP:32:AA:BB:CC:01","sensors":{"temperature":24.4,"humidity":65,"ph":7.3}}
[2026-05-22T06:31:32.732Z] Topic: aquaponic/device/data
[2026-05-22T06:31:32.733Z] Payload: {"mac_address":"ESP:32:AA:BB:CC:01","sensors":{"temperature":24.4,"humidity":65,"ph":7.3}}
[2026-05-22T06:31:32.734Z] temperature => 24.4
[2026-05-22T06:31:32.734Z] temperature => 24.4
[2026-05-22T06:31:32.742Z] temperature: 24.4 saved
[2026-05-22T06:31:32.742Z] humidity => 65
[2026-05-22T06:31:32.768Z] temperature: 24.4 saved
[2026-05-22T06:31:32.768Z] humidity => 65
[2026-05-22T06:31:32.775Z] humidity: 65 saved
[2026-05-22T06:31:32.775Z] ph => 7.3
[2026-05-22T06:31:32.782Z] humidity: 65 saved
[2026-05-22T06:31:32.782Z] ph => 7.3
[2026-05-22T06:31:32.790Z] ph: 7.3 saved
[2026-05-22T06:31:32.797Z] ph: 7.3 saved
[2026-05-22T06:31:42.746Z] Topic: aquaponic/device/data
[2026-05-22T06:31:42.746Z] Payload: {"mac_address":"ESP:32:AA:BB:CC:01","sensors":{"temperature":18.5,"humidity":31.4,"ph":5}}
[2026-05-22T06:31:42.747Z] Topic: aquaponic/device/data
[2026-05-22T06:31:42.747Z] Payload: {"mac_address":"ESP:32:AA:BB:CC:01","sensors":{"temperature":18.5,"humidity":31.4,"ph":5}}
[2026-05-22T06:31:42.748Z] temperature => 18.5
[2026-05-22T06:31:42.748Z] temperature => 18.5
[2026-05-22T06:31:42.764Z] temperature: 18.5 saved
[2026-05-22T06:31:42.764Z] humidity => 31.4
[2026-05-22T06:31:42.768Z] temperature: 18.5 saved
[2026-05-22T06:31:42.768Z] humidity => 31.4
[2026-05-22T06:31:42.775Z] humidity: 31.4 saved
[2026-05-22T06:31:42.784Z] humidity: 31.4 saved
[2026-05-22T06:31:42.801Z] Notification saved
[2026-05-22T06:31:42.801Z] ph => 5
[2026-05-22T06:31:42.804Z] Notification saved
[2026-05-22T06:31:42.804Z] ph => 5
[2026-05-22T06:31:42.810Z] ph: 5 saved
[2026-05-22T06:31:42.828Z] ph: 5 saved
[2026-05-22T06:31:42.836Z] Notification saved
[2026-05-22T06:31:42.843Z] Notification saved
[2026-05-22T06:31:52.761Z] Topic: aquaponic/device/data
[2026-05-22T06:31:52.761Z] Payload: {"mac_address":"ESP:32:AA:BB:CC:01","sensors":{"temperature":25.7,"humidity":73.5,"ph":6.7}}
[2026-05-22T06:31:52.761Z] Topic: aquaponic/device/data
[2026-05-22T06:31:52.761Z] Payload: {"mac_address":"ESP:32:AA:BB:CC:01","sensors":{"temperature":25.7,"humidity":73.5,"ph":6.7}}
[2026-05-22T06:31:52.762Z] temperature => 25.7
[2026-05-22T06:31:52.763Z] temperature => 25.7
[2026-05-22T06:31:52.777Z] temperature: 25.7 saved
[2026-05-22T06:31:52.777Z] temperature: 25.7 saved
[2026-05-22T06:31:52.777Z] humidity => 73.5
[2026-05-22T06:31:52.777Z] humidity => 73.5
[2026-05-22T06:31:52.792Z] humidity: 73.5 saved
[2026-05-22T06:31:52.792Z] humidity: 73.5 saved
[2026-05-22T06:31:52.792Z] ph => 6.7
[2026-05-22T06:31:52.792Z] ph => 6.7
[2026-05-22T06:31:52.805Z] ph: 6.7 saved
[2026-05-22T06:31:52.805Z] ph: 6.7 saved
[2026-05-22T06:32:02.770Z] Topic: aquaponic/device/data
[2026-05-22T06:32:02.770Z] Payload: {"mac_address":"ESP:32:AA:BB:CC:01","sensors":{"temperature":34.5,"humidity":38.1,"ph":7.2}}
[2026-05-22T06:32:02.770Z] Topic: aquaponic/device/data
[2026-05-22T06:32:02.770Z] Payload: {"mac_address":"ESP:32:AA:BB:CC:01","sensors":{"temperature":34.5,"humidity":38.1,"ph":7.2}}
[2026-05-22T06:32:02.772Z] temperature => 34.5
[2026-05-22T06:32:02.773Z] temperature => 34.5
[2026-05-22T06:32:02.783Z] temperature: 34.5 saved
[2026-05-22T06:32:02.833Z] Notification saved
[2026-05-22T06:32:02.833Z] humidity => 38.1
[2026-05-22T06:32:02.834Z] temperature: 34.5 saved
[2026-05-22T06:32:02.857Z] humidity: 38.1 saved
[2026-05-22T06:32:02.857Z] Notification saved
[2026-05-22T06:32:02.857Z] humidity => 38.1
[2026-05-22T06:32:02.879Z] Notification saved
[2026-05-22T06:32:02.879Z] humidity: 38.1 saved
[2026-05-22T06:32:02.879Z] ph => 7.2
[2026-05-22T06:32:02.905Z] ph: 7.2 saved
[2026-05-22T06:32:02.905Z] Notification saved
[2026-05-22T06:32:02.905Z] ph => 7.2
[2026-05-22T06:32:02.923Z] ph: 7.2 saved
[2026-05-22T06:32:12.784Z] Topic: aquaponic/device/data
[2026-05-22T06:32:12.784Z] Payload: {"mac_address":"ESP:32:AA:BB:CC:01","sensors":{"temperature":18.8,"humidity":77.9,"ph":8.2}}
[2026-05-22T06:32:12.785Z] Topic: aquaponic/device/data
[2026-05-22T06:32:12.785Z] Payload: {"mac_address":"ESP:32:AA:BB:CC:01","sensors":{"temperature":18.8,"humidity":77.9,"ph":8.2}}
[2026-05-22T06:32:12.786Z] temperature => 18.8
[2026-05-22T06:32:12.786Z] temperature => 18.8
[2026-05-22T06:32:12.798Z] temperature: 18.8 saved
[2026-05-22T06:32:12.799Z] humidity => 77.9
[2026-05-22T06:32:12.805Z] temperature: 18.8 saved
[2026-05-22T06:32:12.805Z] humidity => 77.9
[2026-05-22T06:32:12.831Z] humidity: 77.9 saved
[2026-05-22T06:32:12.832Z] ph => 8.2
[2026-05-22T06:32:12.834Z] humidity: 77.9 saved
[2026-05-22T06:32:12.835Z] ph => 8.2
[2026-05-22T06:32:12.849Z] ph: 8.2 saved
[2026-05-22T06:32:12.861Z] ph: 8.2 saved
[2026-05-22T06:32:12.880Z] Notification saved
[2026-05-22T06:32:12.884Z] Notification saved
[2026-05-22T08:06:52.262Z] MQTT Error: Keepalive timeout
[2026-05-22T08:06:54.622Z] MQTT Connected
[2026-05-22T08:06:54.622Z] Subscribed: aquaponic/device/data
[2026-05-22T08:06:56.161Z] MQTT Error: Keepalive timeout
[2026-05-22T08:06:57.984Z] MQTT Connected
[2026-05-22T08:06:57.984Z] Subscribed: aquaponic/device/data
[2026-05-22T11:24:52.783Z] MQTT Error: Keepalive timeout
[2026-05-22T11:25:00.390Z] MQTT Connected
[2026-05-22T11:25:00.390Z] Subscribed: aquaponic/device/data
[2026-05-22T11:26:34.404Z] MQTT Error: Keepalive timeout
[2026-05-22T11:27:05.410Z] MQTT Error: connack timeout
[2026-05-22T11:27:31.939Z] MQTT Error: Keepalive timeout
[2026-05-22T11:27:36.420Z] MQTT Error: connack timeout
[2026-05-22T11:28:02.945Z] MQTT Error: connack timeout
[2026-05-22T11:28:07.426Z] MQTT Error: connack timeout
[2026-05-22T11:28:38.429Z] MQTT Error: connack timeout
[2026-05-22T11:28:49.543Z] MQTT Error: connack timeout
[2026-05-22T11:29:09.442Z] MQTT Error: connack timeout
[2026-05-22T11:29:20.547Z] MQTT Error: connack timeout
[2026-05-22T11:29:40.453Z] MQTT Error: connack timeout
[2026-05-22T11:29:51.551Z] MQTT Error: connack timeout
[2026-05-22T11:30:11.457Z] MQTT Error: connack timeout
[2026-05-22T11:30:22.557Z] MQTT Error: connack timeout
[2026-05-22T11:30:53.564Z] MQTT Error: connack timeout
[2026-05-22T11:31:06.223Z] MQTT Error: connack timeout
[2026-05-22T11:31:24.573Z] MQTT Error: connack timeout
[2026-05-22T11:31:37.232Z] MQTT Error: connack timeout
[2026-05-22T11:32:08.240Z] MQTT Error: connack timeout
[2026-05-22T11:32:09.222Z] MQTT Error: connack timeout
[2026-05-22T11:32:39.251Z] MQTT Error: connack timeout
[2026-05-22T11:32:40.224Z] MQTT Error: connack timeout
[2026-05-22T11:33:11.228Z] MQTT Error: connack timeout
[2026-05-22T11:33:22.538Z] MQTT Error: connack timeout
[2026-05-22T11:33:42.233Z] MQTT Error: connack timeout
[2026-05-22T11:33:53.563Z] MQTT Error: connack timeout
[2026-05-22T11:34:13.238Z] MQTT Error: connack timeout
[2026-05-22T11:34:24.587Z] MQTT Error: connack timeout
[2026-05-22T11:34:44.244Z] MQTT Error: connack timeout
[2026-05-22T11:34:55.615Z] MQTT Error: connack timeout
[2026-05-22T11:35:15.248Z] MQTT Error: connack timeout
[2026-05-22T11:35:38.997Z] MQTT Error: connack timeout
[2026-05-22T11:35:46.256Z] MQTT Error: connack timeout
[2026-05-22T11:36:10.009Z] MQTT Error: connack timeout
[2026-05-22T11:36:17.264Z] MQTT Error: connack timeout
[2026-05-22T11:36:41.022Z] MQTT Error: connack timeout
[2026-05-22T11:36:48.272Z] MQTT Error: connack timeout
[2026-05-22T11:37:19.277Z] MQTT Error: connack timeout
[2026-05-22T11:37:24.000Z] MQTT Error: connack timeout
[2026-05-22T11:37:50.278Z] MQTT Error: connack timeout
[2026-05-22T11:37:55.036Z] MQTT Error: connack timeout
[2026-05-22T11:38:21.282Z] MQTT Error: connack timeout
[2026-05-22T11:38:26.051Z] MQTT Error: connack timeout
[2026-05-22T11:38:52.286Z] MQTT Error: connack timeout
[2026-05-22T11:38:57.063Z] MQTT Error: connack timeout
[2026-05-22T11:39:23.291Z] MQTT Error: connack timeout
[2026-05-22T11:39:28.089Z] MQTT Error: connack timeout
[2026-05-22T11:39:54.294Z] MQTT Error: connack timeout
[2026-05-22T11:39:59.109Z] MQTT Error: connack timeout
[2026-05-22T11:40:25.297Z] MQTT Error: connack timeout
[2026-05-22T11:40:43.633Z] MQTT Error: connack timeout
[2026-05-22T11:40:56.300Z] MQTT Error: connack timeout
[2026-05-22T11:41:14.650Z] MQTT Error: connack timeout
[2026-05-22T11:41:27.305Z] MQTT Error: connack timeout
[2026-05-22T11:41:45.669Z] MQTT Error: connack timeout
[2026-05-22T11:41:58.310Z] MQTT Error: connack timeout
[2026-05-22T11:42:16.689Z] MQTT Error: connack timeout
[2026-05-22T11:42:29.313Z] MQTT Error: connack timeout
[2026-05-22T11:42:47.706Z] MQTT Error: connack timeout
[2026-05-22T11:43:00.316Z] MQTT Error: connack timeout
[2026-05-22T11:43:18.726Z] MQTT Error: connack timeout
[2026-05-22T11:43:31.319Z] MQTT Error: connack timeout
[2026-05-22T11:44:02.323Z] MQTT Error: connack timeout
[2026-05-22T11:44:03.138Z] MQTT Error: connack timeout
[2026-05-22T11:44:33.326Z] MQTT Error: connack timeout
[2026-05-22T11:44:34.144Z] MQTT Error: connack timeout
[2026-05-22T11:45:04.332Z] MQTT Error: connack timeout
[2026-05-22T11:45:05.151Z] MQTT Error: connack timeout
[2026-05-22T11:45:35.339Z] MQTT Error: connack timeout
[2026-05-22T11:45:48.430Z] MQTT Error: connack timeout
[2026-05-22T11:46:06.347Z] MQTT Error: connack timeout
[2026-05-22T11:46:19.435Z] MQTT Error: connack timeout
[2026-05-22T11:46:37.351Z] MQTT Error: connack timeout
[2026-05-22T11:46:50.455Z] MQTT Error: connack timeout
[2026-05-22T11:47:08.361Z] MQTT Error: connack timeout
[2026-05-22T11:47:33.697Z] MQTT Error: connack timeout
[2026-05-22T11:47:39.372Z] MQTT Error: connack timeout
[2026-05-22T11:48:04.703Z] MQTT Error: connack timeout
[2026-05-22T11:48:10.373Z] MQTT Error: connack timeout
[2026-05-22T11:48:35.710Z] MQTT Error: connack timeout
[2026-05-22T11:48:41.376Z] MQTT Error: connack timeout
[2026-05-22T11:49:06.718Z] MQTT Error: connack timeout
[2026-05-22T11:49:12.381Z] MQTT Error: connack timeout
[2026-05-22T11:49:37.727Z] MQTT Error: connack timeout
[2026-05-22T11:49:43.387Z] MQTT Error: connack timeout
[2026-05-22T11:50:08.730Z] MQTT Error: connack timeout
[2026-05-22T11:50:14.393Z] MQTT Error: connack timeout
[2026-05-22T11:50:39.739Z] MQTT Error: connack timeout
[2026-05-22T11:50:45.401Z] MQTT Error: connack timeout
[2026-05-22T11:51:10.753Z] MQTT Error: connack timeout
[2026-05-22T11:51:16.409Z] MQTT Error: connack timeout
[2026-05-22T11:51:41.767Z] MQTT Error: connack timeout
[2026-05-22T11:52:12.774Z] MQTT Error: connack timeout
[2026-05-22T11:52:15.309Z] MQTT Error: connack timeout
[2026-05-22T11:52:43.789Z] MQTT Error: connack timeout
[2026-05-22T11:52:46.313Z] MQTT Error: connack timeout
[2026-05-22T11:53:14.804Z] MQTT Error: connack timeout
[2026-05-22T11:53:17.317Z] MQTT Error: connack timeout
[2026-05-22T11:53:28.996Z] MQTT Connected
[2026-05-22T11:53:28.997Z] Subscribed: aquaponic/device/data
[2026-05-22T11:54:00.356Z] MQTT Error: connack timeout
[2026-05-22T11:54:31.360Z] MQTT Error: connack timeout
[2026-05-22T11:54:59.191Z] MQTT Error: Keepalive timeout
[2026-05-22T11:55:02.367Z] MQTT Error: connack timeout
[2026-05-22T11:55:30.198Z] MQTT Error: connack timeout
[2026-05-22T11:55:33.372Z] MQTT Error: connack timeout
[2026-05-22T11:56:04.378Z] MQTT Error: connack timeout
[2026-05-22T11:56:16.891Z] MQTT Error: connack timeout
[2026-05-22T11:56:35.385Z] MQTT Error: connack timeout
[2026-05-22T11:56:47.899Z] MQTT Error: connack timeout
[2026-05-22T11:57:06.394Z] MQTT Error: connack timeout
[2026-05-22T11:57:18.909Z] MQTT Error: connack timeout
[2026-05-22T11:57:37.402Z] MQTT Error: connack timeout
[2026-05-22T11:57:49.921Z] MQTT Error: connack timeout
[2026-05-22T11:58:02.240Z] MQTT Connected
[2026-05-22T11:58:02.240Z] Subscribed: aquaponic/device/data
[2026-05-22T11:58:22.907Z] MQTT Error: connack timeout
[2026-05-22T11:58:53.914Z] MQTT Error: connack timeout
[2026-05-22T11:59:36.756Z] MQTT Error: connack timeout
[2026-05-22T12:00:07.766Z] MQTT Error: connack timeout
[2026-05-22T12:00:50.530Z] MQTT Error: connack timeout
[2026-05-22T12:01:21.551Z] MQTT Error: connack timeout
[2026-05-22T12:02:04.280Z] MQTT Error: connack timeout
[2026-05-22T12:02:35.284Z] MQTT Error: connack timeout
[2026-05-22T12:03:06.292Z] MQTT Error: connack timeout
[2026-05-22T12:03:37.298Z] MQTT Error: connack timeout
[2026-05-22T12:04:08.307Z] MQTT Error: connack timeout
[2026-05-22T12:05:03.101Z] MQTT Error: connack timeout
[2026-05-22T12:05:34.107Z] MQTT Error: connack timeout
[2026-05-22T12:06:05.113Z] MQTT Error: connack timeout
[2026-05-22T12:06:48.406Z] MQTT Error: connack timeout
[2026-05-22T12:06:54.661Z] MQTT Error: Keepalive timeout
[2026-05-22T12:07:19.427Z] MQTT Error: connack timeout
[2026-05-22T12:07:25.663Z] MQTT Error: connack timeout
[2026-05-22T12:07:50.447Z] MQTT Error: connack timeout
[2026-05-22T12:07:56.668Z] MQTT Error: connack timeout
[2026-05-22T12:08:27.672Z] MQTT Error: connack timeout
[2026-05-22T12:08:33.769Z] MQTT Error: connack timeout
[2026-05-22T12:09:04.775Z] MQTT Error: connack timeout
[2026-05-22T12:09:26.461Z] MQTT Error: connack timeout
[2026-05-22T12:09:47.549Z] MQTT Error: connack timeout
[2026-05-22T12:09:57.466Z] MQTT Error: connack timeout
[2026-05-22T12:10:18.556Z] MQTT Error: connack timeout
[2026-05-22T12:10:28.473Z] MQTT Error: connack timeout
[2026-05-22T12:10:59.480Z] MQTT Error: connack timeout
[2026-05-22T12:11:01.380Z] MQTT Error: connack timeout
[2026-05-22T12:11:30.488Z] MQTT Error: connack timeout
[2026-05-22T12:11:32.384Z] MQTT Error: connack timeout
[2026-05-22T12:12:03.389Z] MQTT Error: connack timeout
[2026-05-22T12:12:15.233Z] MQTT Error: connack timeout
[2026-05-22T12:12:34.395Z] MQTT Error: connack timeout
[2026-05-22T12:12:46.238Z] MQTT Error: connack timeout
[2026-05-22T12:13:05.401Z] MQTT Error: connack timeout
[2026-05-22T12:13:29.120Z] MQTT Error: connack timeout
[2026-05-22T12:13:36.409Z] MQTT Error: connack timeout
[2026-05-22T12:14:00.126Z] MQTT Error: connack timeout
[2026-05-22T12:14:07.417Z] MQTT Error: connack timeout
[2026-05-22T12:14:31.127Z] MQTT Error: connack timeout
[2026-05-22T12:14:38.427Z] MQTT Error: connack timeout
[2026-05-22T12:15:02.130Z] MQTT Error: connack timeout
[2026-05-22T12:15:25.217Z] MQTT Error: connack timeout
[2026-05-22T12:15:33.134Z] MQTT Error: connack timeout
[2026-05-22T12:15:56.244Z] MQTT Error: connack timeout
[2026-05-22T12:16:17.976Z] MQTT Error: connack timeout
[2026-05-22T12:16:27.274Z] MQTT Error: connack timeout
[2026-05-22T12:16:48.984Z] MQTT Error: connack timeout
[2026-05-22T12:16:58.303Z] MQTT Error: connack timeout
[2026-05-22T12:17:19.994Z] MQTT Error: connack timeout
[2026-05-22T12:17:29.334Z] MQTT Error: connack timeout
[2026-05-22T12:17:32.269Z] MQTT Connected
[2026-05-22T12:17:32.269Z] Subscribed: aquaponic/device/data
[2026-05-22T12:18:13.820Z] MQTT Error: connack timeout
[2026-05-22T12:18:44.836Z] MQTT Error: connack timeout
[2026-05-22T12:19:15.843Z] MQTT Error: connack timeout
[2026-05-22T12:19:46.857Z] MQTT Error: connack timeout
[2026-05-22T12:20:41.721Z] MQTT Error: connack timeout
[2026-05-22T12:21:12.736Z] MQTT Error: connack timeout
[2026-05-22T12:21:55.543Z] MQTT Error: connack timeout
[2026-05-22T12:22:26.570Z] MQTT Error: connack timeout
[2026-05-22T12:22:57.599Z] MQTT Error: connack timeout
[2026-05-22T12:23:40.845Z] MQTT Error: connack timeout
[2026-05-22T12:24:11.858Z] MQTT Error: connack timeout
[2026-05-22T12:24:54.858Z] MQTT Error: connack timeout
[2026-05-22T12:25:25.863Z] MQTT Error: connack timeout
[2026-05-22T12:25:56.892Z] MQTT Error: connack timeout
[2026-05-22T12:26:40.203Z] MQTT Error: connack timeout
[2026-05-22T12:27:11.216Z] MQTT Error: connack timeout
[2026-05-22T12:27:42.231Z] MQTT Error: connack timeout
[2026-05-22T12:28:13.235Z] MQTT Error: connack timeout
[2026-05-22T12:29:07.994Z] MQTT Error: connack timeout
[2026-05-22T12:29:39.004Z] MQTT Error: connack timeout
[2026-05-22T12:30:10.015Z] MQTT Error: connack timeout
[2026-05-22T12:30:41.024Z] MQTT Error: connack timeout
[2026-05-22T12:31:12.038Z] MQTT Error: connack timeout
[2026-05-22T12:31:56.609Z] MQTT Error: connack timeout
[2026-05-22T12:32:27.629Z] MQTT Error: connack timeout
[2026-05-22T12:33:10.612Z] MQTT Error: connack timeout
[2026-05-22T12:33:41.624Z] MQTT Error: connack timeout
[2026-05-22T12:34:12.637Z] MQTT Error: connack timeout
[2026-05-22T12:34:43.644Z] MQTT Error: connack timeout
[2026-05-22T12:35:14.659Z] MQTT Error: connack timeout
[2026-05-22T12:35:59.237Z] MQTT Error: connack timeout
[2026-05-22T12:36:30.239Z] MQTT Error: connack timeout
[2026-05-22T12:36:52.708Z] MQTT Connected
[2026-05-22T12:36:52.709Z] Subscribed: aquaponic/device/data
[2026-05-22T12:38:22.963Z] MQTT Error: Keepalive timeout
[2026-05-22T12:38:53.971Z] MQTT Error: connack timeout
[2026-05-22T12:39:24.997Z] MQTT Error: connack timeout
[2026-05-22T12:39:56.023Z] MQTT Error: connack timeout
[2026-05-22T12:40:27.051Z] MQTT Error: connack timeout
[2026-05-22T12:41:26.010Z] MQTT Error: connack timeout
[2026-05-22T12:41:57.036Z] MQTT Error: connack timeout
[2026-05-22T12:42:28.064Z] MQTT Error: connack timeout
[2026-05-22T12:42:59.093Z] MQTT Error: connack timeout
[2026-05-22T12:43:30.123Z] MQTT Error: connack timeout
[2026-05-22T12:44:14.732Z] MQTT Error: connack timeout
[2026-05-22T12:44:45.749Z] MQTT Error: connack timeout
[2026-05-22T12:45:16.766Z] MQTT Error: connack timeout
[2026-05-22T12:45:47.783Z] MQTT Error: connack timeout
[2026-05-22T12:46:18.786Z] MQTT Error: connack timeout
[2026-05-22T12:47:03.430Z] MQTT Error: connack timeout
[2026-05-22T12:47:34.435Z] MQTT Error: connack timeout
[2026-05-22T12:48:17.280Z] MQTT Error: connack timeout
[2026-05-22T12:48:48.299Z] MQTT Error: connack timeout
[2026-05-22T12:49:31.039Z] MQTT Error: connack timeout
[2026-05-22T12:50:23.738Z] MQTT Error: connack timeout
[2026-05-22T12:50:54.760Z] MQTT Error: connack timeout
[2026-05-22T12:51:25.786Z] MQTT Error: connack timeout
[2026-05-22T12:52:09.083Z] MQTT Error: connack timeout
[2026-05-22T12:52:40.087Z] MQTT Error: connack timeout
[2026-05-22T12:53:11.098Z] MQTT Error: connack timeout
[2026-05-22T12:53:42.111Z] MQTT Error: connack timeout
[2026-05-22T12:54:13.125Z] MQTT Error: connack timeout
[2026-05-22T12:54:57.766Z] MQTT Error: connack timeout
[2026-05-22T12:55:28.795Z] MQTT Error: connack timeout
[2026-05-22T12:55:59.824Z] MQTT Error: connack timeout
[2026-05-22T12:56:30.856Z] MQTT Error: connack timeout
[2026-05-22T12:57:01.858Z] MQTT Error: connack timeout
[2026-05-22T12:57:46.498Z] MQTT Error: connack timeout
[2026-05-22T12:58:17.515Z] MQTT Error: connack timeout
[2026-05-22T12:59:00.268Z] MQTT Error: connack timeout
[2026-05-22T12:59:31.269Z] MQTT Error: connack timeout
[2026-05-22T13:00:02.273Z] MQTT Error: connack timeout
[2026-05-22T13:00:33.284Z] MQTT Error: connack timeout
[2026-05-22T13:01:04.289Z] MQTT Error: connack timeout
[2026-05-22T13:01:48.962Z] MQTT Error: connack timeout
[2026-05-22T13:02:19.983Z] MQTT Error: connack timeout
[2026-05-22T13:02:51.001Z] MQTT Error: connack timeout
[2026-05-22T13:03:34.353Z] MQTT Error: connack timeout
[2026-05-22T13:04:05.359Z] MQTT Error: connack timeout
[2026-05-22T13:04:48.120Z] MQTT Error: connack timeout
[2026-05-22T13:05:19.140Z] MQTT Error: connack timeout
[2026-05-22T13:05:50.158Z] MQTT Error: connack timeout
[2026-05-22T13:06:02.417Z] MQTT Connected
[2026-05-22T13:06:02.417Z] Subscribed: aquaponic/device/data
[2026-05-22T13:07:32.419Z] MQTT Error: Keepalive timeout
[2026-05-22T13:08:18.938Z] MQTT Error: connack timeout
[2026-05-22T13:08:49.950Z] MQTT Error: connack timeout
[2026-05-22T13:09:20.963Z] MQTT Error: connack timeout
[2026-05-22T13:09:32.961Z] MQTT Connected
[2026-05-22T13:09:32.962Z] Subscribed: aquaponic/device/data
[2026-05-22T14:41:58.403Z] Topic: aquaponic/device/data
[2026-05-22T14:41:58.403Z] Payload: {"mac_address":"ESP:32:AA:BB:CC:01","sensors":{"temperature":31.6,"humidity":91.9,"ph":5.5}}
[2026-05-22T14:41:58.405Z] Runtime Error: Can't add new command when connection is in closed state
[2026-05-22T14:41:58.406Z] Topic: aquaponic/device/data
[2026-05-22T14:41:58.406Z] Payload: {"mac_address":"ESP:32:AA:BB:CC:01","sensors":{"temperature":31.6,"humidity":91.9,"ph":5.5}}
[2026-05-22T14:41:58.407Z] Runtime Error: Can't add new command when connection is in closed state
[2026-05-22T14:42:08.412Z] Topic: aquaponic/device/data
[2026-05-22T14:42:08.413Z] Payload: {"mac_address":"ESP:32:AA:BB:CC:01","sensors":{"temperature":34.9,"humidity":90.7,"ph":4.3}}
[2026-05-22T14:42:08.413Z] Runtime Error: Can't add new command when connection is in closed state
[2026-05-22T14:42:08.415Z] Topic: aquaponic/device/data
[2026-05-22T14:42:08.415Z] Payload: {"mac_address":"ESP:32:AA:BB:CC:01","sensors":{"temperature":34.9,"humidity":90.7,"ph":4.3}}
[2026-05-22T14:42:08.416Z] Runtime Error: Can't add new command when connection is in closed state
[2026-05-22T14:42:18.433Z] Topic: aquaponic/device/data
[2026-05-22T14:42:18.433Z] Payload: {"mac_address":"ESP:32:AA:BB:CC:01","sensors":{"temperature":25.1,"humidity":69.8,"ph":6.1}}
[2026-05-22T14:42:18.433Z] Topic: aquaponic/device/data
[2026-05-22T14:42:18.434Z] Payload: {"mac_address":"ESP:32:AA:BB:CC:01","sensors":{"temperature":25.1,"humidity":69.8,"ph":6.1}}
[2026-05-22T14:42:18.434Z] Runtime Error: Can't add new command when connection is in closed state
[2026-05-22T14:42:18.434Z] Runtime Error: Can't add new command when connection is in closed state
[2026-05-22T14:42:28.443Z] Topic: aquaponic/device/data
[2026-05-22T14:42:28.444Z] Payload: {"mac_address":"ESP:32:AA:BB:CC:01","sensors":{"temperature":22.6,"humidity":83.7,"ph":5.5}}
[2026-05-22T14:42:28.444Z] Runtime Error: Can't add new command when connection is in closed state
[2026-05-22T14:42:28.446Z] Topic: aquaponic/device/data
[2026-05-22T14:42:28.446Z] Payload: {"mac_address":"ESP:32:AA:BB:CC:01","sensors":{"temperature":22.6,"humidity":83.7,"ph":5.5}}
[2026-05-22T14:42:28.447Z] Runtime Error: Can't add new command when connection is in closed state
[2026-05-22T14:42:38.451Z] Topic: aquaponic/device/data
[2026-05-22T14:42:38.451Z] Payload: {"mac_address":"ESP:32:AA:BB:CC:01","sensors":{"temperature":26.8,"humidity":83.3,"ph":4.2}}
[2026-05-22T14:42:38.452Z] Runtime Error: Can't add new command when connection is in closed state
[2026-05-22T14:42:38.454Z] Topic: aquaponic/device/data
[2026-05-22T14:42:38.454Z] Payload: {"mac_address":"ESP:32:AA:BB:CC:01","sensors":{"temperature":26.8,"humidity":83.3,"ph":4.2}}
[2026-05-22T14:42:38.454Z] Runtime Error: Can't add new command when connection is in closed state
[2026-05-22T14:42:48.469Z] Topic: aquaponic/device/data
[2026-05-22T14:42:48.469Z] Payload: {"mac_address":"ESP:32:AA:BB:CC:01","sensors":{"temperature":19,"humidity":76.3,"ph":5.9}}
[2026-05-22T14:42:48.470Z] Runtime Error: Can't add new command when connection is in closed state
[2026-05-22T14:42:48.471Z] Topic: aquaponic/device/data
[2026-05-22T14:42:48.471Z] Payload: {"mac_address":"ESP:32:AA:BB:CC:01","sensors":{"temperature":19,"humidity":76.3,"ph":5.9}}
[2026-05-22T14:42:48.472Z] Runtime Error: Can't add new command when connection is in closed state
[2026-05-22T14:42:58.477Z] Topic: aquaponic/device/data
[2026-05-22T14:42:58.477Z] Payload: {"mac_address":"ESP:32:AA:BB:CC:01","sensors":{"temperature":28.4,"humidity":81.9,"ph":8.9}}
[2026-05-22T14:42:58.478Z] Runtime Error: Can't add new command when connection is in closed state
[2026-05-22T14:42:58.481Z] Topic: aquaponic/device/data
[2026-05-22T14:42:58.481Z] Payload: {"mac_address":"ESP:32:AA:BB:CC:01","sensors":{"temperature":28.4,"humidity":81.9,"ph":8.9}}
[2026-05-22T14:42:58.482Z] Runtime Error: Can't add new command when connection is in closed state
[2026-05-22T14:43:08.500Z] Topic: aquaponic/device/data
[2026-05-22T14:43:08.500Z] Payload: {"mac_address":"ESP:32:AA:BB:CC:01","sensors":{"temperature":22.9,"humidity":46.5,"ph":4}}
[2026-05-22T14:43:08.501Z] Runtime Error: Can't add new command when connection is in closed state
[2026-05-22T14:43:08.503Z] Topic: aquaponic/device/data
[2026-05-22T14:43:08.503Z] Payload: {"mac_address":"ESP:32:AA:BB:CC:01","sensors":{"temperature":22.9,"humidity":46.5,"ph":4}}
[2026-05-22T14:43:08.504Z] Runtime Error: Can't add new command when connection is in closed state
[2026-05-22T14:43:18.508Z] Topic: aquaponic/device/data
[2026-05-22T14:43:18.509Z] Payload: {"mac_address":"ESP:32:AA:BB:CC:01","sensors":{"temperature":29.6,"humidity":54.7,"ph":4.3}}
[2026-05-22T14:43:18.509Z] Runtime Error: Can't add new command when connection is in closed state
[2026-05-22T14:43:18.511Z] Topic: aquaponic/device/data
[2026-05-22T14:43:18.511Z] Payload: {"mac_address":"ESP:32:AA:BB:CC:01","sensors":{"temperature":29.6,"humidity":54.7,"ph":4.3}}
[2026-05-22T14:43:18.511Z] Runtime Error: Can't add new command when connection is in closed state
[2026-05-22T14:43:28.512Z] Topic: aquaponic/device/data
[2026-05-22T14:43:28.513Z] Payload: {"mac_address":"ESP:32:AA:BB:CC:01","sensors":{"temperature":25.1,"humidity":92.2,"ph":6}}
[2026-05-22T14:43:28.513Z] Runtime Error: Can't add new command when connection is in closed state
[2026-05-22T14:43:28.515Z] Topic: aquaponic/device/data
[2026-05-22T14:43:28.515Z] Payload: {"mac_address":"ESP:32:AA:BB:CC:01","sensors":{"temperature":25.1,"humidity":92.2,"ph":6}}
[2026-05-22T14:43:28.516Z] Runtime Error: Can't add new command when connection is in closed state
[2026-05-22T14:43:38.520Z] Topic: aquaponic/device/data
[2026-05-22T14:43:38.520Z] Payload: {"mac_address":"ESP:32:AA:BB:CC:01","sensors":{"temperature":29.2,"humidity":88.3,"ph":8.5}}
[2026-05-22T14:43:38.521Z] Runtime Error: Can't add new command when connection is in closed state
[2026-05-22T14:43:38.524Z] Topic: aquaponic/device/data
[2026-05-22T14:43:38.524Z] Payload: {"mac_address":"ESP:32:AA:BB:CC:01","sensors":{"temperature":29.2,"humidity":88.3,"ph":8.5}}
[2026-05-22T14:43:38.525Z] Runtime Error: Can't add new command when connection is in closed state
[2026-05-22T14:43:48.538Z] Topic: aquaponic/device/data
[2026-05-22T14:43:48.538Z] Payload: {"mac_address":"ESP:32:AA:BB:CC:01","sensors":{"temperature":17.3,"humidity":73.3,"ph":5.4}}
[2026-05-22T14:43:48.539Z] Runtime Error: Can't add new command when connection is in closed state
[2026-05-22T14:43:48.541Z] Topic: aquaponic/device/data
[2026-05-22T14:43:48.541Z] Payload: {"mac_address":"ESP:32:AA:BB:CC:01","sensors":{"temperature":17.3,"humidity":73.3,"ph":5.4}}
[2026-05-22T14:43:48.542Z] Runtime Error: Can't add new command when connection is in closed state
[2026-05-22T14:43:58.575Z] Topic: aquaponic/device/data
[2026-05-22T14:43:58.576Z] Payload: {"mac_address":"ESP:32:AA:BB:CC:01","sensors":{"temperature":15.3,"humidity":87.2,"ph":7.5}}
[2026-05-22T14:43:58.576Z] Runtime Error: Can't add new command when connection is in closed state
[2026-05-22T14:43:58.578Z] Topic: aquaponic/device/data
[2026-05-22T14:43:58.578Z] Payload: {"mac_address":"ESP:32:AA:BB:CC:01","sensors":{"temperature":15.3,"humidity":87.2,"ph":7.5}}
[2026-05-22T14:43:58.579Z] Runtime Error: Can't add new command when connection is in closed state
[2026-05-22T14:44:08.560Z] Topic: aquaponic/device/data
[2026-05-22T14:44:08.560Z] Payload: {"mac_address":"ESP:32:AA:BB:CC:01","sensors":{"temperature":33.9,"humidity":55.5,"ph":6.7}}
[2026-05-22T14:44:08.561Z] Runtime Error: Can't add new command when connection is in closed state
[2026-05-22T14:44:08.564Z] Topic: aquaponic/device/data
[2026-05-22T14:44:08.564Z] Payload: {"mac_address":"ESP:32:AA:BB:CC:01","sensors":{"temperature":33.9,"humidity":55.5,"ph":6.7}}
[2026-05-22T14:44:08.564Z] Runtime Error: Can't add new command when connection is in closed state
[2026-05-22T14:44:18.572Z] Topic: aquaponic/device/data
[2026-05-22T14:44:18.572Z] Payload: {"mac_address":"ESP:32:AA:BB:CC:01","sensors":{"temperature":34.3,"humidity":73.9,"ph":4.5}}
[2026-05-22T14:44:18.573Z] Runtime Error: Can't add new command when connection is in closed state
[2026-05-22T14:44:18.575Z] Topic: aquaponic/device/data
[2026-05-22T14:44:18.576Z] Payload: {"mac_address":"ESP:32:AA:BB:CC:01","sensors":{"temperature":34.3,"humidity":73.9,"ph":4.5}}
[2026-05-22T14:44:18.576Z] Runtime Error: Can't add new command when connection is in closed state
[2026-05-22T14:44:28.587Z] Topic: aquaponic/device/data
[2026-05-22T14:44:28.587Z] Topic: aquaponic/device/data
[2026-05-22T14:44:28.587Z] Payload: {"mac_address":"ESP:32:AA:BB:CC:01","sensors":{"temperature":26.5,"humidity":32.1,"ph":5}}
[2026-05-22T14:44:28.587Z] Payload: {"mac_address":"ESP:32:AA:BB:CC:01","sensors":{"temperature":26.5,"humidity":32.1,"ph":5}}
[2026-05-22T14:44:28.588Z] Runtime Error: Can't add new command when connection is in closed state
[2026-05-22T14:44:28.588Z] Runtime Error: Can't add new command when connection is in closed state
[2026-05-22T14:44:38.599Z] Topic: aquaponic/device/data
[2026-05-22T14:44:38.599Z] Payload: {"mac_address":"ESP:32:AA:BB:CC:01","sensors":{"temperature":27.8,"humidity":65.2,"ph":7.7}}
[2026-05-22T14:44:38.600Z] Runtime Error: Can't add new command when connection is in closed state
[2026-05-22T14:44:38.601Z] Topic: aquaponic/device/data
[2026-05-22T14:44:38.601Z] Payload: {"mac_address":"ESP:32:AA:BB:CC:01","sensors":{"temperature":27.8,"humidity":65.2,"ph":7.7}}
[2026-05-22T14:44:38.601Z] Runtime Error: Can't add new command when connection is in closed state
[2026-05-22T14:44:48.610Z] Topic: aquaponic/device/data
[2026-05-22T14:44:48.611Z] Payload: {"mac_address":"ESP:32:AA:BB:CC:01","sensors":{"temperature":19.6,"humidity":50.3,"ph":8.5}}
[2026-05-22T14:44:48.611Z] Runtime Error: Can't add new command when connection is in closed state
[2026-05-22T14:44:48.616Z] Topic: aquaponic/device/data
[2026-05-22T14:44:48.616Z] Payload: {"mac_address":"ESP:32:AA:BB:CC:01","sensors":{"temperature":19.6,"humidity":50.3,"ph":8.5}}
[2026-05-22T14:44:48.616Z] Runtime Error: Can't add new command when connection is in closed state
[2026-05-22T14:44:58.622Z] Topic: aquaponic/device/data
[2026-05-22T14:44:58.622Z] Payload: {"mac_address":"ESP:32:AA:BB:CC:01","sensors":{"temperature":29.1,"humidity":57.8,"ph":7.5}}
[2026-05-22T14:44:58.623Z] Runtime Error: Can't add new command when connection is in closed state
[2026-05-22T14:44:58.625Z] Topic: aquaponic/device/data
[2026-05-22T14:44:58.626Z] Payload: {"mac_address":"ESP:32:AA:BB:CC:01","sensors":{"temperature":29.1,"humidity":57.8,"ph":7.5}}
[2026-05-22T14:44:58.626Z] Runtime Error: Can't add new command when connection is in closed state
[2026-05-22T14:45:08.631Z] Topic: aquaponic/device/data
[2026-05-22T14:45:08.631Z] Payload: {"mac_address":"ESP:32:AA:BB:CC:01","sensors":{"temperature":21.1,"humidity":53.7,"ph":7.8}}
[2026-05-22T14:45:08.632Z] Runtime Error: Can't add new command when connection is in closed state
[2026-05-22T14:45:08.634Z] Topic: aquaponic/device/data
[2026-05-22T14:45:08.634Z] Payload: {"mac_address":"ESP:32:AA:BB:CC:01","sensors":{"temperature":21.1,"humidity":53.7,"ph":7.8}}
[2026-05-22T14:45:08.634Z] Runtime Error: Can't add new command when connection is in closed state
[2026-05-22T14:45:18.647Z] Topic: aquaponic/device/data
[2026-05-22T14:45:18.647Z] Payload: {"mac_address":"ESP:32:AA:BB:CC:01","sensors":{"temperature":34,"humidity":34.4,"ph":8.1}}
[2026-05-22T14:45:18.648Z] Runtime Error: Can't add new command when connection is in closed state
[2026-05-22T14:45:18.649Z] Topic: aquaponic/device/data
[2026-05-22T14:45:18.649Z] Payload: {"mac_address":"ESP:32:AA:BB:CC:01","sensors":{"temperature":34,"humidity":34.4,"ph":8.1}}
[2026-05-22T14:45:18.650Z] Runtime Error: Can't add new command when connection is in closed state
[2026-05-22T14:45:28.654Z] Topic: aquaponic/device/data
[2026-05-22T14:45:28.654Z] Payload: {"mac_address":"ESP:32:AA:BB:CC:01","sensors":{"temperature":18.3,"humidity":88,"ph":4.2}}
[2026-05-22T14:45:28.655Z] Runtime Error: Can't add new command when connection is in closed state
[2026-05-22T14:45:28.659Z] Topic: aquaponic/device/data
[2026-05-22T14:45:28.660Z] Payload: {"mac_address":"ESP:32:AA:BB:CC:01","sensors":{"temperature":18.3,"humidity":88,"ph":4.2}}
[2026-05-22T14:45:28.660Z] Runtime Error: Can't add new command when connection is in closed state
[2026-05-22T14:45:38.669Z] Topic: aquaponic/device/data
[2026-05-22T14:45:38.669Z] Payload: {"mac_address":"ESP:32:AA:BB:CC:01","sensors":{"temperature":21.7,"humidity":32.4,"ph":5.7}}
[2026-05-22T14:45:38.669Z] Runtime Error: Can't add new command when connection is in closed state
[2026-05-22T14:45:38.672Z] Topic: aquaponic/device/data
[2026-05-22T14:45:38.673Z] Payload: {"mac_address":"ESP:32:AA:BB:CC:01","sensors":{"temperature":21.7,"humidity":32.4,"ph":5.7}}
[2026-05-22T14:45:38.673Z] Runtime Error: Can't add new command when connection is in closed state
[2026-05-22T14:45:48.696Z] Topic: aquaponic/device/data
[2026-05-22T14:45:48.696Z] Payload: {"mac_address":"ESP:32:AA:BB:CC:01","sensors":{"temperature":17.4,"humidity":44.7,"ph":6.7}}
[2026-05-22T14:45:48.697Z] Runtime Error: Can't add new command when connection is in closed state
[2026-05-22T14:45:48.698Z] Topic: aquaponic/device/data
[2026-05-22T14:45:48.699Z] Payload: {"mac_address":"ESP:32:AA:BB:CC:01","sensors":{"temperature":17.4,"humidity":44.7,"ph":6.7}}
[2026-05-22T14:45:48.699Z] Runtime Error: Can't add new command when connection is in closed state
[2026-05-22T14:45:58.698Z] Topic: aquaponic/device/data
[2026-05-22T14:45:58.698Z] Payload: {"mac_address":"ESP:32:AA:BB:CC:01","sensors":{"temperature":16.8,"humidity":47.6,"ph":8.3}}
[2026-05-22T14:45:58.699Z] Runtime Error: Can't add new command when connection is in closed state
[2026-05-22T14:45:58.700Z] Topic: aquaponic/device/data
[2026-05-22T14:45:58.700Z] Payload: {"mac_address":"ESP:32:AA:BB:CC:01","sensors":{"temperature":16.8,"humidity":47.6,"ph":8.3}}
[2026-05-22T14:45:58.701Z] Runtime Error: Can't add new command when connection is in closed state
[2026-05-22T14:46:08.702Z] Topic: aquaponic/device/data
[2026-05-22T14:46:08.703Z] Payload: {"mac_address":"ESP:32:AA:BB:CC:01","sensors":{"temperature":31,"humidity":79.9,"ph":7.5}}
[2026-05-22T14:46:08.703Z] Runtime Error: Can't add new command when connection is in closed state
[2026-05-22T14:46:08.704Z] Topic: aquaponic/device/data
[2026-05-22T14:46:08.704Z] Payload: {"mac_address":"ESP:32:AA:BB:CC:01","sensors":{"temperature":31,"humidity":79.9,"ph":7.5}}
[2026-05-22T14:46:08.705Z] Runtime Error: Can't add new command when connection is in closed state
[2026-05-22T14:46:18.722Z] Topic: aquaponic/device/data
[2026-05-22T14:46:18.722Z] Payload: {"mac_address":"ESP:32:AA:BB:CC:01","sensors":{"temperature":23.3,"humidity":33.6,"ph":4}}
[2026-05-22T14:46:18.722Z] Runtime Error: Can't add new command when connection is in closed state
[2026-05-22T14:46:18.723Z] Topic: aquaponic/device/data
[2026-05-22T14:46:18.723Z] Payload: {"mac_address":"ESP:32:AA:BB:CC:01","sensors":{"temperature":23.3,"humidity":33.6,"ph":4}}
[2026-05-22T14:46:18.723Z] Runtime Error: Can't add new command when connection is in closed state
[2026-05-22T14:46:28.734Z] Topic: aquaponic/device/data
[2026-05-22T14:46:28.735Z] Payload: {"mac_address":"ESP:32:AA:BB:CC:01","sensors":{"temperature":25.7,"humidity":82.2,"ph":8.2}}
[2026-05-22T14:46:28.735Z] Runtime Error: Can't add new command when connection is in closed state
[2026-05-22T14:46:28.737Z] Topic: aquaponic/device/data
[2026-05-22T14:46:28.737Z] Payload: {"mac_address":"ESP:32:AA:BB:CC:01","sensors":{"temperature":25.7,"humidity":82.2,"ph":8.2}}
[2026-05-22T14:46:28.738Z] Runtime Error: Can't add new command when connection is in closed state
[2026-05-22T14:46:38.740Z] Topic: aquaponic/device/data
[2026-05-22T14:46:38.740Z] Payload: {"mac_address":"ESP:32:AA:BB:CC:01","sensors":{"temperature":30.3,"humidity":78,"ph":8.6}}
[2026-05-22T14:46:38.741Z] Runtime Error: Can't add new command when connection is in closed state
[2026-05-22T14:46:38.742Z] Topic: aquaponic/device/data
[2026-05-22T14:46:38.742Z] Payload: {"mac_address":"ESP:32:AA:BB:CC:01","sensors":{"temperature":30.3,"humidity":78,"ph":8.6}}
[2026-05-22T14:46:38.742Z] Runtime Error: Can't add new command when connection is in closed state
[2026-05-22T14:46:48.756Z] Topic: aquaponic/device/data
[2026-05-22T14:46:48.756Z] Payload: {"mac_address":"ESP:32:AA:BB:CC:01","sensors":{"temperature":24.3,"humidity":88.8,"ph":6.8}}
[2026-05-22T14:46:48.757Z] Runtime Error: Can't add new command when connection is in closed state
[2026-05-22T14:46:48.758Z] Topic: aquaponic/device/data
[2026-05-22T14:46:48.758Z] Payload: {"mac_address":"ESP:32:AA:BB:CC:01","sensors":{"temperature":24.3,"humidity":88.8,"ph":6.8}}
[2026-05-22T14:46:48.758Z] Runtime Error: Can't add new command when connection is in closed state
[2026-05-22T14:46:58.768Z] Topic: aquaponic/device/data
[2026-05-22T14:46:58.768Z] Payload: {"mac_address":"ESP:32:AA:BB:CC:01","sensors":{"temperature":31.7,"humidity":32.4,"ph":4.5}}
[2026-05-22T14:46:58.769Z] Runtime Error: Can't add new command when connection is in closed state
[2026-05-22T14:46:58.772Z] Topic: aquaponic/device/data
[2026-05-22T14:46:58.772Z] Payload: {"mac_address":"ESP:32:AA:BB:CC:01","sensors":{"temperature":31.7,"humidity":32.4,"ph":4.5}}
[2026-05-22T14:46:58.772Z] Runtime Error: Can't add new command when connection is in closed state
[2026-05-22T14:47:08.777Z] Topic: aquaponic/device/data
[2026-05-22T14:47:08.777Z] Payload: {"mac_address":"ESP:32:AA:BB:CC:01","sensors":{"temperature":24.3,"humidity":53.9,"ph":8.3}}
[2026-05-22T14:47:08.777Z] Runtime Error: Can't add new command when connection is in closed state
[2026-05-22T14:47:08.779Z] Topic: aquaponic/device/data
[2026-05-22T14:47:08.779Z] Payload: {"mac_address":"ESP:32:AA:BB:CC:01","sensors":{"temperature":24.3,"humidity":53.9,"ph":8.3}}
[2026-05-22T14:47:08.780Z] Runtime Error: Can't add new command when connection is in closed state
[2026-05-22T14:47:18.807Z] Topic: aquaponic/device/data
[2026-05-22T14:47:18.808Z] Payload: {"mac_address":"ESP:32:AA:BB:CC:01","sensors":{"temperature":15.9,"humidity":38.9,"ph":7.3}}
[2026-05-22T14:47:18.808Z] Runtime Error: Can't add new command when connection is in closed state
[2026-05-22T14:47:18.810Z] Topic: aquaponic/device/data
[2026-05-22T14:47:18.810Z] Payload: {"mac_address":"ESP:32:AA:BB:CC:01","sensors":{"temperature":15.9,"humidity":38.9,"ph":7.3}}
[2026-05-22T14:47:18.810Z] Runtime Error: Can't add new command when connection is in closed state
[2026-05-22T14:47:28.808Z] Topic: aquaponic/device/data
[2026-05-22T14:47:28.808Z] Topic: aquaponic/device/data
[2026-05-22T14:47:28.808Z] Payload: {"mac_address":"ESP:32:AA:BB:CC:01","sensors":{"temperature":33,"humidity":42,"ph":7.5}}
[2026-05-22T14:47:28.808Z] Payload: {"mac_address":"ESP:32:AA:BB:CC:01","sensors":{"temperature":33,"humidity":42,"ph":7.5}}
[2026-05-22T14:47:28.808Z] Runtime Error: Can't add new command when connection is in closed state
[2026-05-22T14:47:28.808Z] Runtime Error: Can't add new command when connection is in closed state
[2026-05-22T14:47:38.820Z] Topic: aquaponic/device/data
[2026-05-22T14:47:38.820Z] Payload: {"mac_address":"ESP:32:AA:BB:CC:01","sensors":{"temperature":19.6,"humidity":89.1,"ph":7.1}}
[2026-05-22T14:47:38.820Z] Runtime Error: Can't add new command when connection is in closed state
[2026-05-22T14:47:38.822Z] Topic: aquaponic/device/data
[2026-05-22T14:47:38.822Z] Payload: {"mac_address":"ESP:32:AA:BB:CC:01","sensors":{"temperature":19.6,"humidity":89.1,"ph":7.1}}
[2026-05-22T14:47:38.823Z] Runtime Error: Can't add new command when connection is in closed state
[2026-05-22T14:47:48.838Z] Topic: aquaponic/device/data
[2026-05-22T14:47:48.838Z] Payload: {"mac_address":"ESP:32:AA:BB:CC:01","sensors":{"temperature":34.1,"humidity":91.8,"ph":4.2}}
[2026-05-22T14:47:48.839Z] Runtime Error: Can't add new command when connection is in closed state
[2026-05-22T14:47:48.839Z] Topic: aquaponic/device/data
[2026-05-22T14:47:48.839Z] Payload: {"mac_address":"ESP:32:AA:BB:CC:01","sensors":{"temperature":34.1,"humidity":91.8,"ph":4.2}}
[2026-05-22T14:47:48.839Z] Runtime Error: Can't add new command when connection is in closed state
[2026-05-22T14:47:58.842Z] Topic: aquaponic/device/data
[2026-05-22T14:47:58.842Z] Payload: {"mac_address":"ESP:32:AA:BB:CC:01","sensors":{"temperature":33,"humidity":92.2,"ph":8.3}}
[2026-05-22T14:47:58.843Z] Runtime Error: Can't add new command when connection is in closed state
[2026-05-22T14:47:58.845Z] Topic: aquaponic/device/data
[2026-05-22T14:47:58.845Z] Payload: {"mac_address":"ESP:32:AA:BB:CC:01","sensors":{"temperature":33,"humidity":92.2,"ph":8.3}}
[2026-05-22T14:47:58.846Z] Runtime Error: Can't add new command when connection is in closed state
[2026-05-22T14:48:08.849Z] Topic: aquaponic/device/data
[2026-05-22T14:48:08.850Z] Payload: {"mac_address":"ESP:32:AA:BB:CC:01","sensors":{"temperature":35.8,"humidity":83.3,"ph":8.3}}
[2026-05-22T14:48:08.850Z] Runtime Error: Can't add new command when connection is in closed state
[2026-05-22T14:48:08.852Z] Topic: aquaponic/device/data
[2026-05-22T14:48:08.852Z] Payload: {"mac_address":"ESP:32:AA:BB:CC:01","sensors":{"temperature":35.8,"humidity":83.3,"ph":8.3}}
[2026-05-22T14:48:08.852Z] Runtime Error: Can't add new command when connection is in closed state
[2026-05-22T14:48:18.870Z] Topic: aquaponic/device/data
[2026-05-22T14:48:18.870Z] Payload: {"mac_address":"ESP:32:AA:BB:CC:01","sensors":{"temperature":26.5,"humidity":62.2,"ph":7.5}}
[2026-05-22T14:48:18.870Z] Runtime Error: Can't add new command when connection is in closed state
[2026-05-22T14:48:18.872Z] Topic: aquaponic/device/data
[2026-05-22T14:48:18.872Z] Payload: {"mac_address":"ESP:32:AA:BB:CC:01","sensors":{"temperature":26.5,"humidity":62.2,"ph":7.5}}
[2026-05-22T14:48:18.873Z] Runtime Error: Can't add new command when connection is in closed state
[2026-05-22T14:48:28.873Z] Topic: aquaponic/device/data
[2026-05-22T14:48:28.873Z] Payload: {"mac_address":"ESP:32:AA:BB:CC:01","sensors":{"temperature":24.5,"humidity":73.3,"ph":4.8}}
[2026-05-22T14:48:28.874Z] Runtime Error: Can't add new command when connection is in closed state
[2026-05-22T14:48:28.876Z] Topic: aquaponic/device/data
[2026-05-22T14:48:28.876Z] Payload: {"mac_address":"ESP:32:AA:BB:CC:01","sensors":{"temperature":24.5,"humidity":73.3,"ph":4.8}}
[2026-05-22T14:48:28.877Z] Runtime Error: Can't add new command when connection is in closed state
[2026-05-22T14:48:38.888Z] Topic: aquaponic/device/data
[2026-05-22T14:48:38.888Z] Payload: {"mac_address":"ESP:32:AA:BB:CC:01","sensors":{"temperature":34.1,"humidity":84.8,"ph":6.1}}
[2026-05-22T14:48:38.889Z] Runtime Error: Can't add new command when connection is in closed state
[2026-05-22T14:48:38.891Z] Topic: aquaponic/device/data
[2026-05-22T14:48:38.891Z] Payload: {"mac_address":"ESP:32:AA:BB:CC:01","sensors":{"temperature":34.1,"humidity":84.8,"ph":6.1}}
[2026-05-22T14:48:38.891Z] Runtime Error: Can't add new command when connection is in closed state
[2026-05-22T14:48:48.905Z] Topic: aquaponic/device/data
[2026-05-22T14:48:48.905Z] Payload: {"mac_address":"ESP:32:AA:BB:CC:01","sensors":{"temperature":18.3,"humidity":81.8,"ph":8.6}}
[2026-05-22T14:48:48.906Z] Runtime Error: Can't add new command when connection is in closed state
[2026-05-22T14:48:48.908Z] Topic: aquaponic/device/data
[2026-05-22T14:48:48.908Z] Payload: {"mac_address":"ESP:32:AA:BB:CC:01","sensors":{"temperature":18.3,"humidity":81.8,"ph":8.6}}
[2026-05-22T14:48:48.909Z] Runtime Error: Can't add new command when connection is in closed state
[2026-05-22T14:48:58.913Z] Topic: aquaponic/device/data
[2026-05-22T14:48:58.913Z] Payload: {"mac_address":"ESP:32:AA:BB:CC:01","sensors":{"temperature":17.6,"humidity":53.9,"ph":6.5}}
[2026-05-22T14:48:58.914Z] Runtime Error: Can't add new command when connection is in closed state
[2026-05-22T14:48:58.916Z] Topic: aquaponic/device/data
[2026-05-22T14:48:58.916Z] Payload: {"mac_address":"ESP:32:AA:BB:CC:01","sensors":{"temperature":17.6,"humidity":53.9,"ph":6.5}}
[2026-05-22T14:48:58.916Z] Runtime Error: Can't add new command when connection is in closed state
[2026-05-22T14:49:08.925Z] Topic: aquaponic/device/data
[2026-05-22T14:49:08.925Z] Payload: {"mac_address":"ESP:32:AA:BB:CC:01","sensors":{"temperature":27.7,"humidity":74.4,"ph":4.3}}
[2026-05-22T14:49:08.925Z] Runtime Error: Can't add new command when connection is in closed state
[2026-05-22T14:49:08.934Z] Topic: aquaponic/device/data
[2026-05-22T14:49:08.934Z] Payload: {"mac_address":"ESP:32:AA:BB:CC:01","sensors":{"temperature":27.7,"humidity":74.4,"ph":4.3}}
[2026-05-22T14:49:08.935Z] Runtime Error: Can't add new command when connection is in closed state
[2026-05-22T14:49:18.944Z] Topic: aquaponic/device/data
[2026-05-22T14:49:18.944Z] Payload: {"mac_address":"ESP:32:AA:BB:CC:01","sensors":{"temperature":23.4,"humidity":58.4,"ph":7.8}}
[2026-05-22T14:49:18.945Z] Runtime Error: Can't add new command when connection is in closed state
[2026-05-22T14:49:18.946Z] Topic: aquaponic/device/data
[2026-05-22T14:49:18.947Z] Payload: {"mac_address":"ESP:32:AA:BB:CC:01","sensors":{"temperature":23.4,"humidity":58.4,"ph":7.8}}
[2026-05-22T14:49:18.947Z] Runtime Error: Can't add new command when connection is in closed state
[2026-05-22T14:49:28.957Z] Topic: aquaponic/device/data
[2026-05-22T14:49:28.957Z] Payload: {"mac_address":"ESP:32:AA:BB:CC:01","sensors":{"temperature":18.8,"humidity":40.2,"ph":6.8}}
[2026-05-22T14:49:28.957Z] Runtime Error: Can't add new command when connection is in closed state
[2026-05-22T14:49:28.959Z] Topic: aquaponic/device/data
[2026-05-22T14:49:28.959Z] Payload: {"mac_address":"ESP:32:AA:BB:CC:01","sensors":{"temperature":18.8,"humidity":40.2,"ph":6.8}}
[2026-05-22T14:49:28.960Z] Runtime Error: Can't add new command when connection is in closed state
[2026-05-22T14:49:38.960Z] Topic: aquaponic/device/data
[2026-05-22T14:49:38.960Z] Payload: {"mac_address":"ESP:32:AA:BB:CC:01","sensors":{"temperature":27,"humidity":40.1,"ph":4.6}}
[2026-05-22T14:49:38.960Z] Runtime Error: Can't add new command when connection is in closed state
[2026-05-22T14:49:38.963Z] Topic: aquaponic/device/data
[2026-05-22T14:49:38.963Z] Payload: {"mac_address":"ESP:32:AA:BB:CC:01","sensors":{"temperature":27,"humidity":40.1,"ph":4.6}}
[2026-05-22T14:49:38.963Z] Runtime Error: Can't add new command when connection is in closed state
[2026-05-22T14:49:48.973Z] Topic: aquaponic/device/data
[2026-05-22T14:49:48.973Z] Payload: {"mac_address":"ESP:32:AA:BB:CC:01","sensors":{"temperature":22.4,"humidity":90.1,"ph":7.6}}
[2026-05-22T14:49:48.974Z] Runtime Error: Can't add new command when connection is in closed state
[2026-05-22T14:49:48.975Z] Topic: aquaponic/device/data
[2026-05-22T14:49:48.975Z] Payload: {"mac_address":"ESP:32:AA:BB:CC:01","sensors":{"temperature":22.4,"humidity":90.1,"ph":7.6}}
[2026-05-22T14:49:48.976Z] Runtime Error: Can't add new command when connection is in closed state
[2026-05-22T14:49:58.994Z] Topic: aquaponic/device/data
[2026-05-22T14:49:58.994Z] Payload: {"mac_address":"ESP:32:AA:BB:CC:01","sensors":{"temperature":27.6,"humidity":83.9,"ph":5.8}}
[2026-05-22T14:49:58.994Z] Runtime Error: Can't add new command when connection is in closed state
[2026-05-22T14:49:58.997Z] Topic: aquaponic/device/data
[2026-05-22T14:49:58.997Z] Payload: {"mac_address":"ESP:32:AA:BB:CC:01","sensors":{"temperature":27.6,"humidity":83.9,"ph":5.8}}
[2026-05-22T14:49:58.997Z] Runtime Error: Can't add new command when connection is in closed state
[2026-05-22T14:50:08.999Z] Topic: aquaponic/device/data
[2026-05-22T14:50:08.999Z] Payload: {"mac_address":"ESP:32:AA:BB:CC:01","sensors":{"temperature":15.8,"humidity":41.6,"ph":6.2}}
[2026-05-22T14:50:09.000Z] Runtime Error: Can't add new command when connection is in closed state
[2026-05-22T14:50:09.001Z] Topic: aquaponic/device/data
[2026-05-22T14:50:09.001Z] Payload: {"mac_address":"ESP:32:AA:BB:CC:01","sensors":{"temperature":15.8,"humidity":41.6,"ph":6.2}}
[2026-05-22T14:50:09.002Z] Runtime Error: Can't add new command when connection is in closed state
[2026-05-22T14:50:19.017Z] Topic: aquaponic/device/data
[2026-05-22T14:50:19.017Z] Payload: {"mac_address":"ESP:32:AA:BB:CC:01","sensors":{"temperature":24.7,"humidity":61.4,"ph":7.5}}
[2026-05-22T14:50:19.017Z] Runtime Error: Can't add new command when connection is in closed state
[2026-05-22T14:50:19.024Z] Topic: aquaponic/device/data
[2026-05-22T14:50:19.024Z] Payload: {"mac_address":"ESP:32:AA:BB:CC:01","sensors":{"temperature":24.7,"humidity":61.4,"ph":7.5}}
[2026-05-22T14:50:19.025Z] Runtime Error: Can't add new command when connection is in closed state
[2026-05-22T14:50:29.026Z] Topic: aquaponic/device/data
[2026-05-22T14:50:29.027Z] Payload: {"mac_address":"ESP:32:AA:BB:CC:01","sensors":{"temperature":34.4,"humidity":69,"ph":5.4}}
[2026-05-22T14:50:29.027Z] Runtime Error: Can't add new command when connection is in closed state
[2026-05-22T14:50:29.029Z] Topic: aquaponic/device/data
[2026-05-22T14:50:29.029Z] Payload: {"mac_address":"ESP:32:AA:BB:CC:01","sensors":{"temperature":34.4,"humidity":69,"ph":5.4}}
[2026-05-22T14:50:29.029Z] Runtime Error: Can't add new command when connection is in closed state
[2026-05-22T14:50:39.032Z] Topic: aquaponic/device/data
[2026-05-22T14:50:39.033Z] Payload: {"mac_address":"ESP:32:AA:BB:CC:01","sensors":{"temperature":28.4,"humidity":39.4,"ph":6.2}}
[2026-05-22T14:50:39.033Z] Runtime Error: Can't add new command when connection is in closed state
[2026-05-22T14:50:39.035Z] Topic: aquaponic/device/data
[2026-05-22T14:50:39.036Z] Payload: {"mac_address":"ESP:32:AA:BB:CC:01","sensors":{"temperature":28.4,"humidity":39.4,"ph":6.2}}
[2026-05-22T14:50:39.036Z] Runtime Error: Can't add new command when connection is in closed state
[2026-05-22T14:50:49.069Z] Topic: aquaponic/device/data
[2026-05-22T14:50:49.069Z] Payload: {"mac_address":"ESP:32:AA:BB:CC:01","sensors":{"temperature":22.1,"humidity":69.4,"ph":7.5}}
[2026-05-22T14:50:49.070Z] Runtime Error: Can't add new command when connection is in closed state
[2026-05-22T14:50:49.071Z] Topic: aquaponic/device/data
[2026-05-22T14:50:49.071Z] Payload: {"mac_address":"ESP:32:AA:BB:CC:01","sensors":{"temperature":22.1,"humidity":69.4,"ph":7.5}}
[2026-05-22T14:50:49.072Z] Runtime Error: Can't add new command when connection is in closed state
[2026-05-22T14:50:59.060Z] Topic: aquaponic/device/data
[2026-05-22T14:50:59.060Z] Payload: {"mac_address":"ESP:32:AA:BB:CC:01","sensors":{"temperature":35.4,"humidity":33.7,"ph":4.8}}
[2026-05-22T14:50:59.061Z] Runtime Error: Can't add new command when connection is in closed state
[2026-05-22T14:50:59.063Z] Topic: aquaponic/device/data
[2026-05-22T14:50:59.063Z] Payload: {"mac_address":"ESP:32:AA:BB:CC:01","sensors":{"temperature":35.4,"humidity":33.7,"ph":4.8}}
[2026-05-22T14:50:59.063Z] Runtime Error: Can't add new command when connection is in closed state
[2026-05-22T14:51:09.072Z] Topic: aquaponic/device/data
[2026-05-22T14:51:09.072Z] Payload: {"mac_address":"ESP:32:AA:BB:CC:01","sensors":{"temperature":22.2,"humidity":65.6,"ph":7.6}}
[2026-05-22T14:51:09.072Z] Runtime Error: Can't add new command when connection is in closed state
[2026-05-22T14:51:09.074Z] Topic: aquaponic/device/data
[2026-05-22T14:51:09.074Z] Payload: {"mac_address":"ESP:32:AA:BB:CC:01","sensors":{"temperature":22.2,"humidity":65.6,"ph":7.6}}
[2026-05-22T14:51:09.075Z] Runtime Error: Can't add new command when connection is in closed state
[2026-05-22T14:51:19.091Z] Topic: aquaponic/device/data
[2026-05-22T14:51:19.092Z] Payload: {"mac_address":"ESP:32:AA:BB:CC:01","sensors":{"temperature":32,"humidity":82.8,"ph":5.5}}
[2026-05-22T14:51:19.092Z] Runtime Error: Can't add new command when connection is in closed state
[2026-05-22T14:51:19.095Z] Topic: aquaponic/device/data
[2026-05-22T14:51:19.095Z] Payload: {"mac_address":"ESP:32:AA:BB:CC:01","sensors":{"temperature":32,"humidity":82.8,"ph":5.5}}
[2026-05-22T14:51:19.096Z] Runtime Error: Can't add new command when connection is in closed state
[2026-05-22T14:51:29.095Z] Topic: aquaponic/device/data
[2026-05-22T14:51:29.095Z] Payload: {"mac_address":"ESP:32:AA:BB:CC:01","sensors":{"temperature":18.6,"humidity":73,"ph":7}}
[2026-05-22T14:51:29.096Z] Runtime Error: Can't add new command when connection is in closed state
[2026-05-22T14:51:29.099Z] Topic: aquaponic/device/data
[2026-05-22T14:51:29.099Z] Payload: {"mac_address":"ESP:32:AA:BB:CC:01","sensors":{"temperature":18.6,"humidity":73,"ph":7}}
[2026-05-22T14:51:29.099Z] Runtime Error: Can't add new command when connection is in closed state
[2026-05-22T14:51:39.106Z] Topic: aquaponic/device/data
[2026-05-22T14:51:39.106Z] Payload: {"mac_address":"ESP:32:AA:BB:CC:01","sensors":{"temperature":23.3,"humidity":80.7,"ph":7.9}}
[2026-05-22T14:51:39.107Z] Runtime Error: Can't add new command when connection is in closed state
[2026-05-22T14:51:40.941Z] === APP STARTED ===
[2026-05-22T14:51:40.958Z] HTTP Server Running on undefined
[2026-05-22T14:51:41.031Z] Database Connected
[2026-05-22T14:51:41.823Z] MQTT Connected
[2026-05-22T14:51:42.014Z] Subscribed: aquaponic/device/data
[2026-05-22T14:51:49.124Z] Topic: aquaponic/device/data
[2026-05-22T14:51:49.124Z] Payload: {"mac_address":"ESP:32:AA:BB:CC:01","sensors":{"temperature":26.1,"humidity":76.2,"ph":5.6}}
[2026-05-22T14:51:49.125Z] Topic: aquaponic/device/data
[2026-05-22T14:51:49.125Z] Payload: {"mac_address":"ESP:32:AA:BB:CC:01","sensors":{"temperature":26.1,"humidity":76.2,"ph":5.6}}
[2026-05-22T14:51:49.126Z] Runtime Error: Can't add new command when connection is in closed state
[2026-05-22T14:51:49.136Z] temperature => 26.1
[2026-05-22T14:51:49.148Z] temperature: 26.1 saved
[2026-05-22T14:51:49.149Z] humidity => 76.2
[2026-05-22T14:51:49.156Z] humidity: 76.2 saved
[2026-05-22T14:51:49.157Z] ph => 5.6
[2026-05-22T14:51:49.171Z] ph: 5.6 saved
[2026-05-22T14:51:59.134Z] Topic: aquaponic/device/data
[2026-05-22T14:51:59.134Z] Payload: {"mac_address":"ESP:32:AA:BB:CC:01","sensors":{"temperature":27.8,"humidity":67,"ph":4.1}}
[2026-05-22T14:51:59.137Z] temperature => 27.8
[2026-05-22T14:51:59.138Z] Topic: aquaponic/device/data
[2026-05-22T14:51:59.138Z] Payload: {"mac_address":"ESP:32:AA:BB:CC:01","sensors":{"temperature":27.8,"humidity":67,"ph":4.1}}
[2026-05-22T14:51:59.138Z] Runtime Error: Can't add new command when connection is in closed state
[2026-05-22T14:51:59.148Z] temperature: 27.8 saved
[2026-05-22T14:51:59.148Z] humidity => 67
[2026-05-22T14:51:59.160Z] humidity: 67 saved
[2026-05-22T14:51:59.160Z] ph => 4.1
[2026-05-22T14:51:59.169Z] ph: 4.1 saved
[2026-05-22T14:51:59.177Z] Notification saved
[2026-05-22T14:52:09.145Z] Topic: aquaponic/device/data
[2026-05-22T14:52:09.145Z] Payload: {"mac_address":"ESP:32:AA:BB:CC:01","sensors":{"temperature":26,"humidity":59.1,"ph":4.3}}
[2026-05-22T14:52:09.147Z] Topic: aquaponic/device/data
[2026-05-22T14:52:09.147Z] Payload: {"mac_address":"ESP:32:AA:BB:CC:01","sensors":{"temperature":26,"humidity":59.1,"ph":4.3}}
[2026-05-22T14:52:09.148Z] temperature => 26
[2026-05-22T14:52:09.148Z] Runtime Error: Can't add new command when connection is in closed state
[2026-05-22T14:52:09.160Z] temperature: 26 saved
[2026-05-22T14:52:09.160Z] humidity => 59.1
[2026-05-22T14:52:09.177Z] humidity: 59.1 saved
[2026-05-22T14:52:09.177Z] ph => 4.3
[2026-05-22T14:52:09.185Z] ph: 4.3 saved
[2026-05-22T14:52:09.195Z] Notification saved
[2026-05-22T14:52:19.164Z] Topic: aquaponic/device/data
[2026-05-22T14:52:19.165Z] Payload: {"mac_address":"ESP:32:AA:BB:CC:01","sensors":{"temperature":19.3,"humidity":94.1,"ph":7}}
[2026-05-22T14:52:19.166Z] temperature => 19.3
[2026-05-22T14:52:19.167Z] Topic: aquaponic/device/data
[2026-05-22T14:52:19.167Z] Payload: {"mac_address":"ESP:32:AA:BB:CC:01","sensors":{"temperature":19.3,"humidity":94.1,"ph":7}}
[2026-05-22T14:52:19.167Z] Runtime Error: Can't add new command when connection is in closed state
[2026-05-22T14:52:19.177Z] temperature: 19.3 saved
[2026-05-22T14:52:19.177Z] humidity => 94.1
[2026-05-22T14:52:19.197Z] humidity: 94.1 saved
[2026-05-22T14:52:19.206Z] Notification saved
[2026-05-22T14:52:19.206Z] ph => 7
[2026-05-22T14:52:19.213Z] ph: 7 saved
[2026-05-22T14:52:29.166Z] Topic: aquaponic/device/data
[2026-05-22T14:52:29.166Z] Payload: {"mac_address":"ESP:32:AA:BB:CC:01","sensors":{"temperature":15.4,"humidity":42.1,"ph":7.7}}
[2026-05-22T14:52:29.168Z] temperature => 15.4
[2026-05-22T14:52:29.170Z] Topic: aquaponic/device/data
[2026-05-22T14:52:29.171Z] Payload: {"mac_address":"ESP:32:AA:BB:CC:01","sensors":{"temperature":15.4,"humidity":42.1,"ph":7.7}}
[2026-05-22T14:52:29.171Z] Runtime Error: Can't add new command when connection is in closed state
[2026-05-22T14:52:29.185Z] temperature: 15.4 saved
[2026-05-22T14:52:29.205Z] Notification saved
[2026-05-22T14:52:29.205Z] humidity => 42.1
[2026-05-22T14:52:29.212Z] humidity: 42.1 saved
[2026-05-22T14:52:29.212Z] ph => 7.7
[2026-05-22T14:52:29.222Z] ph: 7.7 saved
[2026-05-22T14:52:29.232Z] Notification saved
[2026-05-22T14:52:39.181Z] Topic: aquaponic/device/data
[2026-05-22T14:52:39.181Z] Payload: {"mac_address":"ESP:32:AA:BB:CC:01","sensors":{"temperature":15.4,"humidity":48.5,"ph":4.9}}
[2026-05-22T14:52:39.183Z] temperature => 15.4
[2026-05-22T14:52:39.185Z] Topic: aquaponic/device/data
[2026-05-22T14:52:39.185Z] Payload: {"mac_address":"ESP:32:AA:BB:CC:01","sensors":{"temperature":15.4,"humidity":48.5,"ph":4.9}}
[2026-05-22T14:52:39.186Z] Runtime Error: Can't add new command when connection is in closed state
[2026-05-22T14:52:39.193Z] temperature: 15.4 saved
[2026-05-22T14:52:39.214Z] Notification saved
[2026-05-22T14:52:39.214Z] humidity => 48.5
[2026-05-22T14:52:39.224Z] humidity: 48.5 saved
[2026-05-22T14:52:39.224Z] ph => 4.9
[2026-05-22T14:52:39.233Z] ph: 4.9 saved
[2026-05-22T14:52:39.243Z] Notification saved
[2026-05-22T14:52:49.198Z] Topic: aquaponic/device/data
[2026-05-22T14:52:49.199Z] Payload: {"mac_address":"ESP:32:AA:BB:CC:01","sensors":{"temperature":34.1,"humidity":70.8,"ph":7.2}}
[2026-05-22T14:52:49.200Z] temperature => 34.1
[2026-05-22T14:52:49.202Z] Topic: aquaponic/device/data
[2026-05-22T14:52:49.202Z] Payload: {"mac_address":"ESP:32:AA:BB:CC:01","sensors":{"temperature":34.1,"humidity":70.8,"ph":7.2}}
[2026-05-22T14:52:49.203Z] Runtime Error: Can't add new command when connection is in closed state
[2026-05-22T14:52:49.214Z] temperature: 34.1 saved
[2026-05-22T14:52:49.231Z] Notification saved
[2026-05-22T14:52:49.231Z] humidity => 70.8
[2026-05-22T14:52:49.239Z] humidity: 70.8 saved
[2026-05-22T14:52:49.239Z] ph => 7.2
[2026-05-22T14:52:49.249Z] ph: 7.2 saved
[2026-05-22T14:52:59.204Z] Topic: aquaponic/device/data
[2026-05-22T14:52:59.204Z] Payload: {"mac_address":"ESP:32:AA:BB:CC:01","sensors":{"temperature":31.6,"humidity":77.4,"ph":8}}
[2026-05-22T14:52:59.206Z] temperature => 31.6
[2026-05-22T14:52:59.208Z] Topic: aquaponic/device/data
[2026-05-22T14:52:59.208Z] Payload: {"mac_address":"ESP:32:AA:BB:CC:01","sensors":{"temperature":31.6,"humidity":77.4,"ph":8}}
[2026-05-22T14:52:59.208Z] Runtime Error: Can't add new command when connection is in closed state
[2026-05-22T14:52:59.221Z] temperature: 31.6 saved
[2026-05-22T14:52:59.222Z] humidity => 77.4
[2026-05-22T14:52:59.229Z] humidity: 77.4 saved
[2026-05-22T14:52:59.229Z] ph => 8
[2026-05-22T14:52:59.246Z] ph: 8 saved
[2026-05-22T14:52:59.257Z] Notification saved
[2026-05-22T14:53:09.213Z] Topic: aquaponic/device/data
[2026-05-22T14:53:09.214Z] Payload: {"mac_address":"ESP:32:AA:BB:CC:01","sensors":{"temperature":16.8,"humidity":46.7,"ph":6.1}}
[2026-05-22T14:53:09.216Z] temperature => 16.8
[2026-05-22T14:53:09.219Z] Topic: aquaponic/device/data
[2026-05-22T14:53:09.219Z] Payload: {"mac_address":"ESP:32:AA:BB:CC:01","sensors":{"temperature":16.8,"humidity":46.7,"ph":6.1}}
[2026-05-22T14:53:09.220Z] Runtime Error: Can't add new command when connection is in closed state
[2026-05-22T14:53:09.227Z] temperature: 16.8 saved
[2026-05-22T14:53:09.246Z] Notification saved
[2026-05-22T14:53:09.246Z] humidity => 46.7
[2026-05-22T14:53:09.264Z] humidity: 46.7 saved
[2026-05-22T14:53:09.264Z] ph => 6.1
[2026-05-22T14:53:09.276Z] ph: 6.1 saved
[2026-05-22T14:53:19.227Z] Topic: aquaponic/device/data
[2026-05-22T14:53:19.227Z] Payload: {"mac_address":"ESP:32:AA:BB:CC:01","sensors":{"temperature":30,"humidity":73.2,"ph":8.6}}
[2026-05-22T14:53:19.229Z] Topic: aquaponic/device/data
[2026-05-22T14:53:19.229Z] temperature => 30
[2026-05-22T14:53:19.229Z] Payload: {"mac_address":"ESP:32:AA:BB:CC:01","sensors":{"temperature":30,"humidity":73.2,"ph":8.6}}
[2026-05-22T14:53:19.230Z] Runtime Error: Can't add new command when connection is in closed state
[2026-05-22T14:53:19.239Z] temperature: 30 saved
[2026-05-22T14:53:19.240Z] humidity => 73.2
[2026-05-22T14:53:19.253Z] humidity: 73.2 saved
[2026-05-22T14:53:19.254Z] ph => 8.6
[2026-05-22T14:53:19.263Z] ph: 8.6 saved
[2026-05-22T14:53:19.273Z] Notification saved
[2026-05-22T14:53:29.241Z] Topic: aquaponic/device/data
[2026-05-22T14:53:29.241Z] Payload: {"mac_address":"ESP:32:AA:BB:CC:01","sensors":{"temperature":19.9,"humidity":77,"ph":6}}
[2026-05-22T14:53:29.243Z] temperature => 19.9
[2026-05-22T14:53:29.244Z] Topic: aquaponic/device/data
[2026-05-22T14:53:29.244Z] Payload: {"mac_address":"ESP:32:AA:BB:CC:01","sensors":{"temperature":19.9,"humidity":77,"ph":6}}
[2026-05-22T14:53:29.245Z] Runtime Error: Can't add new command when connection is in closed state
[2026-05-22T14:53:29.262Z] temperature: 19.9 saved
[2026-05-22T14:53:29.262Z] humidity => 77
[2026-05-22T14:53:29.279Z] humidity: 77 saved
[2026-05-22T14:53:29.279Z] ph => 6
[2026-05-22T14:53:29.292Z] ph: 6 saved
[2026-05-22T14:53:39.254Z] Topic: aquaponic/device/data
[2026-05-22T14:53:39.254Z] Payload: {"mac_address":"ESP:32:AA:BB:CC:01","sensors":{"temperature":30.6,"humidity":88,"ph":4.3}}
[2026-05-22T14:53:39.256Z] temperature => 30.6
[2026-05-22T14:53:39.256Z] Topic: aquaponic/device/data
[2026-05-22T14:53:39.256Z] Payload: {"mac_address":"ESP:32:AA:BB:CC:01","sensors":{"temperature":30.6,"humidity":88,"ph":4.3}}
[2026-05-22T14:53:39.257Z] Runtime Error: Can't add new command when connection is in closed state
[2026-05-22T14:53:39.270Z] temperature: 30.6 saved
[2026-05-22T14:53:39.270Z] humidity => 88
[2026-05-22T14:53:39.290Z] humidity: 88 saved
[2026-05-22T14:53:39.309Z] Notification saved
[2026-05-22T14:53:39.310Z] ph => 4.3
[2026-05-22T14:53:39.320Z] ph: 4.3 saved
[2026-05-22T14:53:39.330Z] Notification saved
[2026-05-22T14:53:49.269Z] Topic: aquaponic/device/data
[2026-05-22T14:53:49.269Z] Topic: aquaponic/device/data
[2026-05-22T14:53:49.270Z] Payload: {"mac_address":"ESP:32:AA:BB:CC:01","sensors":{"temperature":30.5,"humidity":57.4,"ph":5.6}}
[2026-05-22T14:53:49.270Z] Payload: {"mac_address":"ESP:32:AA:BB:CC:01","sensors":{"temperature":30.5,"humidity":57.4,"ph":5.6}}
[2026-05-22T14:53:49.270Z] Runtime Error: Can't add new command when connection is in closed state
[2026-05-22T14:53:49.272Z] temperature => 30.5
[2026-05-22T14:53:49.296Z] temperature: 30.5 saved
[2026-05-22T14:53:49.296Z] humidity => 57.4
[2026-05-22T14:53:49.306Z] humidity: 57.4 saved
[2026-05-22T14:53:49.306Z] ph => 5.6
[2026-05-22T14:53:49.317Z] ph: 5.6 saved
[2026-05-22T14:54:05.217Z] Topic: aquaponic/device/data
[2026-05-22T14:54:05.217Z] Payload: {"mac_address":"ESP:32:AA:BB:CC:01","sensors":{"temperature":23.7,"humidity":52,"ph":5.4}}
[2026-05-22T14:54:05.219Z] temperature => 23.7
[2026-05-22T14:54:05.221Z] Topic: aquaponic/device/data
[2026-05-22T14:54:05.221Z] Payload: {"mac_address":"ESP:32:AA:BB:CC:01","sensors":{"temperature":23.7,"humidity":52,"ph":5.4}}
[2026-05-22T14:54:05.221Z] Runtime Error: Can't add new command when connection is in closed state
[2026-05-22T14:54:05.243Z] temperature: 23.7 saved
[2026-05-22T14:54:05.243Z] humidity => 52
[2026-05-22T14:54:05.264Z] humidity: 52 saved
[2026-05-22T14:54:05.264Z] ph => 5.4
[2026-05-22T14:54:05.279Z] ph: 5.4 saved
[2026-05-22T14:54:05.286Z] Notification saved
[2026-05-22T14:54:15.234Z] Topic: aquaponic/device/data
[2026-05-22T14:54:15.234Z] Payload: {"mac_address":"ESP:32:AA:BB:CC:01","sensors":{"temperature":35.4,"humidity":77.8,"ph":4.7}}
[2026-05-22T14:54:15.236Z] temperature => 35.4
[2026-05-22T14:54:15.237Z] Topic: aquaponic/device/data
[2026-05-22T14:54:15.237Z] Payload: {"mac_address":"ESP:32:AA:BB:CC:01","sensors":{"temperature":35.4,"humidity":77.8,"ph":4.7}}
[2026-05-22T14:54:15.238Z] Runtime Error: Can't add new command when connection is in closed state
[2026-05-22T14:54:15.259Z] temperature: 35.4 saved
[2026-05-22T14:54:15.291Z] Notification saved
[2026-05-22T14:54:15.291Z] humidity => 77.8
[2026-05-22T14:54:15.301Z] humidity: 77.8 saved
[2026-05-22T14:54:15.301Z] ph => 4.7
[2026-05-22T14:54:15.310Z] ph: 4.7 saved
[2026-05-22T14:54:15.318Z] Notification saved
[2026-05-22T14:54:25.274Z] Topic: aquaponic/device/data
[2026-05-22T14:54:25.274Z] Payload: {"mac_address":"ESP:32:AA:BB:CC:01","sensors":{"temperature":31.9,"humidity":80.3,"ph":6.3}}
[2026-05-22T14:54:25.276Z] temperature => 31.9
[2026-05-22T14:54:25.281Z] Topic: aquaponic/device/data
[2026-05-22T14:54:25.281Z] Payload: {"mac_address":"ESP:32:AA:BB:CC:01","sensors":{"temperature":31.9,"humidity":80.3,"ph":6.3}}
[2026-05-22T14:54:25.282Z] Runtime Error: Can't add new command when connection is in closed state
[2026-05-22T14:54:25.288Z] temperature: 31.9 saved
[2026-05-22T14:54:25.288Z] humidity => 80.3
[2026-05-22T14:54:25.306Z] humidity: 80.3 saved
[2026-05-22T14:54:25.306Z] ph => 6.3
[2026-05-22T14:54:25.319Z] ph: 6.3 saved
[2026-05-22T14:54:35.253Z] Topic: aquaponic/device/data
[2026-05-22T14:54:35.254Z] Payload: {"mac_address":"ESP:32:AA:BB:CC:01","sensors":{"temperature":25.9,"humidity":59,"ph":6.8}}
[2026-05-22T14:54:35.256Z] temperature => 25.9
[2026-05-22T14:54:35.256Z] Topic: aquaponic/device/data
[2026-05-22T14:54:35.257Z] Payload: {"mac_address":"ESP:32:AA:BB:CC:01","sensors":{"temperature":25.9,"humidity":59,"ph":6.8}}
[2026-05-22T14:54:35.257Z] Runtime Error: Can't add new command when connection is in closed state
[2026-05-22T14:54:35.277Z] temperature: 25.9 saved
[2026-05-22T14:54:35.277Z] humidity => 59
[2026-05-22T14:54:35.294Z] humidity: 59 saved
[2026-05-22T14:54:35.294Z] ph => 6.8
[2026-05-22T14:54:35.318Z] ph: 6.8 saved
[2026-05-22T14:54:45.272Z] Topic: aquaponic/device/data
[2026-05-22T14:54:45.272Z] Topic: aquaponic/device/data
[2026-05-22T14:54:45.272Z] Payload: {"mac_address":"ESP:32:AA:BB:CC:01","sensors":{"temperature":29.3,"humidity":45.4,"ph":7.5}}
[2026-05-22T14:54:45.272Z] Payload: {"mac_address":"ESP:32:AA:BB:CC:01","sensors":{"temperature":29.3,"humidity":45.4,"ph":7.5}}
[2026-05-22T14:54:45.273Z] Runtime Error: Can't add new command when connection is in closed state
[2026-05-22T14:54:45.274Z] temperature => 29.3
[2026-05-22T14:54:45.286Z] temperature: 29.3 saved
[2026-05-22T14:54:45.286Z] humidity => 45.4
[2026-05-22T14:54:45.299Z] humidity: 45.4 saved
[2026-05-22T14:54:45.299Z] ph => 7.5
[2026-05-22T14:54:45.329Z] ph: 7.5 saved
[2026-05-22T14:55:10.861Z] Topic: aquaponic/device/data
[2026-05-22T14:55:10.861Z] Payload: {"mac_address":"ESP:32:AA:BB:CC:01","sensors":{"temperature":26.9,"humidity":58.5,"ph":5.7}}
[2026-05-22T14:55:10.863Z] temperature => 26.9
[2026-05-22T14:55:10.864Z] Topic: aquaponic/device/data
[2026-05-22T14:55:10.864Z] Payload: {"mac_address":"ESP:32:AA:BB:CC:01","sensors":{"temperature":26.9,"humidity":58.5,"ph":5.7}}
[2026-05-22T14:55:10.864Z] Runtime Error: Can't add new command when connection is in closed state
[2026-05-22T14:55:10.873Z] temperature: 26.9 saved
[2026-05-22T14:55:10.873Z] humidity => 58.5
[2026-05-22T14:55:10.883Z] humidity: 58.5 saved
[2026-05-22T14:55:10.883Z] ph => 5.7
[2026-05-22T14:55:10.893Z] ph: 5.7 saved
[2026-05-22T14:55:47.191Z] Topic: aquaponic/device/data
[2026-05-22T14:55:47.191Z] Payload: {"mac_address":"ESP:32:AA:BB:CC:01","sensors":{"temperature":35.9,"humidity":84.9,"ph":8.4}}
[2026-05-22T14:55:47.192Z] Topic: aquaponic/device/data
[2026-05-22T14:55:47.193Z] Payload: {"mac_address":"ESP:32:AA:BB:CC:01","sensors":{"temperature":35.9,"humidity":84.9,"ph":8.4}}
[2026-05-22T14:55:47.193Z] temperature => 35.9
[2026-05-22T14:55:47.193Z] Runtime Error: Can't add new command when connection is in closed state
[2026-05-22T14:55:47.204Z] temperature: 35.9 saved
[2026-05-22T14:55:47.219Z] Notification saved
[2026-05-22T14:55:47.219Z] humidity => 84.9
[2026-05-22T14:55:47.227Z] humidity: 84.9 saved
[2026-05-22T14:55:47.227Z] ph => 8.4
[2026-05-22T14:55:47.234Z] ph: 8.4 saved
[2026-05-22T14:55:47.244Z] Notification saved
[2026-05-22T14:56:40.949Z] Heartbeat alive
[2026-05-22T15:00:49.061Z] Topic: aquaponic/device/data
[2026-05-22T15:00:49.062Z] Payload: {"mac_address":"ESP:32:AA:BB:CC:01","sensors":{"temperature":32.2,"humidity":90.5,"ph":6.8}}
[2026-05-22T15:00:49.063Z] Topic: aquaponic/device/data
[2026-05-22T15:00:49.063Z] Payload: {"mac_address":"ESP:32:AA:BB:CC:01","sensors":{"temperature":32.2,"humidity":90.5,"ph":6.8}}
[2026-05-22T15:00:49.064Z] temperature => 32.2
[2026-05-22T15:00:49.064Z] Runtime Error: Can't add new command when connection is in closed state
[2026-05-22T15:00:49.078Z] temperature: 32.2 saved
[2026-05-22T15:00:49.085Z] Notification saved
[2026-05-22T15:00:49.085Z] humidity => 90.5
[2026-05-22T15:00:49.098Z] humidity: 90.5 saved
[2026-05-22T15:00:49.112Z] Notification saved
[2026-05-22T15:00:49.112Z] ph => 6.8
[2026-05-22T15:00:49.126Z] ph: 6.8 saved
[2026-05-22T15:01:40.957Z] Heartbeat alive
[2026-05-22T15:05:50.701Z] Topic: aquaponic/device/data
[2026-05-22T15:05:50.701Z] Payload: {"mac_address":"ESP:32:AA:BB:CC:01","sensors":{"temperature":24.3,"humidity":84,"ph":7.4}}
[2026-05-22T15:05:50.701Z] Runtime Error: Can't add new command when connection is in closed state
[2026-05-22T15:05:50.737Z] Topic: aquaponic/device/data
[2026-05-22T15:05:50.738Z] Payload: {"mac_address":"ESP:32:AA:BB:CC:01","sensors":{"temperature":24.3,"humidity":84,"ph":7.4}}
[2026-05-22T15:05:50.739Z] temperature => 24.3
[2026-05-22T15:05:50.749Z] temperature: 24.3 saved
[2026-05-22T15:05:50.749Z] humidity => 84
[2026-05-22T15:05:50.758Z] humidity: 84 saved
[2026-05-22T15:05:50.758Z] ph => 7.4
[2026-05-22T15:05:50.767Z] ph: 7.4 saved
[2026-05-22T15:06:40.969Z] Heartbeat alive
[2026-05-22T15:10:52.189Z] Topic: aquaponic/device/data
[2026-05-22T15:10:52.189Z] Payload: {"mac_address":"ESP:32:AA:BB:CC:01","sensors":{"temperature":30.2,"humidity":93.7,"ph":7.5}}
[2026-05-22T15:10:52.192Z] temperature => 30.2
[2026-05-22T15:10:52.192Z] Topic: aquaponic/device/data
[2026-05-22T15:10:52.192Z] Payload: {"mac_address":"ESP:32:AA:BB:CC:01","sensors":{"temperature":30.2,"humidity":93.7,"ph":7.5}}
[2026-05-22T15:10:52.193Z] Runtime Error: Can't add new command when connection is in closed state
[2026-05-22T15:10:52.204Z] temperature: 30.2 saved
[2026-05-22T15:10:52.204Z] humidity => 93.7
[2026-05-22T15:10:52.220Z] humidity: 93.7 saved
[2026-05-22T15:10:52.229Z] Notification saved
[2026-05-22T15:10:52.229Z] ph => 7.5
[2026-05-22T15:10:52.245Z] ph: 7.5 saved
[2026-05-22T15:11:40.994Z] Heartbeat alive
[2026-05-22T15:15:53.776Z] Topic: aquaponic/device/data
[2026-05-22T15:15:53.776Z] Payload: {"mac_address":"ESP:32:AA:BB:CC:01","sensors":{"temperature":22.3,"humidity":91.9,"ph":4.6}}
[2026-05-22T15:15:53.778Z] temperature => 22.3
[2026-05-22T15:15:53.786Z] Topic: aquaponic/device/data
[2026-05-22T15:15:53.786Z] Payload: {"mac_address":"ESP:32:AA:BB:CC:01","sensors":{"temperature":22.3,"humidity":91.9,"ph":4.6}}
[2026-05-22T15:15:53.787Z] Runtime Error: Can't add new command when connection is in closed state
[2026-05-22T15:15:53.789Z] temperature: 22.3 saved
[2026-05-22T15:15:53.789Z] humidity => 91.9
[2026-05-22T15:15:53.809Z] humidity: 91.9 saved
[2026-05-22T15:15:53.819Z] Notification saved
[2026-05-22T15:15:53.819Z] ph => 4.6
[2026-05-22T15:15:53.832Z] ph: 4.6 saved
[2026-05-22T15:15:53.840Z] Notification saved
[2026-05-22T15:16:41.019Z] Heartbeat alive
[2026-05-22T15:20:57.029Z] Topic: aquaponic/device/data
[2026-05-22T15:20:57.029Z] Payload: {"mac_address":"ESP:32:AA:BB:CC:01","sensors":{"temperature":24.7,"humidity":53.5,"ph":8.8}}
[2026-05-22T15:20:57.031Z] temperature => 24.7
[2026-05-22T15:20:57.033Z] Topic: aquaponic/device/data
[2026-05-22T15:20:57.033Z] Payload: {"mac_address":"ESP:32:AA:BB:CC:01","sensors":{"temperature":24.7,"humidity":53.5,"ph":8.8}}
[2026-05-22T15:20:57.034Z] Runtime Error: Can't add new command when connection is in closed state
[2026-05-22T15:20:57.049Z] temperature: 24.7 saved
[2026-05-22T15:20:57.050Z] humidity => 53.5
[2026-05-22T15:20:57.090Z] humidity: 53.5 saved
[2026-05-22T15:20:57.090Z] ph => 8.8
[2026-05-22T15:20:57.108Z] ph: 8.8 saved
[2026-05-22T15:20:57.115Z] Notification saved
[2026-05-22T15:21:41.032Z] Heartbeat alive
[2026-05-22T15:25:58.471Z] Topic: aquaponic/device/data
[2026-05-22T15:25:58.471Z] Payload: {"mac_address":"ESP:32:AA:BB:CC:01","sensors":{"temperature":34.6,"humidity":64.5,"ph":8.8}}
[2026-05-22T15:25:58.473Z] Topic: aquaponic/device/data
[2026-05-22T15:25:58.473Z] Payload: {"mac_address":"ESP:32:AA:BB:CC:01","sensors":{"temperature":34.6,"humidity":64.5,"ph":8.8}}
[2026-05-22T15:25:58.473Z] Runtime Error: Can't add new command when connection is in closed state
[2026-05-22T15:25:58.474Z] temperature => 34.6
[2026-05-22T15:25:58.483Z] temperature: 34.6 saved
[2026-05-22T15:25:58.491Z] Notification saved
[2026-05-22T15:25:58.491Z] humidity => 64.5
[2026-05-22T15:25:58.514Z] humidity: 64.5 saved
[2026-05-22T15:25:58.514Z] ph => 8.8
[2026-05-22T15:25:58.529Z] ph: 8.8 saved
[2026-05-22T15:25:58.537Z] Notification saved
[2026-05-22T15:26:41.054Z] Heartbeat alive
[2026-05-22T15:30:59.830Z] Topic: aquaponic/device/data
[2026-05-22T15:30:59.830Z] Payload: {"mac_address":"ESP:32:AA:BB:CC:01","sensors":{"temperature":23,"humidity":33.7,"ph":8}}
[2026-05-22T15:30:59.832Z] temperature => 23
[2026-05-22T15:30:59.835Z] Topic: aquaponic/device/data
[2026-05-22T15:30:59.835Z] Payload: {"mac_address":"ESP:32:AA:BB:CC:01","sensors":{"temperature":23,"humidity":33.7,"ph":8}}
[2026-05-22T15:30:59.835Z] Runtime Error: Can't add new command when connection is in closed state
[2026-05-22T15:30:59.841Z] temperature: 23 saved
[2026-05-22T15:30:59.841Z] humidity => 33.7
[2026-05-22T15:30:59.857Z] humidity: 33.7 saved
[2026-05-22T15:30:59.865Z] Notification saved
[2026-05-22T15:30:59.865Z] ph => 8
[2026-05-22T15:30:59.877Z] ph: 8 saved
[2026-05-22T15:30:59.887Z] Notification saved
[2026-05-22T15:31:41.075Z] Heartbeat alive
[2026-05-22T15:36:01.635Z] Topic: aquaponic/device/data
[2026-05-22T15:36:01.636Z] Payload: {"mac_address":"ESP:32:AA:BB:CC:01","sensors":{"temperature":33,"humidity":30.6,"ph":7.9}}
[2026-05-22T15:36:01.636Z] Runtime Error: Can't add new command when connection is in closed state
[2026-05-22T15:36:01.656Z] Topic: aquaponic/device/data
[2026-05-22T15:36:01.657Z] Payload: {"mac_address":"ESP:32:AA:BB:CC:01","sensors":{"temperature":33,"humidity":30.6,"ph":7.9}}
[2026-05-22T15:36:01.664Z] temperature => 33
[2026-05-22T15:36:01.683Z] temperature: 33 saved
[2026-05-22T15:36:01.706Z] Notification saved
[2026-05-22T15:36:01.706Z] humidity => 30.6
[2026-05-22T15:36:01.724Z] humidity: 30.6 saved
[2026-05-22T15:36:01.771Z] Notification saved
[2026-05-22T15:36:01.771Z] ph => 7.9
[2026-05-22T15:36:01.886Z] ph: 7.9 saved
[2026-05-22T15:36:02.039Z] Notification saved
[2026-05-22T15:36:41.094Z] Heartbeat alive
[2026-05-22T15:41:02.871Z] Topic: aquaponic/device/data
[2026-05-22T15:41:02.872Z] Payload: {"mac_address":"ESP:32:AA:BB:CC:01","sensors":{"temperature":16.5,"humidity":93.1,"ph":7.2}}
[2026-05-22T15:41:02.873Z] temperature => 16.5
[2026-05-22T15:41:02.876Z] Topic: aquaponic/device/data
[2026-05-22T15:41:02.876Z] Payload: {"mac_address":"ESP:32:AA:BB:CC:01","sensors":{"temperature":16.5,"humidity":93.1,"ph":7.2}}
[2026-05-22T15:41:02.876Z] Runtime Error: Can't add new command when connection is in closed state
[2026-05-22T15:41:02.883Z] temperature: 16.5 saved
[2026-05-22T15:41:02.891Z] Notification saved
[2026-05-22T15:41:02.891Z] humidity => 93.1
[2026-05-22T15:41:02.898Z] humidity: 93.1 saved
[2026-05-22T15:41:02.914Z] Notification saved
[2026-05-22T15:41:02.915Z] ph => 7.2
[2026-05-22T15:41:02.935Z] ph: 7.2 saved
[2026-05-22T15:41:41.113Z] Heartbeat alive
[2026-05-22T15:46:04.169Z] Topic: aquaponic/device/data
[2026-05-22T15:46:04.170Z] Payload: {"mac_address":"ESP:32:AA:BB:CC:01","sensors":{"temperature":32,"humidity":80.1,"ph":4.8}}
[2026-05-22T15:46:04.170Z] Runtime Error: Can't add new command when connection is in closed state
[2026-05-22T15:46:04.175Z] Topic: aquaponic/device/data
[2026-05-22T15:46:04.175Z] Payload: {"mac_address":"ESP:32:AA:BB:CC:01","sensors":{"temperature":32,"humidity":80.1,"ph":4.8}}
[2026-05-22T15:46:04.177Z] temperature => 32
[2026-05-22T15:46:04.188Z] temperature: 32 saved
[2026-05-22T15:46:04.188Z] humidity => 80.1
[2026-05-22T15:46:04.209Z] humidity: 80.1 saved
[2026-05-22T15:46:04.209Z] ph => 4.8
[2026-05-22T15:46:04.216Z] ph: 4.8 saved
[2026-05-22T15:46:04.228Z] Notification saved
[2026-05-22T15:46:41.125Z] Heartbeat alive
[2026-05-22T15:51:05.399Z] Topic: aquaponic/device/data
[2026-05-22T15:51:05.400Z] Payload: {"mac_address":"ESP:32:AA:BB:CC:01","sensors":{"temperature":26.9,"humidity":69.3,"ph":5.8}}
[2026-05-22T15:51:05.402Z] temperature => 26.9
[2026-05-22T15:51:05.406Z] Topic: aquaponic/device/data
[2026-05-22T15:51:05.406Z] Payload: {"mac_address":"ESP:32:AA:BB:CC:01","sensors":{"temperature":26.9,"humidity":69.3,"ph":5.8}}
[2026-05-22T15:51:05.407Z] Runtime Error: Can't add new command when connection is in closed state
[2026-05-22T15:51:05.424Z] temperature: 26.9 saved
[2026-05-22T15:51:05.424Z] humidity => 69.3
[2026-05-22T15:51:05.434Z] humidity: 69.3 saved
[2026-05-22T15:51:05.434Z] ph => 5.8
[2026-05-22T15:51:05.447Z] ph: 5.8 saved
[2026-05-22T15:51:41.143Z] Heartbeat alive
[2026-05-22T15:56:06.874Z] Topic: aquaponic/device/data
[2026-05-22T15:56:06.874Z] Payload: {"mac_address":"ESP:32:AA:BB:CC:01","sensors":{"temperature":16,"humidity":78.9,"ph":8.3}}
[2026-05-22T15:56:06.876Z] temperature => 16
[2026-05-22T15:56:06.878Z] Topic: aquaponic/device/data
[2026-05-22T15:56:06.878Z] Payload: {"mac_address":"ESP:32:AA:BB:CC:01","sensors":{"temperature":16,"humidity":78.9,"ph":8.3}}
[2026-05-22T15:56:06.879Z] Runtime Error: Can't add new command when connection is in closed state
[2026-05-22T15:56:06.890Z] temperature: 16 saved
[2026-05-22T15:56:06.914Z] Notification saved
[2026-05-22T15:56:06.914Z] humidity => 78.9
[2026-05-22T15:56:06.922Z] humidity: 78.9 saved
[2026-05-22T15:56:06.923Z] ph => 8.3
[2026-05-22T15:56:06.933Z] ph: 8.3 saved
[2026-05-22T15:56:06.941Z] Notification saved
[2026-05-22T15:56:41.147Z] Heartbeat alive
[2026-05-22T16:01:08.387Z] Topic: aquaponic/device/data
[2026-05-22T16:01:08.387Z] Payload: {"mac_address":"ESP:32:AA:BB:CC:01","sensors":{"temperature":34.2,"humidity":54.5,"ph":7.5}}
[2026-05-22T16:01:08.388Z] Topic: aquaponic/device/data
[2026-05-22T16:01:08.388Z] Payload: {"mac_address":"ESP:32:AA:BB:CC:01","sensors":{"temperature":34.2,"humidity":54.5,"ph":7.5}}
[2026-05-22T16:01:08.389Z] Runtime Error: Can't add new command when connection is in closed state
[2026-05-22T16:01:08.389Z] temperature => 34.2
[2026-05-22T16:01:08.411Z] temperature: 34.2 saved
[2026-05-22T16:01:08.421Z] Notification saved
[2026-05-22T16:01:08.421Z] humidity => 54.5
[2026-05-22T16:01:08.434Z] humidity: 54.5 saved
[2026-05-22T16:01:08.434Z] ph => 7.5
[2026-05-22T16:01:08.444Z] ph: 7.5 saved
[2026-05-22T16:01:41.162Z] Heartbeat alive
[2026-05-22T16:06:09.786Z] Topic: aquaponic/device/data
[2026-05-22T16:06:09.786Z] Payload: {"mac_address":"ESP:32:AA:BB:CC:01","sensors":{"temperature":17.8,"humidity":79.3,"ph":4.2}}
[2026-05-22T16:06:09.787Z] Runtime Error: Can't add new command when connection is in closed state
[2026-05-22T16:06:09.787Z] Topic: aquaponic/device/data
[2026-05-22T16:06:09.787Z] Payload: {"mac_address":"ESP:32:AA:BB:CC:01","sensors":{"temperature":17.8,"humidity":79.3,"ph":4.2}}
[2026-05-22T16:06:09.789Z] temperature => 17.8
[2026-05-22T16:06:09.800Z] temperature: 17.8 saved
[2026-05-22T16:06:09.809Z] Notification saved
[2026-05-22T16:06:09.809Z] humidity => 79.3
[2026-05-22T16:06:09.817Z] humidity: 79.3 saved
[2026-05-22T16:06:09.817Z] ph => 4.2
[2026-05-22T16:06:09.829Z] ph: 4.2 saved
[2026-05-22T16:06:09.855Z] Notification saved
[2026-05-22T16:06:41.177Z] Heartbeat alive
[2026-05-22T16:11:11.064Z] Topic: aquaponic/device/data
[2026-05-22T16:11:11.064Z] Payload: {"mac_address":"ESP:32:AA:BB:CC:01","sensors":{"temperature":29,"humidity":78,"ph":7.3}}
[2026-05-22T16:11:11.066Z] temperature => 29
[2026-05-22T16:11:11.069Z] Topic: aquaponic/device/data
[2026-05-22T16:11:11.069Z] Payload: {"mac_address":"ESP:32:AA:BB:CC:01","sensors":{"temperature":29,"humidity":78,"ph":7.3}}
[2026-05-22T16:11:11.069Z] Runtime Error: Can't add new command when connection is in closed state
[2026-05-22T16:11:11.083Z] temperature: 29 saved
[2026-05-22T16:11:11.083Z] humidity => 78
[2026-05-22T16:11:11.101Z] humidity: 78 saved
[2026-05-22T16:11:11.101Z] ph => 7.3
[2026-05-22T16:11:11.121Z] ph: 7.3 saved
[2026-05-22T16:11:41.188Z] Heartbeat alive
[2026-05-22T16:16:12.749Z] Topic: aquaponic/device/data
[2026-05-22T16:16:12.749Z] Payload: {"mac_address":"ESP:32:AA:BB:CC:01","sensors":{"temperature":23.6,"humidity":39.3,"ph":7}}
[2026-05-22T16:16:12.751Z] temperature => 23.6
[2026-05-22T16:16:12.753Z] Topic: aquaponic/device/data
[2026-05-22T16:16:12.754Z] Payload: {"mac_address":"ESP:32:AA:BB:CC:01","sensors":{"temperature":23.6,"humidity":39.3,"ph":7}}
[2026-05-22T16:16:12.754Z] Runtime Error: Can't add new command when connection is in closed state
[2026-05-22T16:16:12.760Z] temperature: 23.6 saved
[2026-05-22T16:16:12.760Z] humidity => 39.3
[2026-05-22T16:16:12.778Z] humidity: 39.3 saved
[2026-05-22T16:16:12.786Z] Notification saved
[2026-05-22T16:16:12.787Z] ph => 7
[2026-05-22T16:16:12.805Z] ph: 7 saved
[2026-05-22T16:16:41.197Z] Heartbeat alive
[2026-05-22T16:21:14.227Z] Topic: aquaponic/device/data
[2026-05-22T16:21:14.227Z] Payload: {"mac_address":"ESP:32:AA:BB:CC:01","sensors":{"temperature":24.3,"humidity":58.4,"ph":8.9}}
[2026-05-22T16:21:14.229Z] temperature => 24.3
[2026-05-22T16:21:14.230Z] Topic: aquaponic/device/data
[2026-05-22T16:21:14.231Z] Payload: {"mac_address":"ESP:32:AA:BB:CC:01","sensors":{"temperature":24.3,"humidity":58.4,"ph":8.9}}
[2026-05-22T16:21:14.231Z] Runtime Error: Can't add new command when connection is in closed state
[2026-05-22T16:21:14.252Z] temperature: 24.3 saved
[2026-05-22T16:21:14.252Z] humidity => 58.4
[2026-05-22T16:21:14.263Z] humidity: 58.4 saved
[2026-05-22T16:21:14.264Z] ph => 8.9
[2026-05-22T16:21:14.273Z] ph: 8.9 saved
[2026-05-22T16:21:14.281Z] Notification saved
[2026-05-22T16:21:41.207Z] Heartbeat alive
[2026-05-22T16:26:15.887Z] Topic: aquaponic/device/data
[2026-05-22T16:26:15.887Z] Payload: {"mac_address":"ESP:32:AA:BB:CC:01","sensors":{"temperature":33.1,"humidity":55.1,"ph":5.8}}
[2026-05-22T16:26:15.889Z] temperature => 33.1
[2026-05-22T16:26:15.891Z] Topic: aquaponic/device/data
[2026-05-22T16:26:15.891Z] Payload: {"mac_address":"ESP:32:AA:BB:CC:01","sensors":{"temperature":33.1,"humidity":55.1,"ph":5.8}}
[2026-05-22T16:26:15.892Z] Runtime Error: Can't add new command when connection is in closed state
[2026-05-22T16:26:15.899Z] temperature: 33.1 saved
[2026-05-22T16:26:15.920Z] Notification saved
[2026-05-22T16:26:15.920Z] humidity => 55.1
[2026-05-22T16:26:15.930Z] humidity: 55.1 saved
[2026-05-22T16:26:15.931Z] ph => 5.8
[2026-05-22T16:26:15.941Z] ph: 5.8 saved
[2026-05-22T16:26:41.214Z] Heartbeat alive
[2026-05-22T16:31:18.488Z] Topic: aquaponic/device/data
[2026-05-22T16:31:18.489Z] Payload: {"mac_address":"ESP:32:AA:BB:CC:01","sensors":{"temperature":15.5,"humidity":49.2,"ph":5.1}}
[2026-05-22T16:31:18.490Z] temperature => 15.5
[2026-05-22T16:31:18.492Z] Topic: aquaponic/device/data
[2026-05-22T16:31:18.493Z] Payload: {"mac_address":"ESP:32:AA:BB:CC:01","sensors":{"temperature":15.5,"humidity":49.2,"ph":5.1}}
[2026-05-22T16:31:18.493Z] Runtime Error: Can't add new command when connection is in closed state
[2026-05-22T16:31:18.503Z] temperature: 15.5 saved
[2026-05-22T16:31:18.512Z] Notification saved
[2026-05-22T16:31:18.512Z] humidity => 49.2
[2026-05-22T16:31:18.533Z] humidity: 49.2 saved
[2026-05-22T16:31:18.533Z] ph => 5.1
[2026-05-22T16:31:18.543Z] ph: 5.1 saved
[2026-05-22T16:31:18.554Z] Notification saved
[2026-05-22T16:31:41.224Z] Heartbeat alive
[2026-05-22T16:36:19.888Z] Topic: aquaponic/device/data
[2026-05-22T16:36:19.888Z] Payload: {"mac_address":"ESP:32:AA:BB:CC:01","sensors":{"temperature":28.1,"humidity":39.3,"ph":4.2}}
[2026-05-22T16:36:19.889Z] temperature => 28.1
[2026-05-22T16:36:19.890Z] Topic: aquaponic/device/data
[2026-05-22T16:36:19.890Z] Payload: {"mac_address":"ESP:32:AA:BB:CC:01","sensors":{"temperature":28.1,"humidity":39.3,"ph":4.2}}
[2026-05-22T16:36:19.891Z] Runtime Error: Can't add new command when connection is in closed state
[2026-05-22T16:36:19.899Z] temperature: 28.1 saved
[2026-05-22T16:36:19.899Z] humidity => 39.3
[2026-05-22T16:36:19.913Z] humidity: 39.3 saved
[2026-05-22T16:36:19.946Z] Notification saved
[2026-05-22T16:36:19.946Z] ph => 4.2
[2026-05-22T16:36:19.958Z] ph: 4.2 saved
[2026-05-22T16:36:19.972Z] Notification saved
[2026-05-22T16:36:41.233Z] Heartbeat alive
[2026-05-22T16:41:21.419Z] Topic: aquaponic/device/data
[2026-05-22T16:41:21.419Z] Payload: {"mac_address":"ESP:32:AA:BB:CC:01","sensors":{"temperature":20.1,"humidity":46.8,"ph":7}}
[2026-05-22T16:41:21.421Z] temperature => 20.1
[2026-05-22T16:41:21.423Z] Topic: aquaponic/device/data
[2026-05-22T16:41:21.424Z] Payload: {"mac_address":"ESP:32:AA:BB:CC:01","sensors":{"temperature":20.1,"humidity":46.8,"ph":7}}
[2026-05-22T16:41:21.424Z] Runtime Error: Can't add new command when connection is in closed state
[2026-05-22T16:41:21.429Z] temperature: 20.1 saved
[2026-05-22T16:41:21.430Z] humidity => 46.8
[2026-05-22T16:41:21.448Z] humidity: 46.8 saved
[2026-05-22T16:41:21.448Z] ph => 7
[2026-05-22T16:41:21.459Z] ph: 7 saved
[2026-05-22T16:41:41.240Z] Heartbeat alive
[2026-05-22T16:46:22.894Z] Topic: aquaponic/device/data
[2026-05-22T16:46:22.894Z] Payload: {"mac_address":"ESP:32:AA:BB:CC:01","sensors":{"temperature":35.2,"humidity":75.1,"ph":8.3}}
[2026-05-22T16:46:22.895Z] Topic: aquaponic/device/data
[2026-05-22T16:46:22.895Z] Payload: {"mac_address":"ESP:32:AA:BB:CC:01","sensors":{"temperature":35.2,"humidity":75.1,"ph":8.3}}
[2026-05-22T16:46:22.896Z] Runtime Error: Can't add new command when connection is in closed state
[2026-05-22T16:46:22.896Z] temperature => 35.2
[2026-05-22T16:46:22.920Z] temperature: 35.2 saved
[2026-05-22T16:46:22.931Z] Notification saved
[2026-05-22T16:46:22.931Z] humidity => 75.1
[2026-05-22T16:46:22.939Z] humidity: 75.1 saved
[2026-05-22T16:46:22.939Z] ph => 8.3
[2026-05-22T16:46:22.948Z] ph: 8.3 saved
[2026-05-22T16:46:22.964Z] Notification saved
[2026-05-22T16:46:41.246Z] Heartbeat alive
[2026-05-22T16:51:24.243Z] Topic: aquaponic/device/data
[2026-05-22T16:51:24.244Z] Payload: {"mac_address":"ESP:32:AA:BB:CC:01","sensors":{"temperature":18.9,"humidity":35.9,"ph":7.1}}
[2026-05-22T16:51:24.245Z] Topic: aquaponic/device/data
[2026-05-22T16:51:24.245Z] Payload: {"mac_address":"ESP:32:AA:BB:CC:01","sensors":{"temperature":18.9,"humidity":35.9,"ph":7.1}}
[2026-05-22T16:51:24.245Z] Runtime Error: Can't add new command when connection is in closed state
[2026-05-22T16:51:24.245Z] temperature => 18.9
[2026-05-22T16:51:24.256Z] temperature: 18.9 saved
[2026-05-22T16:51:24.256Z] humidity => 35.9
[2026-05-22T16:51:24.282Z] humidity: 35.9 saved
[2026-05-22T16:51:24.292Z] Notification saved
[2026-05-22T16:51:24.292Z] ph => 7.1
[2026-05-22T16:51:24.299Z] ph: 7.1 saved
[2026-05-22T16:51:41.251Z] Heartbeat alive
[2026-05-22T16:56:25.946Z] Topic: aquaponic/device/data
[2026-05-22T16:56:25.946Z] Payload: {"mac_address":"ESP:32:AA:BB:CC:01","sensors":{"temperature":34.3,"humidity":77.1,"ph":6}}
[2026-05-22T16:56:25.948Z] temperature => 34.3
[2026-05-22T16:56:25.951Z] Topic: aquaponic/device/data
[2026-05-22T16:56:25.951Z] Payload: {"mac_address":"ESP:32:AA:BB:CC:01","sensors":{"temperature":34.3,"humidity":77.1,"ph":6}}
[2026-05-22T16:56:25.952Z] Runtime Error: Can't add new command when connection is in closed state
[2026-05-22T16:56:25.961Z] temperature: 34.3 saved
[2026-05-22T16:56:25.975Z] Notification saved
[2026-05-22T16:56:25.976Z] humidity => 77.1
[2026-05-22T16:56:25.987Z] humidity: 77.1 saved
[2026-05-22T16:56:25.987Z] ph => 6
[2026-05-22T16:56:25.994Z] ph: 6 saved
[2026-05-22T16:56:41.255Z] Heartbeat alive
[2026-05-22T17:01:27.506Z] Topic: aquaponic/device/data
[2026-05-22T17:01:27.506Z] Payload: {"mac_address":"ESP:32:AA:BB:CC:01","sensors":{"temperature":16.4,"humidity":85.6,"ph":8.5}}
[2026-05-22T17:01:27.507Z] Runtime Error: Can't add new command when connection is in closed state
[2026-05-22T17:01:27.513Z] Topic: aquaponic/device/data
[2026-05-22T17:01:27.513Z] Payload: {"mac_address":"ESP:32:AA:BB:CC:01","sensors":{"temperature":16.4,"humidity":85.6,"ph":8.5}}
[2026-05-22T17:01:27.515Z] temperature => 16.4
[2026-05-22T17:01:27.532Z] temperature: 16.4 saved
[2026-05-22T17:01:27.540Z] Notification saved
[2026-05-22T17:01:27.540Z] humidity => 85.6
[2026-05-22T17:01:27.547Z] humidity: 85.6 saved
[2026-05-22T17:01:27.555Z] Notification saved
[2026-05-22T17:01:27.555Z] ph => 8.5
[2026-05-22T17:01:27.576Z] ph: 8.5 saved
[2026-05-22T17:01:27.584Z] Notification saved
[2026-05-22T17:01:41.258Z] Heartbeat alive
[2026-05-22T17:06:28.770Z] Topic: aquaponic/device/data
[2026-05-22T17:06:28.770Z] Payload: {"mac_address":"ESP:32:AA:BB:CC:01","sensors":{"temperature":25.6,"humidity":82.5,"ph":5.6}}
[2026-05-22T17:06:28.772Z] temperature => 25.6
[2026-05-22T17:06:28.774Z] Topic: aquaponic/device/data
[2026-05-22T17:06:28.774Z] Payload: {"mac_address":"ESP:32:AA:BB:CC:01","sensors":{"temperature":25.6,"humidity":82.5,"ph":5.6}}
[2026-05-22T17:06:28.775Z] Runtime Error: Can't add new command when connection is in closed state
[2026-05-22T17:06:28.782Z] temperature: 25.6 saved
[2026-05-22T17:06:28.782Z] humidity => 82.5
[2026-05-22T17:06:28.798Z] humidity: 82.5 saved
[2026-05-22T17:06:28.798Z] ph => 5.6
[2026-05-22T17:06:28.815Z] ph: 5.6 saved
[2026-05-22T17:06:41.260Z] Heartbeat alive
[2026-05-22T17:11:30.117Z] Topic: aquaponic/device/data
[2026-05-22T17:11:30.118Z] Payload: {"mac_address":"ESP:32:AA:BB:CC:01","sensors":{"temperature":21.2,"humidity":63.7,"ph":7.5}}
[2026-05-22T17:11:30.120Z] temperature => 21.2
[2026-05-22T17:11:30.122Z] Topic: aquaponic/device/data
[2026-05-22T17:11:30.123Z] Payload: {"mac_address":"ESP:32:AA:BB:CC:01","sensors":{"temperature":21.2,"humidity":63.7,"ph":7.5}}
[2026-05-22T17:11:30.123Z] Runtime Error: Can't add new command when connection is in closed state
[2026-05-22T17:11:30.131Z] temperature: 21.2 saved
[2026-05-22T17:11:30.131Z] humidity => 63.7
[2026-05-22T17:11:30.146Z] humidity: 63.7 saved
[2026-05-22T17:11:30.146Z] ph => 7.5
[2026-05-22T17:11:30.154Z] ph: 7.5 saved
[2026-05-22T17:11:41.261Z] Heartbeat alive
[2026-05-22T17:16:31.699Z] Topic: aquaponic/device/data
[2026-05-22T17:16:31.699Z] Payload: {"mac_address":"ESP:32:AA:BB:CC:01","sensors":{"temperature":19.4,"humidity":35,"ph":6.7}}
[2026-05-22T17:16:31.701Z] temperature => 19.4
[2026-05-22T17:16:31.711Z] temperature: 19.4 saved
[2026-05-22T17:16:31.711Z] humidity => 35
[2026-05-22T17:16:31.712Z] Topic: aquaponic/device/data
[2026-05-22T17:16:31.712Z] Payload: {"mac_address":"ESP:32:AA:BB:CC:01","sensors":{"temperature":19.4,"humidity":35,"ph":6.7}}
[2026-05-22T17:16:31.713Z] Runtime Error: Can't add new command when connection is in closed state
[2026-05-22T17:16:31.720Z] humidity: 35 saved
[2026-05-22T17:16:31.752Z] Notification saved
[2026-05-22T17:16:31.752Z] ph => 6.7
[2026-05-22T17:16:31.760Z] ph: 6.7 saved
[2026-05-22T17:16:41.270Z] Heartbeat alive
[2026-05-22T17:21:33.210Z] Topic: aquaponic/device/data
[2026-05-22T17:21:33.210Z] Payload: {"mac_address":"ESP:32:AA:BB:CC:01","sensors":{"temperature":17.9,"humidity":44.1,"ph":7.5}}
[2026-05-22T17:21:33.212Z] temperature => 17.9
[2026-05-22T17:21:33.212Z] Topic: aquaponic/device/data
[2026-05-22T17:21:33.212Z] Payload: {"mac_address":"ESP:32:AA:BB:CC:01","sensors":{"temperature":17.9,"humidity":44.1,"ph":7.5}}
[2026-05-22T17:21:33.213Z] Runtime Error: Can't add new command when connection is in closed state
[2026-05-22T17:21:33.234Z] temperature: 17.9 saved
[2026-05-22T17:21:33.264Z] Notification saved
[2026-05-22T17:21:33.264Z] humidity => 44.1
[2026-05-22T17:21:33.274Z] humidity: 44.1 saved
[2026-05-22T17:21:33.274Z] ph => 7.5
[2026-05-22T17:21:33.283Z] ph: 7.5 saved
[2026-05-22T17:21:41.276Z] Heartbeat alive
[2026-05-22T17:26:34.537Z] Topic: aquaponic/device/data
[2026-05-22T17:26:34.537Z] Payload: {"mac_address":"ESP:32:AA:BB:CC:01","sensors":{"temperature":26,"humidity":59.3,"ph":8.1}}
[2026-05-22T17:26:34.539Z] temperature => 26
[2026-05-22T17:26:34.540Z] Topic: aquaponic/device/data
[2026-05-22T17:26:34.540Z] Payload: {"mac_address":"ESP:32:AA:BB:CC:01","sensors":{"temperature":26,"humidity":59.3,"ph":8.1}}
[2026-05-22T17:26:34.541Z] Runtime Error: Can't add new command when connection is in closed state
[2026-05-22T17:26:34.558Z] temperature: 26 saved
[2026-05-22T17:26:34.559Z] humidity => 59.3
[2026-05-22T17:26:34.569Z] humidity: 59.3 saved
[2026-05-22T17:26:34.569Z] ph => 8.1
[2026-05-22T17:26:34.578Z] ph: 8.1 saved
[2026-05-22T17:26:34.587Z] Notification saved
[2026-05-22T17:26:41.278Z] Heartbeat alive
[2026-05-22T17:31:38.389Z] Topic: aquaponic/device/data
[2026-05-22T17:31:38.390Z] Payload: {"mac_address":"ESP:32:AA:BB:CC:01","sensors":{"temperature":32.2,"humidity":47.7,"ph":6.5}}
[2026-05-22T17:31:38.391Z] temperature => 32.2
[2026-05-22T17:31:38.392Z] Topic: aquaponic/device/data
[2026-05-22T17:31:38.392Z] Payload: {"mac_address":"ESP:32:AA:BB:CC:01","sensors":{"temperature":32.2,"humidity":47.7,"ph":6.5}}
[2026-05-22T17:31:38.393Z] Runtime Error: Can't add new command when connection is in closed state
[2026-05-22T17:31:38.404Z] temperature: 32.2 saved
[2026-05-22T17:31:38.417Z] Notification saved
[2026-05-22T17:31:38.417Z] humidity => 47.7
[2026-05-22T17:31:38.434Z] humidity: 47.7 saved
[2026-05-22T17:31:38.434Z] ph => 6.5
[2026-05-22T17:31:38.452Z] ph: 6.5 saved
[2026-05-22T17:31:41.281Z] Heartbeat alive
[2026-05-22T17:36:37.557Z] Topic: aquaponic/device/data
[2026-05-22T17:36:37.558Z] Payload: {"mac_address":"ESP:32:AA:BB:CC:01","sensors":{"temperature":15.4,"humidity":41.5,"ph":7.8}}
[2026-05-22T17:36:37.559Z] temperature => 15.4
[2026-05-22T17:36:37.560Z] Topic: aquaponic/device/data
[2026-05-22T17:36:37.560Z] Payload: {"mac_address":"ESP:32:AA:BB:CC:01","sensors":{"temperature":15.4,"humidity":41.5,"ph":7.8}}
[2026-05-22T17:36:37.560Z] Runtime Error: Can't add new command when connection is in closed state
[2026-05-22T17:36:37.576Z] temperature: 15.4 saved
[2026-05-22T17:36:37.586Z] Notification saved
[2026-05-22T17:36:37.586Z] humidity => 41.5
[2026-05-22T17:36:37.594Z] humidity: 41.5 saved
[2026-05-22T17:36:37.594Z] ph => 7.8
[2026-05-22T17:36:37.622Z] ph: 7.8 saved
[2026-05-22T17:36:37.634Z] Notification saved
[2026-05-22T17:36:41.283Z] Heartbeat alive
[2026-05-22T17:41:38.954Z] Topic: aquaponic/device/data
[2026-05-22T17:41:38.954Z] Payload: {"mac_address":"ESP:32:AA:BB:CC:01","sensors":{"temperature":30.5,"humidity":89,"ph":7.4}}
[2026-05-22T17:41:38.956Z] temperature => 30.5
[2026-05-22T17:41:38.959Z] Topic: aquaponic/device/data
[2026-05-22T17:41:38.959Z] Payload: {"mac_address":"ESP:32:AA:BB:CC:01","sensors":{"temperature":30.5,"humidity":89,"ph":7.4}}
[2026-05-22T17:41:38.960Z] Runtime Error: Can't add new command when connection is in closed state
[2026-05-22T17:41:38.967Z] temperature: 30.5 saved
[2026-05-22T17:41:38.967Z] humidity => 89
[2026-05-22T17:41:38.978Z] humidity: 89 saved
[2026-05-22T17:41:38.985Z] Notification saved
[2026-05-22T17:41:38.985Z] ph => 7.4
[2026-05-22T17:41:39.009Z] ph: 7.4 saved
[2026-05-22T17:41:41.283Z] Heartbeat alive
[2026-05-22T17:46:40.499Z] Topic: aquaponic/device/data
[2026-05-22T17:46:40.499Z] Payload: {"mac_address":"ESP:32:AA:BB:CC:01","sensors":{"temperature":18.4,"humidity":49.5,"ph":4.7}}
[2026-05-22T17:46:40.501Z] temperature => 18.4
[2026-05-22T17:46:40.503Z] Topic: aquaponic/device/data
[2026-05-22T17:46:40.503Z] Payload: {"mac_address":"ESP:32:AA:BB:CC:01","sensors":{"temperature":18.4,"humidity":49.5,"ph":4.7}}
[2026-05-22T17:46:40.504Z] Runtime Error: Can't add new command when connection is in closed state
[2026-05-22T17:46:40.522Z] temperature: 18.4 saved
[2026-05-22T17:46:40.522Z] humidity => 49.5
[2026-05-22T17:46:40.543Z] humidity: 49.5 saved
[2026-05-22T17:46:40.543Z] ph => 4.7
[2026-05-22T17:46:40.555Z] ph: 4.7 saved
[2026-05-22T17:46:40.565Z] Notification saved
[2026-05-22T17:46:41.284Z] Heartbeat alive
[2026-05-22T17:51:41.305Z] Heartbeat alive
[2026-05-22T17:51:42.075Z] Topic: aquaponic/device/data
[2026-05-22T17:51:42.075Z] Payload: {"mac_address":"ESP:32:AA:BB:CC:01","sensors":{"temperature":28.6,"humidity":81,"ph":7.7}}
[2026-05-22T17:51:42.076Z] Runtime Error: Can't add new command when connection is in closed state
[2026-05-22T17:51:42.076Z] Topic: aquaponic/device/data
[2026-05-22T17:51:42.076Z] Payload: {"mac_address":"ESP:32:AA:BB:CC:01","sensors":{"temperature":28.6,"humidity":81,"ph":7.7}}
[2026-05-22T17:51:42.078Z] temperature => 28.6
[2026-05-22T17:51:42.095Z] temperature: 28.6 saved
[2026-05-22T17:51:42.095Z] humidity => 81
[2026-05-22T17:51:42.127Z] humidity: 81 saved
[2026-05-22T17:51:42.127Z] ph => 7.7
[2026-05-22T17:51:42.146Z] ph: 7.7 saved
[2026-05-22T17:51:42.163Z] Notification saved
[2026-05-22T17:56:41.311Z] Heartbeat alive
[2026-05-22T17:56:43.376Z] Topic: aquaponic/device/data
[2026-05-22T17:56:43.376Z] Topic: aquaponic/device/data
[2026-05-22T17:56:43.376Z] Payload: {"mac_address":"ESP:32:AA:BB:CC:01","sensors":{"temperature":32.2,"humidity":91.7,"ph":5.7}}
[2026-05-22T17:56:43.376Z] Payload: {"mac_address":"ESP:32:AA:BB:CC:01","sensors":{"temperature":32.2,"humidity":91.7,"ph":5.7}}
[2026-05-22T17:56:43.377Z] Runtime Error: Can't add new command when connection is in closed state
[2026-05-22T17:56:43.378Z] temperature => 32.2
[2026-05-22T17:56:43.389Z] temperature: 32.2 saved
[2026-05-22T17:56:43.399Z] Notification saved
[2026-05-22T17:56:43.399Z] humidity => 91.7
[2026-05-22T17:56:43.409Z] humidity: 91.7 saved
[2026-05-22T17:56:43.424Z] Notification saved
[2026-05-22T17:56:43.424Z] ph => 5.7
[2026-05-22T17:56:43.434Z] ph: 5.7 saved
[2026-05-22T18:01:41.331Z] Heartbeat alive
[2026-05-22T18:01:44.741Z] Topic: aquaponic/device/data
[2026-05-22T18:01:44.741Z] Payload: {"mac_address":"ESP:32:AA:BB:CC:01","sensors":{"temperature":15.4,"humidity":49.4,"ph":6.7}}
[2026-05-22T18:01:44.743Z] temperature => 15.4
[2026-05-22T18:01:44.743Z] Topic: aquaponic/device/data
[2026-05-22T18:01:44.743Z] Payload: {"mac_address":"ESP:32:AA:BB:CC:01","sensors":{"temperature":15.4,"humidity":49.4,"ph":6.7}}
[2026-05-22T18:01:44.744Z] Runtime Error: Can't add new command when connection is in closed state
[2026-05-22T18:01:44.764Z] temperature: 15.4 saved
[2026-05-22T18:01:44.773Z] Notification saved
[2026-05-22T18:01:44.773Z] humidity => 49.4
[2026-05-22T18:01:44.786Z] humidity: 49.4 saved
[2026-05-22T18:01:44.786Z] ph => 6.7
[2026-05-22T18:01:44.797Z] ph: 6.7 saved
[2026-05-22T18:06:41.332Z] Heartbeat alive
[2026-05-22T18:06:46.285Z] Topic: aquaponic/device/data
[2026-05-22T18:06:46.286Z] Payload: {"mac_address":"ESP:32:AA:BB:CC:01","sensors":{"temperature":26.5,"humidity":93.8,"ph":7.4}}
[2026-05-22T18:06:46.288Z] temperature => 26.5
[2026-05-22T18:06:46.289Z] Topic: aquaponic/device/data
[2026-05-22T18:06:46.289Z] Payload: {"mac_address":"ESP:32:AA:BB:CC:01","sensors":{"temperature":26.5,"humidity":93.8,"ph":7.4}}
[2026-05-22T18:06:46.290Z] Runtime Error: Can't add new command when connection is in closed state
[2026-05-22T18:06:46.303Z] temperature: 26.5 saved
[2026-05-22T18:06:46.303Z] humidity => 93.8
[2026-05-22T18:06:46.322Z] humidity: 93.8 saved
[2026-05-22T18:06:46.346Z] Notification saved
[2026-05-22T18:06:46.346Z] ph => 7.4
[2026-05-22T18:06:46.361Z] ph: 7.4 saved
[2026-05-22T18:11:41.333Z] Heartbeat alive
[2026-05-22T18:11:47.799Z] Topic: aquaponic/device/data
[2026-05-22T18:11:47.799Z] Payload: {"mac_address":"ESP:32:AA:BB:CC:01","sensors":{"temperature":15.6,"humidity":71.6,"ph":4.3}}
[2026-05-22T18:11:47.800Z] temperature => 15.6
[2026-05-22T18:11:47.804Z] Topic: aquaponic/device/data
[2026-05-22T18:11:47.804Z] Payload: {"mac_address":"ESP:32:AA:BB:CC:01","sensors":{"temperature":15.6,"humidity":71.6,"ph":4.3}}
[2026-05-22T18:11:47.805Z] Runtime Error: Can't add new command when connection is in closed state
[2026-05-22T18:11:47.816Z] temperature: 15.6 saved
[2026-05-22T18:11:47.831Z] Notification saved
[2026-05-22T18:11:47.832Z] humidity => 71.6
[2026-05-22T18:11:47.840Z] humidity: 71.6 saved
[2026-05-22T18:11:47.840Z] ph => 4.3
[2026-05-22T18:11:47.848Z] ph: 4.3 saved
[2026-05-22T18:11:47.875Z] Notification saved
[2026-05-22T18:16:41.353Z] Heartbeat alive
[2026-05-22T18:16:49.151Z] Topic: aquaponic/device/data
[2026-05-22T18:16:49.151Z] Topic: aquaponic/device/data
[2026-05-22T18:16:49.151Z] Payload: {"mac_address":"ESP:32:AA:BB:CC:01","sensors":{"temperature":15.2,"humidity":36.9,"ph":6}}
[2026-05-22T18:16:49.151Z] Payload: {"mac_address":"ESP:32:AA:BB:CC:01","sensors":{"temperature":15.2,"humidity":36.9,"ph":6}}
[2026-05-22T18:16:49.152Z] Runtime Error: Can't add new command when connection is in closed state
[2026-05-22T18:16:49.153Z] temperature => 15.2
[2026-05-22T18:16:49.166Z] temperature: 15.2 saved
[2026-05-22T18:16:49.178Z] Notification saved
[2026-05-22T18:16:49.178Z] humidity => 36.9
[2026-05-22T18:16:49.186Z] humidity: 36.9 saved
[2026-05-22T18:16:49.198Z] Notification saved
[2026-05-22T18:16:49.198Z] ph => 6
[2026-05-22T18:16:49.207Z] ph: 6 saved
[2026-05-22T18:21:41.369Z] Heartbeat alive
[2026-05-22T18:21:50.505Z] Topic: aquaponic/device/data
[2026-05-22T18:21:50.505Z] Payload: {"mac_address":"ESP:32:AA:BB:CC:01","sensors":{"temperature":15.3,"humidity":42.6,"ph":7.1}}
[2026-05-22T18:21:50.507Z] temperature => 15.3
[2026-05-22T18:21:50.518Z] Topic: aquaponic/device/data
[2026-05-22T18:21:50.518Z] Payload: {"mac_address":"ESP:32:AA:BB:CC:01","sensors":{"temperature":15.3,"humidity":42.6,"ph":7.1}}
[2026-05-22T18:21:50.518Z] Runtime Error: Can't add new command when connection is in closed state
[2026-05-22T18:21:50.523Z] temperature: 15.3 saved
[2026-05-22T18:21:50.544Z] Notification saved
[2026-05-22T18:21:50.544Z] humidity => 42.6
[2026-05-22T18:21:50.575Z] humidity: 42.6 saved
[2026-05-22T18:21:50.575Z] ph => 7.1
[2026-05-22T18:21:50.584Z] ph: 7.1 saved
[2026-05-22T18:26:41.373Z] Heartbeat alive
[2026-05-22T18:26:51.966Z] Topic: aquaponic/device/data
[2026-05-22T18:26:51.966Z] Payload: {"mac_address":"ESP:32:AA:BB:CC:01","sensors":{"temperature":29.7,"humidity":86.7,"ph":5.1}}
[2026-05-22T18:26:51.968Z] temperature => 29.7
[2026-05-22T18:26:51.971Z] Topic: aquaponic/device/data
[2026-05-22T18:26:51.971Z] Payload: {"mac_address":"ESP:32:AA:BB:CC:01","sensors":{"temperature":29.7,"humidity":86.7,"ph":5.1}}
[2026-05-22T18:26:51.971Z] Runtime Error: Can't add new command when connection is in closed state
[2026-05-22T18:26:51.986Z] temperature: 29.7 saved
[2026-05-22T18:26:51.986Z] humidity => 86.7
[2026-05-22T18:26:52.002Z] humidity: 86.7 saved
[2026-05-22T18:26:52.044Z] Notification saved
[2026-05-22T18:26:52.044Z] ph => 5.1
[2026-05-22T18:26:52.058Z] ph: 5.1 saved
[2026-05-22T18:26:52.085Z] Notification saved
[2026-05-22T18:31:41.388Z] Heartbeat alive
[2026-05-22T18:31:53.522Z] Topic: aquaponic/device/data
[2026-05-22T18:31:53.523Z] Payload: {"mac_address":"ESP:32:AA:BB:CC:01","sensors":{"temperature":31.4,"humidity":88.3,"ph":7.3}}
[2026-05-22T18:31:53.525Z] temperature => 31.4
[2026-05-22T18:31:53.525Z] Topic: aquaponic/device/data
[2026-05-22T18:31:53.525Z] Payload: {"mac_address":"ESP:32:AA:BB:CC:01","sensors":{"temperature":31.4,"humidity":88.3,"ph":7.3}}
[2026-05-22T18:31:53.526Z] Runtime Error: Can't add new command when connection is in closed state
[2026-05-22T18:31:53.534Z] temperature: 31.4 saved
[2026-05-22T18:31:53.534Z] humidity => 88.3
[2026-05-22T18:31:53.570Z] humidity: 88.3 saved
[2026-05-22T18:31:53.587Z] Notification saved
[2026-05-22T18:31:53.588Z] ph => 7.3
[2026-05-22T18:31:53.603Z] ph: 7.3 saved
[2026-05-22T18:36:41.396Z] Heartbeat alive
[2026-05-22T18:36:54.888Z] Topic: aquaponic/device/data
[2026-05-22T18:36:54.888Z] Payload: {"mac_address":"ESP:32:AA:BB:CC:01","sensors":{"temperature":15,"humidity":42.4,"ph":7.6}}
[2026-05-22T18:36:54.890Z] temperature => 15
[2026-05-22T18:36:54.891Z] Topic: aquaponic/device/data
[2026-05-22T18:36:54.891Z] Payload: {"mac_address":"ESP:32:AA:BB:CC:01","sensors":{"temperature":15,"humidity":42.4,"ph":7.6}}
[2026-05-22T18:36:54.891Z] Runtime Error: Can't add new command when connection is in closed state
[2026-05-22T18:36:54.958Z] temperature: 15 saved
[2026-05-22T18:36:54.979Z] Notification saved
[2026-05-22T18:36:54.979Z] humidity => 42.4
[2026-05-22T18:36:55.001Z] humidity: 42.4 saved
[2026-05-22T18:36:55.001Z] ph => 7.6
[2026-05-22T18:36:55.013Z] ph: 7.6 saved
[2026-05-22T18:36:55.028Z] Notification saved
[2026-05-22T18:41:41.408Z] Heartbeat alive
[2026-05-22T18:41:56.456Z] Topic: aquaponic/device/data
[2026-05-22T18:41:56.456Z] Topic: aquaponic/device/data
[2026-05-22T18:41:56.457Z] Payload: {"mac_address":"ESP:32:AA:BB:CC:01","sensors":{"temperature":24.2,"humidity":58.3,"ph":6.3}}
[2026-05-22T18:41:56.457Z] Payload: {"mac_address":"ESP:32:AA:BB:CC:01","sensors":{"temperature":24.2,"humidity":58.3,"ph":6.3}}
[2026-05-22T18:41:56.457Z] Runtime Error: Can't add new command when connection is in closed state
[2026-05-22T18:41:56.458Z] temperature => 24.2
[2026-05-22T18:41:56.479Z] temperature: 24.2 saved
[2026-05-22T18:41:56.479Z] humidity => 58.3
[2026-05-22T18:41:56.486Z] humidity: 58.3 saved
[2026-05-22T18:41:56.487Z] ph => 6.3
[2026-05-22T18:41:56.499Z] ph: 6.3 saved
[2026-05-22T18:46:41.420Z] Heartbeat alive
[2026-05-22T18:46:57.962Z] Topic: aquaponic/device/data
[2026-05-22T18:46:57.962Z] Payload: {"mac_address":"ESP:32:AA:BB:CC:01","sensors":{"temperature":17.8,"humidity":69.9,"ph":5.9}}
[2026-05-22T18:46:57.964Z] temperature => 17.8
[2026-05-22T18:46:57.967Z] Topic: aquaponic/device/data
[2026-05-22T18:46:57.967Z] Payload: {"mac_address":"ESP:32:AA:BB:CC:01","sensors":{"temperature":17.8,"humidity":69.9,"ph":5.9}}
[2026-05-22T18:46:57.968Z] Runtime Error: Can't add new command when connection is in closed state
[2026-05-22T18:46:57.989Z] temperature: 17.8 saved
[2026-05-22T18:46:58.006Z] Notification saved
[2026-05-22T18:46:58.006Z] humidity => 69.9
[2026-05-22T18:46:58.023Z] humidity: 69.9 saved
[2026-05-22T18:46:58.023Z] ph => 5.9
[2026-05-22T18:46:58.031Z] ph: 5.9 saved
[2026-05-22T18:51:41.426Z] Heartbeat alive
[2026-05-22T18:51:59.409Z] Topic: aquaponic/device/data
[2026-05-22T18:51:59.409Z] Payload: {"mac_address":"ESP:32:AA:BB:CC:01","sensors":{"temperature":25.3,"humidity":45.9,"ph":8.5}}
[2026-05-22T18:51:59.411Z] temperature => 25.3
[2026-05-22T18:51:59.412Z] Topic: aquaponic/device/data
[2026-05-22T18:51:59.412Z] Payload: {"mac_address":"ESP:32:AA:BB:CC:01","sensors":{"temperature":25.3,"humidity":45.9,"ph":8.5}}
[2026-05-22T18:51:59.412Z] Runtime Error: Can't add new command when connection is in closed state
[2026-05-22T18:51:59.418Z] temperature: 25.3 saved
[2026-05-22T18:51:59.418Z] humidity => 45.9
[2026-05-22T18:51:59.436Z] humidity: 45.9 saved
[2026-05-22T18:51:59.436Z] ph => 8.5
[2026-05-22T18:51:59.456Z] ph: 8.5 saved
[2026-05-22T18:51:59.468Z] Notification saved
[2026-05-22T18:56:41.437Z] Heartbeat alive
[2026-05-22T18:57:00.781Z] Topic: aquaponic/device/data
[2026-05-22T18:57:00.781Z] Payload: {"mac_address":"ESP:32:AA:BB:CC:01","sensors":{"temperature":33.2,"humidity":37.3,"ph":6.7}}
[2026-05-22T18:57:00.783Z] temperature => 33.2
[2026-05-22T18:57:00.795Z] temperature: 33.2 saved
[2026-05-22T18:57:00.795Z] Topic: aquaponic/device/data
[2026-05-22T18:57:00.796Z] Payload: {"mac_address":"ESP:32:AA:BB:CC:01","sensors":{"temperature":33.2,"humidity":37.3,"ph":6.7}}
[2026-05-22T18:57:00.796Z] Runtime Error: Can't add new command when connection is in closed state
[2026-05-22T18:57:00.806Z] Notification saved
[2026-05-22T18:57:00.807Z] humidity => 37.3
[2026-05-22T18:57:00.818Z] humidity: 37.3 saved
[2026-05-22T18:57:00.834Z] Notification saved
[2026-05-22T18:57:00.834Z] ph => 6.7
[2026-05-22T18:57:00.846Z] ph: 6.7 saved
[2026-05-22T19:01:41.441Z] Heartbeat alive
[2026-05-22T19:02:02.850Z] Topic: aquaponic/device/data
[2026-05-22T19:02:02.850Z] Payload: {"mac_address":"ESP:32:AA:BB:CC:01","sensors":{"temperature":19.4,"humidity":73,"ph":6.5}}
[2026-05-22T19:02:02.852Z] temperature => 19.4
[2026-05-22T19:02:02.852Z] Topic: aquaponic/device/data
[2026-05-22T19:02:02.853Z] Payload: {"mac_address":"ESP:32:AA:BB:CC:01","sensors":{"temperature":19.4,"humidity":73,"ph":6.5}}
[2026-05-22T19:02:02.853Z] Runtime Error: Can't add new command when connection is in closed state
[2026-05-22T19:02:02.874Z] temperature: 19.4 saved
[2026-05-22T19:02:02.874Z] humidity => 73
[2026-05-22T19:02:02.909Z] humidity: 73 saved
[2026-05-22T19:02:02.909Z] ph => 6.5
[2026-05-22T19:02:02.926Z] ph: 6.5 saved
[2026-05-22T19:06:41.448Z] Heartbeat alive
[2026-05-22T19:07:04.440Z] Topic: aquaponic/device/data
[2026-05-22T19:07:04.441Z] Payload: {"mac_address":"ESP:32:AA:BB:CC:01","sensors":{"temperature":15.2,"humidity":84.2,"ph":7.4}}
[2026-05-22T19:07:04.442Z] temperature => 15.2
[2026-05-22T19:07:04.443Z] Topic: aquaponic/device/data
[2026-05-22T19:07:04.444Z] Payload: {"mac_address":"ESP:32:AA:BB:CC:01","sensors":{"temperature":15.2,"humidity":84.2,"ph":7.4}}
[2026-05-22T19:07:04.444Z] Runtime Error: Can't add new command when connection is in closed state
[2026-05-22T19:07:04.453Z] temperature: 15.2 saved
[2026-05-22T19:07:04.478Z] Notification saved
[2026-05-22T19:07:04.478Z] humidity => 84.2
[2026-05-22T19:07:04.489Z] humidity: 84.2 saved
[2026-05-22T19:07:04.489Z] ph => 7.4
[2026-05-22T19:07:04.496Z] ph: 7.4 saved
[2026-05-22T19:11:41.456Z] Heartbeat alive
[2026-05-22T19:12:06.011Z] Topic: aquaponic/device/data
[2026-05-22T19:12:06.011Z] Payload: {"mac_address":"ESP:32:AA:BB:CC:01","sensors":{"temperature":32.1,"humidity":44.6,"ph":7.6}}
[2026-05-22T19:12:06.013Z] temperature => 32.1
[2026-05-22T19:12:06.014Z] Topic: aquaponic/device/data
[2026-05-22T19:12:06.014Z] Payload: {"mac_address":"ESP:32:AA:BB:CC:01","sensors":{"temperature":32.1,"humidity":44.6,"ph":7.6}}
[2026-05-22T19:12:06.014Z] Runtime Error: Can't add new command when connection is in closed state
[2026-05-22T19:12:06.035Z] temperature: 32.1 saved
[2026-05-22T19:12:06.055Z] Notification saved
[2026-05-22T19:12:06.055Z] humidity => 44.6
[2026-05-22T19:12:06.077Z] humidity: 44.6 saved
[2026-05-22T19:12:06.077Z] ph => 7.6
[2026-05-22T19:12:06.102Z] ph: 7.6 saved
[2026-05-22T19:12:06.118Z] Notification saved
[2026-05-22T19:16:41.462Z] Heartbeat alive
[2026-05-22T19:17:07.600Z] Topic: aquaponic/device/data
[2026-05-22T19:17:07.600Z] Payload: {"mac_address":"ESP:32:AA:BB:CC:01","sensors":{"temperature":22.1,"humidity":85.8,"ph":6.2}}
[2026-05-22T19:17:07.602Z] temperature => 22.1
[2026-05-22T19:17:07.603Z] Topic: aquaponic/device/data
[2026-05-22T19:17:07.603Z] Payload: {"mac_address":"ESP:32:AA:BB:CC:01","sensors":{"temperature":22.1,"humidity":85.8,"ph":6.2}}
[2026-05-22T19:17:07.603Z] Runtime Error: Can't add new command when connection is in closed state
[2026-05-22T19:17:07.616Z] temperature: 22.1 saved
[2026-05-22T19:17:07.616Z] humidity => 85.8
[2026-05-22T19:17:07.636Z] humidity: 85.8 saved
[2026-05-22T19:17:07.665Z] Notification saved
[2026-05-22T19:17:07.665Z] ph => 6.2
[2026-05-22T19:17:07.692Z] ph: 6.2 saved
[2026-05-22T19:21:41.467Z] Heartbeat alive
[2026-05-22T19:22:09.190Z] Topic: aquaponic/device/data
[2026-05-22T19:22:09.190Z] Payload: {"mac_address":"ESP:32:AA:BB:CC:01","sensors":{"temperature":26.5,"humidity":69.9,"ph":5.3}}
[2026-05-22T19:22:09.191Z] temperature => 26.5
[2026-05-22T19:22:09.192Z] Topic: aquaponic/device/data
[2026-05-22T19:22:09.192Z] Payload: {"mac_address":"ESP:32:AA:BB:CC:01","sensors":{"temperature":26.5,"humidity":69.9,"ph":5.3}}
[2026-05-22T19:22:09.193Z] Runtime Error: Can't add new command when connection is in closed state
[2026-05-22T19:22:09.203Z] temperature: 26.5 saved
[2026-05-22T19:22:09.203Z] humidity => 69.9
[2026-05-22T19:22:09.210Z] humidity: 69.9 saved
[2026-05-22T19:22:09.210Z] ph => 5.3
[2026-05-22T19:22:09.231Z] ph: 5.3 saved
[2026-05-22T19:22:09.240Z] Notification saved
[2026-05-22T19:26:41.468Z] Heartbeat alive
[2026-05-22T19:27:10.705Z] Topic: aquaponic/device/data
[2026-05-22T19:27:10.705Z] Payload: {"mac_address":"ESP:32:AA:BB:CC:01","sensors":{"temperature":26.7,"humidity":84.6,"ph":8.5}}
[2026-05-22T19:27:10.706Z] Runtime Error: Can't add new command when connection is in closed state
[2026-05-22T19:27:10.709Z] Topic: aquaponic/device/data
[2026-05-22T19:27:10.709Z] Payload: {"mac_address":"ESP:32:AA:BB:CC:01","sensors":{"temperature":26.7,"humidity":84.6,"ph":8.5}}
[2026-05-22T19:27:10.711Z] temperature => 26.7
[2026-05-22T19:27:10.725Z] temperature: 26.7 saved
[2026-05-22T19:27:10.725Z] humidity => 84.6
[2026-05-22T19:27:10.738Z] humidity: 84.6 saved
[2026-05-22T19:27:10.738Z] ph => 8.5
[2026-05-22T19:27:10.759Z] ph: 8.5 saved
[2026-05-22T19:27:10.772Z] Notification saved
[2026-05-22T19:31:41.471Z] Heartbeat alive
[2026-05-22T19:32:12.203Z] Topic: aquaponic/device/data
[2026-05-22T19:32:12.203Z] Payload: {"mac_address":"ESP:32:AA:BB:CC:01","sensors":{"temperature":23.7,"humidity":30.7,"ph":4.6}}
[2026-05-22T19:32:12.205Z] temperature => 23.7
[2026-05-22T19:32:12.206Z] Topic: aquaponic/device/data
[2026-05-22T19:32:12.206Z] Payload: {"mac_address":"ESP:32:AA:BB:CC:01","sensors":{"temperature":23.7,"humidity":30.7,"ph":4.6}}
[2026-05-22T19:32:12.206Z] Runtime Error: Can't add new command when connection is in closed state
[2026-05-22T19:32:12.222Z] temperature: 23.7 saved
[2026-05-22T19:32:12.222Z] humidity => 30.7
[2026-05-22T19:32:12.231Z] humidity: 30.7 saved
[2026-05-22T19:32:12.246Z] Notification saved
[2026-05-22T19:32:12.247Z] ph => 4.6
[2026-05-22T19:32:12.267Z] ph: 4.6 saved
[2026-05-22T19:32:12.277Z] Notification saved
[2026-05-22T19:36:41.472Z] Heartbeat alive
[2026-05-22T19:37:13.664Z] Topic: aquaponic/device/data
[2026-05-22T19:37:13.664Z] Payload: {"mac_address":"ESP:32:AA:BB:CC:01","sensors":{"temperature":15.2,"humidity":91,"ph":4.2}}
[2026-05-22T19:37:13.666Z] temperature => 15.2
[2026-05-22T19:37:13.666Z] Topic: aquaponic/device/data
[2026-05-22T19:37:13.666Z] Payload: {"mac_address":"ESP:32:AA:BB:CC:01","sensors":{"temperature":15.2,"humidity":91,"ph":4.2}}
[2026-05-22T19:37:13.667Z] Runtime Error: Can't add new command when connection is in closed state
[2026-05-22T19:37:13.681Z] temperature: 15.2 saved
[2026-05-22T19:37:13.700Z] Notification saved
[2026-05-22T19:37:13.700Z] humidity => 91
[2026-05-22T19:37:13.720Z] humidity: 91 saved
[2026-05-22T19:37:13.731Z] Notification saved
[2026-05-22T19:37:13.731Z] ph => 4.2
[2026-05-22T19:37:13.741Z] ph: 4.2 saved
[2026-05-22T19:37:13.751Z] Notification saved
[2026-05-22T19:41:41.473Z] Heartbeat alive
[2026-05-22T19:42:15.053Z] Topic: aquaponic/device/data
[2026-05-22T19:42:15.054Z] Payload: {"mac_address":"ESP:32:AA:BB:CC:01","sensors":{"temperature":22.6,"humidity":67.3,"ph":8.5}}
[2026-05-22T19:42:15.055Z] temperature => 22.6
[2026-05-22T19:42:15.056Z] Topic: aquaponic/device/data
[2026-05-22T19:42:15.057Z] Payload: {"mac_address":"ESP:32:AA:BB:CC:01","sensors":{"temperature":22.6,"humidity":67.3,"ph":8.5}}
[2026-05-22T19:42:15.057Z] Runtime Error: Can't add new command when connection is in closed state
[2026-05-22T19:42:15.065Z] temperature: 22.6 saved
[2026-05-22T19:42:15.065Z] humidity => 67.3
[2026-05-22T19:42:15.074Z] humidity: 67.3 saved
[2026-05-22T19:42:15.074Z] ph => 8.5
[2026-05-22T19:42:15.091Z] ph: 8.5 saved
[2026-05-22T19:42:15.106Z] Notification saved
[2026-05-22T19:46:41.496Z] Heartbeat alive
[2026-05-22T19:47:16.952Z] Topic: aquaponic/device/data
[2026-05-22T19:47:16.952Z] Payload: {"mac_address":"ESP:32:AA:BB:CC:01","sensors":{"temperature":28.6,"humidity":82.5,"ph":7.9}}
[2026-05-22T19:47:16.954Z] temperature => 28.6
[2026-05-22T19:47:16.955Z] Topic: aquaponic/device/data
[2026-05-22T19:47:16.955Z] Payload: {"mac_address":"ESP:32:AA:BB:CC:01","sensors":{"temperature":28.6,"humidity":82.5,"ph":7.9}}
[2026-05-22T19:47:16.956Z] Runtime Error: Can't add new command when connection is in closed state
[2026-05-22T19:47:16.968Z] temperature: 28.6 saved
[2026-05-22T19:47:16.968Z] humidity => 82.5
[2026-05-22T19:47:16.983Z] humidity: 82.5 saved
[2026-05-22T19:47:16.983Z] ph => 7.9
[2026-05-22T19:47:16.995Z] ph: 7.9 saved
[2026-05-22T19:47:17.004Z] Notification saved
[2026-05-22T19:51:41.519Z] Heartbeat alive
[2026-05-22T19:52:18.565Z] Topic: aquaponic/device/data
[2026-05-22T19:52:18.566Z] Payload: {"mac_address":"ESP:32:AA:BB:CC:01","sensors":{"temperature":17,"humidity":63.7,"ph":5.3}}
[2026-05-22T19:52:18.567Z] temperature => 17
[2026-05-22T19:52:18.569Z] Topic: aquaponic/device/data
[2026-05-22T19:52:18.569Z] Payload: {"mac_address":"ESP:32:AA:BB:CC:01","sensors":{"temperature":17,"humidity":63.7,"ph":5.3}}
[2026-05-22T19:52:18.570Z] Runtime Error: Can't add new command when connection is in closed state
[2026-05-22T19:52:18.584Z] temperature: 17 saved
[2026-05-22T19:52:18.591Z] Notification saved
[2026-05-22T19:52:18.591Z] humidity => 63.7
[2026-05-22T19:52:18.624Z] humidity: 63.7 saved
[2026-05-22T19:52:18.624Z] ph => 5.3
[2026-05-22T19:52:18.632Z] ph: 5.3 saved
[2026-05-22T19:52:18.643Z] Notification saved
[2026-05-22T19:56:41.538Z] Heartbeat alive
[2026-05-22T19:57:20.256Z] Topic: aquaponic/device/data
[2026-05-22T19:57:20.256Z] Payload: {"mac_address":"ESP:32:AA:BB:CC:01","sensors":{"temperature":31.5,"humidity":86,"ph":5.6}}
[2026-05-22T19:57:20.258Z] temperature => 31.5
[2026-05-22T19:57:20.258Z] Topic: aquaponic/device/data
[2026-05-22T19:57:20.258Z] Payload: {"mac_address":"ESP:32:AA:BB:CC:01","sensors":{"temperature":31.5,"humidity":86,"ph":5.6}}
[2026-05-22T19:57:20.259Z] Runtime Error: Can't add new command when connection is in closed state
[2026-05-22T19:57:20.269Z] temperature: 31.5 saved
[2026-05-22T19:57:20.269Z] humidity => 86
[2026-05-22T19:57:20.285Z] humidity: 86 saved
[2026-05-22T19:57:20.292Z] Notification saved
[2026-05-22T19:57:20.292Z] ph => 5.6
[2026-05-22T19:57:20.300Z] ph: 5.6 saved
[2026-05-22T20:01:41.561Z] Heartbeat alive
[2026-05-22T20:02:21.714Z] Topic: aquaponic/device/data
[2026-05-22T20:02:21.714Z] Payload: {"mac_address":"ESP:32:AA:BB:CC:01","sensors":{"temperature":21.6,"humidity":86.8,"ph":4}}
[2026-05-22T20:02:21.716Z] temperature => 21.6
[2026-05-22T20:02:21.718Z] Topic: aquaponic/device/data
[2026-05-22T20:02:21.719Z] Payload: {"mac_address":"ESP:32:AA:BB:CC:01","sensors":{"temperature":21.6,"humidity":86.8,"ph":4}}
[2026-05-22T20:02:21.719Z] Runtime Error: Can't add new command when connection is in closed state
[2026-05-22T20:02:21.727Z] temperature: 21.6 saved
[2026-05-22T20:02:21.728Z] humidity => 86.8
[2026-05-22T20:02:21.738Z] humidity: 86.8 saved
[2026-05-22T20:02:21.752Z] Notification saved
[2026-05-22T20:02:21.752Z] ph => 4
[2026-05-22T20:02:21.760Z] ph: 4 saved
[2026-05-22T20:02:21.775Z] Notification saved
[2026-05-22T20:06:41.583Z] Heartbeat alive
[2026-05-22T20:07:23.261Z] Topic: aquaponic/device/data
[2026-05-22T20:07:23.261Z] Payload: {"mac_address":"ESP:32:AA:BB:CC:01","sensors":{"temperature":22.4,"humidity":47.8,"ph":8.1}}
[2026-05-22T20:07:23.263Z] temperature => 22.4
[2026-05-22T20:07:23.265Z] Topic: aquaponic/device/data
[2026-05-22T20:07:23.266Z] Payload: {"mac_address":"ESP:32:AA:BB:CC:01","sensors":{"temperature":22.4,"humidity":47.8,"ph":8.1}}
[2026-05-22T20:07:23.266Z] Runtime Error: Can't add new command when connection is in closed state
[2026-05-22T20:07:23.278Z] temperature: 22.4 saved
[2026-05-22T20:07:23.278Z] humidity => 47.8
[2026-05-22T20:07:23.286Z] humidity: 47.8 saved
[2026-05-22T20:07:23.286Z] ph => 8.1
[2026-05-22T20:07:23.294Z] ph: 8.1 saved
[2026-05-22T20:07:23.312Z] Notification saved
[2026-05-22T20:11:41.602Z] Heartbeat alive
[2026-05-22T20:12:24.966Z] Topic: aquaponic/device/data
[2026-05-22T20:12:24.966Z] Payload: {"mac_address":"ESP:32:AA:BB:CC:01","sensors":{"temperature":24.3,"humidity":67.9,"ph":6.2}}
[2026-05-22T20:12:24.967Z] Runtime Error: Can't add new command when connection is in closed state
[2026-05-22T20:12:24.967Z] Topic: aquaponic/device/data
[2026-05-22T20:12:24.967Z] Payload: {"mac_address":"ESP:32:AA:BB:CC:01","sensors":{"temperature":24.3,"humidity":67.9,"ph":6.2}}
[2026-05-22T20:12:24.969Z] temperature => 24.3
[2026-05-22T20:12:24.984Z] temperature: 24.3 saved
[2026-05-22T20:12:24.984Z] humidity => 67.9
[2026-05-22T20:12:24.993Z] humidity: 67.9 saved
[2026-05-22T20:12:24.994Z] ph => 6.2
[2026-05-22T20:12:25.025Z] ph: 6.2 saved
[2026-05-22T20:16:41.617Z] Heartbeat alive
[2026-05-22T20:17:26.422Z] Topic: aquaponic/device/data
[2026-05-22T20:17:26.422Z] Payload: {"mac_address":"ESP:32:AA:BB:CC:01","sensors":{"temperature":31.9,"humidity":86.9,"ph":8.7}}
[2026-05-22T20:17:26.424Z] temperature => 31.9
[2026-05-22T20:17:26.426Z] Topic: aquaponic/device/data
[2026-05-22T20:17:26.426Z] Payload: {"mac_address":"ESP:32:AA:BB:CC:01","sensors":{"temperature":31.9,"humidity":86.9,"ph":8.7}}
[2026-05-22T20:17:26.427Z] Runtime Error: Can't add new command when connection is in closed state
[2026-05-22T20:17:26.440Z] temperature: 31.9 saved
[2026-05-22T20:17:26.440Z] humidity => 86.9
[2026-05-22T20:17:26.449Z] humidity: 86.9 saved
[2026-05-22T20:17:26.462Z] Notification saved
[2026-05-22T20:17:26.462Z] ph => 8.7
[2026-05-22T20:17:26.470Z] ph: 8.7 saved
[2026-05-22T20:17:26.495Z] Notification saved
[2026-05-22T20:21:41.639Z] Heartbeat alive
[2026-05-22T20:22:27.911Z] Topic: aquaponic/device/data
[2026-05-22T20:22:27.911Z] Payload: {"mac_address":"ESP:32:AA:BB:CC:01","sensors":{"temperature":22.6,"humidity":72.9,"ph":7.8}}
[2026-05-22T20:22:27.913Z] temperature => 22.6
[2026-05-22T20:22:27.917Z] Topic: aquaponic/device/data
[2026-05-22T20:22:27.918Z] Payload: {"mac_address":"ESP:32:AA:BB:CC:01","sensors":{"temperature":22.6,"humidity":72.9,"ph":7.8}}
[2026-05-22T20:22:27.918Z] Runtime Error: Can't add new command when connection is in closed state
[2026-05-22T20:22:27.922Z] temperature: 22.6 saved
[2026-05-22T20:22:27.922Z] humidity => 72.9
[2026-05-22T20:22:27.939Z] humidity: 72.9 saved
[2026-05-22T20:22:27.939Z] ph => 7.8
[2026-05-22T20:22:27.950Z] ph: 7.8 saved
[2026-05-22T20:22:27.960Z] Notification saved
[2026-05-22T20:26:41.660Z] Heartbeat alive
[2026-05-22T20:27:29.303Z] Topic: aquaponic/device/data
[2026-05-22T20:27:29.303Z] Payload: {"mac_address":"ESP:32:AA:BB:CC:01","sensors":{"temperature":25.2,"humidity":59.7,"ph":5.4}}
[2026-05-22T20:27:29.305Z] temperature => 25.2
[2026-05-22T20:27:29.307Z] Topic: aquaponic/device/data
[2026-05-22T20:27:29.307Z] Payload: {"mac_address":"ESP:32:AA:BB:CC:01","sensors":{"temperature":25.2,"humidity":59.7,"ph":5.4}}
[2026-05-22T20:27:29.308Z] Runtime Error: Can't add new command when connection is in closed state
[2026-05-22T20:27:29.320Z] temperature: 25.2 saved
[2026-05-22T20:27:29.321Z] humidity => 59.7
[2026-05-22T20:27:29.335Z] humidity: 59.7 saved
[2026-05-22T20:27:29.335Z] ph => 5.4
[2026-05-22T20:27:29.343Z] ph: 5.4 saved
[2026-05-22T20:27:29.350Z] Notification saved
[2026-05-22T20:31:41.680Z] Heartbeat alive
[2026-05-22T20:32:30.678Z] Topic: aquaponic/device/data
[2026-05-22T20:32:30.678Z] Topic: aquaponic/device/data
[2026-05-22T20:32:30.678Z] Payload: {"mac_address":"ESP:32:AA:BB:CC:01","sensors":{"temperature":20.2,"humidity":62.9,"ph":5.3}}
[2026-05-22T20:32:30.678Z] Payload: {"mac_address":"ESP:32:AA:BB:CC:01","sensors":{"temperature":20.2,"humidity":62.9,"ph":5.3}}
[2026-05-22T20:32:30.679Z] Runtime Error: Can't add new command when connection is in closed state
[2026-05-22T20:32:30.680Z] temperature => 20.2
[2026-05-22T20:32:30.690Z] temperature: 20.2 saved
[2026-05-22T20:32:30.690Z] humidity => 62.9
[2026-05-22T20:32:30.707Z] humidity: 62.9 saved
[2026-05-22T20:32:30.707Z] ph => 5.3
[2026-05-22T20:32:30.716Z] ph: 5.3 saved
[2026-05-22T20:32:30.731Z] Notification saved
[2026-05-22T20:36:41.697Z] Heartbeat alive
[2026-05-22T20:37:32.208Z] Topic: aquaponic/device/data
[2026-05-22T20:37:32.208Z] Payload: {"mac_address":"ESP:32:AA:BB:CC:01","sensors":{"temperature":23,"humidity":41.2,"ph":7.6}}
[2026-05-22T20:37:32.209Z] temperature => 23
[2026-05-22T20:37:32.213Z] Topic: aquaponic/device/data
[2026-05-22T20:37:32.213Z] Payload: {"mac_address":"ESP:32:AA:BB:CC:01","sensors":{"temperature":23,"humidity":41.2,"ph":7.6}}
[2026-05-22T20:37:32.213Z] Runtime Error: Can't add new command when connection is in closed state
[2026-05-22T20:37:32.240Z] temperature: 23 saved
[2026-05-22T20:37:32.240Z] humidity => 41.2
[2026-05-22T20:37:32.259Z] humidity: 41.2 saved
[2026-05-22T20:37:32.259Z] ph => 7.6
[2026-05-22T20:37:32.278Z] ph: 7.6 saved
[2026-05-22T20:37:32.311Z] Notification saved
[2026-05-22T20:41:41.715Z] Heartbeat alive
[2026-05-22T20:42:34.714Z] Topic: aquaponic/device/data
[2026-05-22T20:42:34.714Z] Payload: {"mac_address":"ESP:32:AA:BB:CC:01","sensors":{"temperature":31.1,"humidity":75.2,"ph":8.2}}
[2026-05-22T20:42:34.716Z] temperature => 31.1
[2026-05-22T20:42:34.718Z] Topic: aquaponic/device/data
[2026-05-22T20:42:34.718Z] Payload: {"mac_address":"ESP:32:AA:BB:CC:01","sensors":{"temperature":31.1,"humidity":75.2,"ph":8.2}}
[2026-05-22T20:42:34.719Z] Runtime Error: Can't add new command when connection is in closed state
[2026-05-22T20:42:34.730Z] temperature: 31.1 saved
[2026-05-22T20:42:34.730Z] humidity => 75.2
[2026-05-22T20:42:34.746Z] humidity: 75.2 saved
[2026-05-22T20:42:34.747Z] ph => 8.2
[2026-05-22T20:42:34.758Z] ph: 8.2 saved
[2026-05-22T20:42:34.769Z] Notification saved
[2026-05-22T20:46:41.732Z] Heartbeat alive
[2026-05-22T20:47:36.219Z] Topic: aquaponic/device/data
[2026-05-22T20:47:36.219Z] Payload: {"mac_address":"ESP:32:AA:BB:CC:01","sensors":{"temperature":16.2,"humidity":89.5,"ph":6.8}}
[2026-05-22T20:47:36.221Z] temperature => 16.2
[2026-05-22T20:47:36.231Z] temperature: 16.2 saved
[2026-05-22T20:47:36.240Z] Topic: aquaponic/device/data
[2026-05-22T20:47:36.241Z] Payload: {"mac_address":"ESP:32:AA:BB:CC:01","sensors":{"temperature":16.2,"humidity":89.5,"ph":6.8}}
[2026-05-22T20:47:36.241Z] Runtime Error: Can't add new command when connection is in closed state
[2026-05-22T20:47:36.242Z] Notification saved
[2026-05-22T20:47:36.242Z] humidity => 89.5
[2026-05-22T20:47:36.263Z] humidity: 89.5 saved
[2026-05-22T20:47:36.272Z] Notification saved
[2026-05-22T20:47:36.272Z] ph => 6.8
[2026-05-22T20:47:36.285Z] ph: 6.8 saved
[2026-05-22T20:51:41.734Z] Heartbeat alive
[2026-05-22T20:52:37.843Z] Topic: aquaponic/device/data
[2026-05-22T20:52:37.844Z] Payload: {"mac_address":"ESP:32:AA:BB:CC:01","sensors":{"temperature":19.5,"humidity":44.2,"ph":7.4}}
[2026-05-22T20:52:37.845Z] temperature => 19.5
[2026-05-22T20:52:37.854Z] temperature: 19.5 saved
[2026-05-22T20:52:37.854Z] humidity => 44.2
[2026-05-22T20:52:37.863Z] Topic: aquaponic/device/data
[2026-05-22T20:52:37.863Z] Payload: {"mac_address":"ESP:32:AA:BB:CC:01","sensors":{"temperature":19.5,"humidity":44.2,"ph":7.4}}
[2026-05-22T20:52:37.864Z] Runtime Error: Can't add new command when connection is in closed state
[2026-05-22T20:52:37.872Z] humidity: 44.2 saved
[2026-05-22T20:52:37.872Z] ph => 7.4
[2026-05-22T20:52:37.886Z] ph: 7.4 saved
[2026-05-22T20:56:41.749Z] Heartbeat alive
[2026-05-22T20:57:39.408Z] Topic: aquaponic/device/data
[2026-05-22T20:57:39.408Z] Payload: {"mac_address":"ESP:32:AA:BB:CC:01","sensors":{"temperature":15.3,"humidity":79.6,"ph":4.7}}
[2026-05-22T20:57:39.410Z] temperature => 15.3
[2026-05-22T20:57:39.412Z] Topic: aquaponic/device/data
[2026-05-22T20:57:39.412Z] Payload: {"mac_address":"ESP:32:AA:BB:CC:01","sensors":{"temperature":15.3,"humidity":79.6,"ph":4.7}}
[2026-05-22T20:57:39.413Z] Runtime Error: Can't add new command when connection is in closed state
[2026-05-22T20:57:39.419Z] temperature: 15.3 saved
[2026-05-22T20:57:39.437Z] Notification saved
[2026-05-22T20:57:39.437Z] humidity => 79.6
[2026-05-22T20:57:39.450Z] humidity: 79.6 saved
[2026-05-22T20:57:39.450Z] ph => 4.7
[2026-05-22T20:57:39.459Z] ph: 4.7 saved
[2026-05-22T20:57:39.469Z] Notification saved
[2026-05-22T21:01:41.755Z] Heartbeat alive
[2026-05-22T21:02:40.765Z] Topic: aquaponic/device/data
[2026-05-22T21:02:40.766Z] Payload: {"mac_address":"ESP:32:AA:BB:CC:01","sensors":{"temperature":29.1,"humidity":92.5,"ph":4.8}}
[2026-05-22T21:02:40.767Z] temperature => 29.1
[2026-05-22T21:02:40.778Z] temperature: 29.1 saved
[2026-05-22T21:02:40.778Z] humidity => 92.5
[2026-05-22T21:02:40.789Z] humidity: 92.5 saved
[2026-05-22T21:02:40.807Z] Notification saved
[2026-05-22T21:02:40.807Z] ph => 4.8
[2026-05-22T21:02:40.809Z] Topic: aquaponic/device/data
[2026-05-22T21:02:40.809Z] Payload: {"mac_address":"ESP:32:AA:BB:CC:01","sensors":{"temperature":29.1,"humidity":92.5,"ph":4.8}}
[2026-05-22T21:02:40.810Z] Runtime Error: Can't add new command when connection is in closed state
[2026-05-22T21:02:40.832Z] ph: 4.8 saved
[2026-05-22T21:02:40.849Z] Notification saved
[2026-05-22T21:06:41.768Z] Heartbeat alive
[2026-05-22T21:07:42.378Z] Topic: aquaponic/device/data
[2026-05-22T21:07:42.378Z] Payload: {"mac_address":"ESP:32:AA:BB:CC:01","sensors":{"temperature":21.2,"humidity":44.3,"ph":5.2}}
[2026-05-22T21:07:42.380Z] temperature => 21.2
[2026-05-22T21:07:42.380Z] Topic: aquaponic/device/data
[2026-05-22T21:07:42.380Z] Payload: {"mac_address":"ESP:32:AA:BB:CC:01","sensors":{"temperature":21.2,"humidity":44.3,"ph":5.2}}
[2026-05-22T21:07:42.380Z] Runtime Error: Can't add new command when connection is in closed state
[2026-05-22T21:07:42.394Z] temperature: 21.2 saved
[2026-05-22T21:07:42.394Z] humidity => 44.3
[2026-05-22T21:07:42.405Z] humidity: 44.3 saved
[2026-05-22T21:07:42.405Z] ph => 5.2
[2026-05-22T21:07:42.412Z] ph: 5.2 saved
[2026-05-22T21:07:42.432Z] Notification saved
[2026-05-22T21:11:41.781Z] Heartbeat alive
[2026-05-22T21:12:43.917Z] Topic: aquaponic/device/data
[2026-05-22T21:12:43.917Z] Payload: {"mac_address":"ESP:32:AA:BB:CC:01","sensors":{"temperature":33.6,"humidity":91.6,"ph":5.3}}
[2026-05-22T21:12:43.919Z] Topic: aquaponic/device/data
[2026-05-22T21:12:43.919Z] Payload: {"mac_address":"ESP:32:AA:BB:CC:01","sensors":{"temperature":33.6,"humidity":91.6,"ph":5.3}}
[2026-05-22T21:12:43.919Z] temperature => 33.6
[2026-05-22T21:12:43.919Z] Runtime Error: Can't add new command when connection is in closed state
[2026-05-22T21:12:43.931Z] temperature: 33.6 saved
[2026-05-22T21:12:43.939Z] Notification saved
[2026-05-22T21:12:43.939Z] humidity => 91.6
[2026-05-22T21:12:43.946Z] humidity: 91.6 saved
[2026-05-22T21:12:43.954Z] Notification saved
[2026-05-22T21:12:43.955Z] ph => 5.3
[2026-05-22T21:12:43.967Z] ph: 5.3 saved
[2026-05-22T21:12:43.984Z] Notification saved
[2026-05-22T21:16:41.792Z] Heartbeat alive
[2026-05-22T21:17:45.396Z] Topic: aquaponic/device/data
[2026-05-22T21:17:45.396Z] Payload: {"mac_address":"ESP:32:AA:BB:CC:01","sensors":{"temperature":15.7,"humidity":56.1,"ph":6.5}}
[2026-05-22T21:17:45.398Z] temperature => 15.7
[2026-05-22T21:17:45.399Z] Topic: aquaponic/device/data
[2026-05-22T21:17:45.399Z] Payload: {"mac_address":"ESP:32:AA:BB:CC:01","sensors":{"temperature":15.7,"humidity":56.1,"ph":6.5}}
[2026-05-22T21:17:45.400Z] Runtime Error: Can't add new command when connection is in closed state
[2026-05-22T21:17:45.423Z] temperature: 15.7 saved
[2026-05-22T21:17:45.431Z] Notification saved
[2026-05-22T21:17:45.431Z] humidity => 56.1
[2026-05-22T21:17:45.442Z] humidity: 56.1 saved
[2026-05-22T21:17:45.442Z] ph => 6.5
[2026-05-22T21:17:45.453Z] ph: 6.5 saved
[2026-05-22T21:21:41.803Z] Heartbeat alive
[2026-05-22T21:22:47.180Z] Topic: aquaponic/device/data
[2026-05-22T21:22:47.181Z] Payload: {"mac_address":"ESP:32:AA:BB:CC:01","sensors":{"temperature":31,"humidity":54.3,"ph":8.8}}
[2026-05-22T21:22:47.183Z] Topic: aquaponic/device/data
[2026-05-22T21:22:47.183Z] temperature => 31
[2026-05-22T21:22:47.183Z] Payload: {"mac_address":"ESP:32:AA:BB:CC:01","sensors":{"temperature":31,"humidity":54.3,"ph":8.8}}
[2026-05-22T21:22:47.184Z] Runtime Error: Can't add new command when connection is in closed state
[2026-05-22T21:22:47.196Z] temperature: 31 saved
[2026-05-22T21:22:47.196Z] humidity => 54.3
[2026-05-22T21:22:47.206Z] humidity: 54.3 saved
[2026-05-22T21:22:47.207Z] ph => 8.8
[2026-05-22T21:22:47.225Z] ph: 8.8 saved
[2026-05-22T21:22:47.234Z] Notification saved
[2026-05-22T21:26:41.812Z] Heartbeat alive
[2026-05-22T21:27:48.739Z] Topic: aquaponic/device/data
[2026-05-22T21:27:48.739Z] Payload: {"mac_address":"ESP:32:AA:BB:CC:01","sensors":{"temperature":26.5,"humidity":47.7,"ph":6}}
[2026-05-22T21:27:48.741Z] temperature => 26.5
[2026-05-22T21:27:48.741Z] Topic: aquaponic/device/data
[2026-05-22T21:27:48.741Z] Payload: {"mac_address":"ESP:32:AA:BB:CC:01","sensors":{"temperature":26.5,"humidity":47.7,"ph":6}}
[2026-05-22T21:27:48.742Z] Runtime Error: Can't add new command when connection is in closed state
[2026-05-22T21:27:48.751Z] temperature: 26.5 saved
[2026-05-22T21:27:48.751Z] humidity => 47.7
[2026-05-22T21:27:48.761Z] humidity: 47.7 saved
[2026-05-22T21:27:48.761Z] ph => 6
[2026-05-22T21:27:48.780Z] ph: 6 saved
[2026-05-22T21:31:41.821Z] Heartbeat alive
[2026-05-22T21:32:50.357Z] Topic: aquaponic/device/data
[2026-05-22T21:32:50.358Z] Payload: {"mac_address":"ESP:32:AA:BB:CC:01","sensors":{"temperature":27.8,"humidity":57,"ph":6.5}}
[2026-05-22T21:32:50.359Z] temperature => 27.8
[2026-05-22T21:32:50.362Z] Topic: aquaponic/device/data
[2026-05-22T21:32:50.362Z] Payload: {"mac_address":"ESP:32:AA:BB:CC:01","sensors":{"temperature":27.8,"humidity":57,"ph":6.5}}
[2026-05-22T21:32:50.363Z] Runtime Error: Can't add new command when connection is in closed state
[2026-05-22T21:32:50.377Z] temperature: 27.8 saved
[2026-05-22T21:32:50.377Z] humidity => 57
[2026-05-22T21:32:50.384Z] humidity: 57 saved
[2026-05-22T21:32:50.384Z] ph => 6.5
[2026-05-22T21:32:50.397Z] ph: 6.5 saved
[2026-05-22T21:36:41.829Z] Heartbeat alive
[2026-05-22T21:37:51.883Z] Topic: aquaponic/device/data
[2026-05-22T21:37:51.883Z] Payload: {"mac_address":"ESP:32:AA:BB:CC:01","sensors":{"temperature":29.8,"humidity":92,"ph":4.8}}
[2026-05-22T21:37:51.885Z] temperature => 29.8
[2026-05-22T21:37:51.886Z] Topic: aquaponic/device/data
[2026-05-22T21:37:51.886Z] Payload: {"mac_address":"ESP:32:AA:BB:CC:01","sensors":{"temperature":29.8,"humidity":92,"ph":4.8}}
[2026-05-22T21:37:51.886Z] Runtime Error: Can't add new command when connection is in closed state
[2026-05-22T21:37:51.910Z] temperature: 29.8 saved
[2026-05-22T21:37:51.911Z] humidity => 92
[2026-05-22T21:37:51.923Z] humidity: 92 saved
[2026-05-22T21:37:51.934Z] Notification saved
[2026-05-22T21:37:51.934Z] ph => 4.8
[2026-05-22T21:37:51.944Z] ph: 4.8 saved
[2026-05-22T21:37:51.959Z] Notification saved
[2026-05-22T21:41:41.836Z] Heartbeat alive
[2026-05-22T21:42:53.591Z] Topic: aquaponic/device/data
[2026-05-22T21:42:53.591Z] Payload: {"mac_address":"ESP:32:AA:BB:CC:01","sensors":{"temperature":24.2,"humidity":36.1,"ph":5}}
[2026-05-22T21:42:53.592Z] Topic: aquaponic/device/data
[2026-05-22T21:42:53.593Z] Payload: {"mac_address":"ESP:32:AA:BB:CC:01","sensors":{"temperature":24.2,"humidity":36.1,"ph":5}}
[2026-05-22T21:42:53.593Z] temperature => 24.2
[2026-05-22T21:42:53.593Z] Runtime Error: Can't add new command when connection is in closed state
[2026-05-22T21:42:53.602Z] temperature: 24.2 saved
[2026-05-22T21:42:53.602Z] humidity => 36.1
[2026-05-22T21:42:53.671Z] humidity: 36.1 saved
[2026-05-22T21:42:53.680Z] Notification saved
[2026-05-22T21:42:53.680Z] ph => 5
[2026-05-22T21:42:53.697Z] ph: 5 saved
[2026-05-22T21:42:53.712Z] Notification saved
[2026-05-22T21:46:41.842Z] Heartbeat alive
[2026-05-22T21:47:55.133Z] Topic: aquaponic/device/data
[2026-05-22T21:47:55.133Z] Payload: {"mac_address":"ESP:32:AA:BB:CC:01","sensors":{"temperature":32.4,"humidity":86.2,"ph":6.8}}
[2026-05-22T21:47:55.134Z] Topic: aquaponic/device/data
[2026-05-22T21:47:55.134Z] Payload: {"mac_address":"ESP:32:AA:BB:CC:01","sensors":{"temperature":32.4,"humidity":86.2,"ph":6.8}}
[2026-05-22T21:47:55.135Z] Runtime Error: Can't add new command when connection is in closed state
[2026-05-22T21:47:55.135Z] temperature => 32.4
[2026-05-22T21:47:55.155Z] temperature: 32.4 saved
[2026-05-22T21:47:55.166Z] Notification saved
[2026-05-22T21:47:55.166Z] humidity => 86.2
[2026-05-22T21:47:55.174Z] humidity: 86.2 saved
[2026-05-22T21:47:55.192Z] Notification saved
[2026-05-22T21:47:55.192Z] ph => 6.8
[2026-05-22T21:47:55.201Z] ph: 6.8 saved
[2026-05-22T21:51:41.847Z] Heartbeat alive
[2026-05-22T21:52:56.623Z] Topic: aquaponic/device/data
[2026-05-22T21:52:56.623Z] Payload: {"mac_address":"ESP:32:AA:BB:CC:01","sensors":{"temperature":31.7,"humidity":83.2,"ph":8.6}}
[2026-05-22T21:52:56.625Z] Topic: aquaponic/device/data
[2026-05-22T21:52:56.625Z] Payload: {"mac_address":"ESP:32:AA:BB:CC:01","sensors":{"temperature":31.7,"humidity":83.2,"ph":8.6}}
[2026-05-22T21:52:56.625Z] Runtime Error: Can't add new command when connection is in closed state
[2026-05-22T21:52:56.625Z] temperature => 31.7
[2026-05-22T21:52:56.639Z] temperature: 31.7 saved
[2026-05-22T21:52:56.639Z] humidity => 83.2
[2026-05-22T21:52:56.648Z] humidity: 83.2 saved
[2026-05-22T21:52:56.649Z] ph => 8.6
[2026-05-22T21:52:56.659Z] ph: 8.6 saved
[2026-05-22T21:52:56.671Z] Notification saved
[2026-05-22T21:56:41.851Z] Heartbeat alive
[2026-05-22T21:57:58.051Z] Topic: aquaponic/device/data
[2026-05-22T21:57:58.051Z] Payload: {"mac_address":"ESP:32:AA:BB:CC:01","sensors":{"temperature":33.7,"humidity":54.9,"ph":7}}
[2026-05-22T21:57:58.053Z] temperature => 33.7
[2026-05-22T21:57:58.055Z] Topic: aquaponic/device/data
[2026-05-22T21:57:58.055Z] Payload: {"mac_address":"ESP:32:AA:BB:CC:01","sensors":{"temperature":33.7,"humidity":54.9,"ph":7}}
[2026-05-22T21:57:58.056Z] Runtime Error: Can't add new command when connection is in closed state
[2026-05-22T21:57:58.066Z] temperature: 33.7 saved
[2026-05-22T21:57:58.106Z] Notification saved
[2026-05-22T21:57:58.106Z] humidity => 54.9
[2026-05-22T21:57:58.134Z] humidity: 54.9 saved
[2026-05-22T21:57:58.134Z] ph => 7
[2026-05-22T21:57:58.156Z] ph: 7 saved
[2026-05-22T22:01:41.854Z] Heartbeat alive
[2026-05-22T22:02:59.612Z] Topic: aquaponic/device/data
[2026-05-22T22:02:59.612Z] Payload: {"mac_address":"ESP:32:AA:BB:CC:01","sensors":{"temperature":15.7,"humidity":89.5,"ph":6.8}}
[2026-05-22T22:02:59.613Z] temperature => 15.7
[2026-05-22T22:02:59.614Z] Topic: aquaponic/device/data
[2026-05-22T22:02:59.614Z] Payload: {"mac_address":"ESP:32:AA:BB:CC:01","sensors":{"temperature":15.7,"humidity":89.5,"ph":6.8}}
[2026-05-22T22:02:59.615Z] Runtime Error: Can't add new command when connection is in closed state
[2026-05-22T22:02:59.629Z] temperature: 15.7 saved
[2026-05-22T22:02:59.646Z] Notification saved
[2026-05-22T22:02:59.646Z] humidity => 89.5
[2026-05-22T22:02:59.667Z] humidity: 89.5 saved
[2026-05-22T22:02:59.677Z] Notification saved
[2026-05-22T22:02:59.677Z] ph => 6.8
[2026-05-22T22:02:59.685Z] ph: 6.8 saved
[2026-05-22T22:06:41.856Z] Heartbeat alive
[2026-05-22T22:08:01.230Z] Topic: aquaponic/device/data
[2026-05-22T22:08:01.230Z] Payload: {"mac_address":"ESP:32:AA:BB:CC:01","sensors":{"temperature":19.8,"humidity":77.6,"ph":5.7}}
[2026-05-22T22:08:01.231Z] Topic: aquaponic/device/data
[2026-05-22T22:08:01.231Z] Payload: {"mac_address":"ESP:32:AA:BB:CC:01","sensors":{"temperature":19.8,"humidity":77.6,"ph":5.7}}
[2026-05-22T22:08:01.231Z] Runtime Error: Can't add new command when connection is in closed state
[2026-05-22T22:08:01.232Z] temperature => 19.8
[2026-05-22T22:08:01.255Z] temperature: 19.8 saved
[2026-05-22T22:08:01.256Z] humidity => 77.6
[2026-05-22T22:08:01.279Z] humidity: 77.6 saved
[2026-05-22T22:08:01.279Z] ph => 5.7
[2026-05-22T22:08:01.307Z] ph: 5.7 saved
[2026-05-22T22:11:41.857Z] Heartbeat alive
[2026-05-22T22:13:02.854Z] Topic: aquaponic/device/data
[2026-05-22T22:13:02.854Z] Payload: {"mac_address":"ESP:32:AA:BB:CC:01","sensors":{"temperature":20.5,"humidity":94.8,"ph":6.5}}
[2026-05-22T22:13:02.855Z] Runtime Error: Can't add new command when connection is in closed state
[2026-05-22T22:13:02.855Z] Topic: aquaponic/device/data
[2026-05-22T22:13:02.855Z] Payload: {"mac_address":"ESP:32:AA:BB:CC:01","sensors":{"temperature":20.5,"humidity":94.8,"ph":6.5}}
[2026-05-22T22:13:02.857Z] temperature => 20.5
[2026-05-22T22:13:02.871Z] temperature: 20.5 saved
[2026-05-22T22:13:02.871Z] humidity => 94.8
[2026-05-22T22:13:02.880Z] humidity: 94.8 saved
[2026-05-22T22:13:02.899Z] Notification saved
[2026-05-22T22:13:02.899Z] ph => 6.5
[2026-05-22T22:13:02.907Z] ph: 6.5 saved
[2026-05-22T22:16:41.877Z] Heartbeat alive
[2026-05-22T22:18:28.532Z] Topic: aquaponic/device/data
[2026-05-22T22:18:28.533Z] Payload: {"mac_address":"ESP:32:AA:BB:CC:01","sensors":{"temperature":35,"humidity":54.5,"ph":7.7}}
[2026-05-22T22:18:28.534Z] Topic: aquaponic/device/data
[2026-05-22T22:18:28.534Z] Payload: {"mac_address":"ESP:32:AA:BB:CC:01","sensors":{"temperature":35,"humidity":54.5,"ph":7.7}}
[2026-05-22T22:18:28.534Z] Runtime Error: Can't add new command when connection is in closed state
[2026-05-22T22:18:28.535Z] temperature => 35
[2026-05-22T22:18:28.556Z] temperature: 35 saved
[2026-05-22T22:18:28.573Z] Notification saved
[2026-05-22T22:18:28.574Z] humidity => 54.5
[2026-05-22T22:18:28.584Z] humidity: 54.5 saved
[2026-05-22T22:18:28.584Z] ph => 7.7
[2026-05-22T22:18:28.592Z] ph: 7.7 saved
[2026-05-22T22:18:28.602Z] Notification saved
[2026-05-22T22:21:41.884Z] Heartbeat alive
[2026-05-22T22:23:39.282Z] Topic: aquaponic/device/data
[2026-05-22T22:23:39.282Z] Payload: {"mac_address":"ESP:32:AA:BB:CC:01","sensors":{"temperature":30.9,"humidity":70.5,"ph":5.4}}
[2026-05-22T22:23:39.284Z] temperature => 30.9
[2026-05-22T22:23:39.285Z] Topic: aquaponic/device/data
[2026-05-22T22:23:39.285Z] Payload: {"mac_address":"ESP:32:AA:BB:CC:01","sensors":{"temperature":30.9,"humidity":70.5,"ph":5.4}}
[2026-05-22T22:23:39.286Z] Runtime Error: Can't add new command when connection is in closed state
[2026-05-22T22:23:39.301Z] temperature: 30.9 saved
[2026-05-22T22:23:39.301Z] humidity => 70.5
[2026-05-22T22:23:39.312Z] humidity: 70.5 saved
[2026-05-22T22:23:39.312Z] ph => 5.4
[2026-05-22T22:23:39.321Z] ph: 5.4 saved
[2026-05-22T22:23:39.332Z] Notification saved
[2026-05-22T22:26:41.903Z] Heartbeat alive
[2026-05-22T22:28:38.852Z] Topic: aquaponic/device/data
[2026-05-22T22:28:38.852Z] Payload: {"mac_address":"ESP:32:AA:BB:CC:01","sensors":{"temperature":22.4,"humidity":93,"ph":6.4}}
[2026-05-22T22:28:38.853Z] Topic: aquaponic/device/data
[2026-05-22T22:28:38.853Z] Payload: {"mac_address":"ESP:32:AA:BB:CC:01","sensors":{"temperature":22.4,"humidity":93,"ph":6.4}}
[2026-05-22T22:28:38.854Z] Runtime Error: Can't add new command when connection is in closed state
[2026-05-22T22:28:38.854Z] temperature => 22.4
[2026-05-22T22:28:38.867Z] temperature: 22.4 saved
[2026-05-22T22:28:38.868Z] humidity => 93
[2026-05-22T22:28:38.891Z] humidity: 93 saved
[2026-05-22T22:28:38.898Z] Notification saved
[2026-05-22T22:28:38.898Z] ph => 6.4
[2026-05-22T22:28:38.919Z] ph: 6.4 saved
[2026-05-22T22:31:41.918Z] Heartbeat alive
[2026-05-22T22:33:40.432Z] Topic: aquaponic/device/data
[2026-05-22T22:33:40.432Z] Payload: {"mac_address":"ESP:32:AA:BB:CC:01","sensors":{"temperature":16.5,"humidity":72.7,"ph":7.5}}
[2026-05-22T22:33:40.433Z] Topic: aquaponic/device/data
[2026-05-22T22:33:40.433Z] Payload: {"mac_address":"ESP:32:AA:BB:CC:01","sensors":{"temperature":16.5,"humidity":72.7,"ph":7.5}}
[2026-05-22T22:33:40.433Z] Runtime Error: Can't add new command when connection is in closed state
[2026-05-22T22:33:40.435Z] temperature => 16.5
[2026-05-22T22:33:40.452Z] temperature: 16.5 saved
[2026-05-22T22:33:40.461Z] Notification saved
[2026-05-22T22:33:40.461Z] humidity => 72.7
[2026-05-22T22:33:40.471Z] humidity: 72.7 saved
[2026-05-22T22:33:40.471Z] ph => 7.5
[2026-05-22T22:33:40.491Z] ph: 7.5 saved
[2026-05-22T22:36:41.938Z] Heartbeat alive
[2026-05-22T22:38:42.075Z] Topic: aquaponic/device/data
[2026-05-22T22:38:42.075Z] Payload: {"mac_address":"ESP:32:AA:BB:CC:01","sensors":{"temperature":35,"humidity":66.6,"ph":7.8}}
[2026-05-22T22:38:42.077Z] Topic: aquaponic/device/data
[2026-05-22T22:38:42.077Z] temperature => 35
[2026-05-22T22:38:42.077Z] Payload: {"mac_address":"ESP:32:AA:BB:CC:01","sensors":{"temperature":35,"humidity":66.6,"ph":7.8}}
[2026-05-22T22:38:42.077Z] Runtime Error: Can't add new command when connection is in closed state
[2026-05-22T22:38:42.088Z] temperature: 35 saved
[2026-05-22T22:38:42.101Z] Notification saved
[2026-05-22T22:38:42.101Z] humidity => 66.6
[2026-05-22T22:38:42.122Z] humidity: 66.6 saved
[2026-05-22T22:38:42.122Z] ph => 7.8
[2026-05-22T22:38:42.138Z] ph: 7.8 saved
[2026-05-22T22:38:42.149Z] Notification saved
[2026-05-22T22:41:41.958Z] Heartbeat alive
[2026-05-22T22:43:43.527Z] Topic: aquaponic/device/data
[2026-05-22T22:43:43.527Z] Payload: {"mac_address":"ESP:32:AA:BB:CC:01","sensors":{"temperature":16.2,"humidity":81.8,"ph":7.8}}
[2026-05-22T22:43:43.529Z] Topic: aquaponic/device/data
[2026-05-22T22:43:43.529Z] Payload: {"mac_address":"ESP:32:AA:BB:CC:01","sensors":{"temperature":16.2,"humidity":81.8,"ph":7.8}}
[2026-05-22T22:43:43.529Z] temperature => 16.2
[2026-05-22T22:43:43.529Z] Runtime Error: Can't add new command when connection is in closed state
[2026-05-22T22:43:43.542Z] temperature: 16.2 saved
[2026-05-22T22:43:43.568Z] Notification saved
[2026-05-22T22:43:43.569Z] humidity => 81.8
[2026-05-22T22:43:43.581Z] humidity: 81.8 saved
[2026-05-22T22:43:43.581Z] ph => 7.8
[2026-05-22T22:43:43.589Z] ph: 7.8 saved
[2026-05-22T22:43:43.603Z] Notification saved
[2026-05-22T22:46:41.965Z] Heartbeat alive
[2026-05-22T22:48:44.928Z] Topic: aquaponic/device/data
[2026-05-22T22:48:44.928Z] Payload: {"mac_address":"ESP:32:AA:BB:CC:01","sensors":{"temperature":26.8,"humidity":67.3,"ph":7.2}}
[2026-05-22T22:48:44.930Z] temperature => 26.8
[2026-05-22T22:48:44.930Z] Topic: aquaponic/device/data
[2026-05-22T22:48:44.930Z] Payload: {"mac_address":"ESP:32:AA:BB:CC:01","sensors":{"temperature":26.8,"humidity":67.3,"ph":7.2}}
[2026-05-22T22:48:44.930Z] Runtime Error: Can't add new command when connection is in closed state
[2026-05-22T22:48:44.951Z] temperature: 26.8 saved
[2026-05-22T22:48:44.951Z] humidity => 67.3
[2026-05-22T22:48:45.006Z] humidity: 67.3 saved
[2026-05-22T22:48:45.006Z] ph => 7.2
[2026-05-22T22:48:45.019Z] ph: 7.2 saved
[2026-05-22T22:51:41.967Z] Heartbeat alive
[2026-05-22T22:53:46.877Z] Topic: aquaponic/device/data
[2026-05-22T22:53:46.877Z] Topic: aquaponic/device/data
[2026-05-22T22:53:46.877Z] Payload: {"mac_address":"ESP:32:AA:BB:CC:01","sensors":{"temperature":23.5,"humidity":47,"ph":6.2}}
[2026-05-22T22:53:46.877Z] Payload: {"mac_address":"ESP:32:AA:BB:CC:01","sensors":{"temperature":23.5,"humidity":47,"ph":6.2}}
[2026-05-22T22:53:46.877Z] Runtime Error: Can't add new command when connection is in closed state
[2026-05-22T22:53:46.879Z] temperature => 23.5
[2026-05-22T22:53:46.886Z] temperature: 23.5 saved
[2026-05-22T22:53:46.886Z] humidity => 47
[2026-05-22T22:53:46.906Z] humidity: 47 saved
[2026-05-22T22:53:46.906Z] ph => 6.2
[2026-05-22T22:53:46.930Z] ph: 6.2 saved
[2026-05-22T22:56:41.986Z] Heartbeat alive
[2026-05-22T22:58:48.343Z] Topic: aquaponic/device/data
[2026-05-22T22:58:48.343Z] Topic: aquaponic/device/data
[2026-05-22T22:58:48.343Z] Payload: {"mac_address":"ESP:32:AA:BB:CC:01","sensors":{"temperature":33.4,"humidity":53.9,"ph":7.3}}
[2026-05-22T22:58:48.343Z] Payload: {"mac_address":"ESP:32:AA:BB:CC:01","sensors":{"temperature":33.4,"humidity":53.9,"ph":7.3}}
[2026-05-22T22:58:48.344Z] Runtime Error: Can't add new command when connection is in closed state
[2026-05-22T22:58:48.345Z] temperature => 33.4
[2026-05-22T22:58:48.356Z] temperature: 33.4 saved
[2026-05-22T22:58:48.378Z] Notification saved
[2026-05-22T22:58:48.378Z] humidity => 53.9
[2026-05-22T22:58:48.392Z] humidity: 53.9 saved
[2026-05-22T22:58:48.392Z] ph => 7.3
[2026-05-22T22:58:48.402Z] ph: 7.3 saved
[2026-05-22T23:01:42.006Z] Heartbeat alive
[2026-05-22T23:03:49.928Z] Topic: aquaponic/device/data
[2026-05-22T23:03:49.929Z] Payload: {"mac_address":"ESP:32:AA:BB:CC:01","sensors":{"temperature":33.5,"humidity":36.3,"ph":6.8}}
[2026-05-22T23:03:49.930Z] temperature => 33.5
[2026-05-22T23:03:49.934Z] Topic: aquaponic/device/data
[2026-05-22T23:03:49.934Z] Payload: {"mac_address":"ESP:32:AA:BB:CC:01","sensors":{"temperature":33.5,"humidity":36.3,"ph":6.8}}
[2026-05-22T23:03:49.934Z] Runtime Error: Can't add new command when connection is in closed state
[2026-05-22T23:03:49.954Z] temperature: 33.5 saved
[2026-05-22T23:03:49.966Z] Notification saved
[2026-05-22T23:03:49.966Z] humidity => 36.3
[2026-05-22T23:03:49.981Z] humidity: 36.3 saved
[2026-05-22T23:03:49.994Z] Notification saved
[2026-05-22T23:03:49.994Z] ph => 6.8
[2026-05-22T23:03:50.017Z] ph: 6.8 saved
[2026-05-22T23:06:42.020Z] Heartbeat alive
[2026-05-22T23:08:51.307Z] Topic: aquaponic/device/data
[2026-05-22T23:08:51.308Z] Payload: {"mac_address":"ESP:32:AA:BB:CC:01","sensors":{"temperature":19.1,"humidity":83.1,"ph":5.7}}
[2026-05-22T23:08:51.309Z] Topic: aquaponic/device/data
[2026-05-22T23:08:51.309Z] Payload: {"mac_address":"ESP:32:AA:BB:CC:01","sensors":{"temperature":19.1,"humidity":83.1,"ph":5.7}}
[2026-05-22T23:08:51.309Z] temperature => 19.1
[2026-05-22T23:08:51.309Z] Runtime Error: Can't add new command when connection is in closed state
[2026-05-22T23:08:51.323Z] temperature: 19.1 saved
[2026-05-22T23:08:51.324Z] humidity => 83.1
[2026-05-22T23:08:51.350Z] humidity: 83.1 saved
[2026-05-22T23:08:51.350Z] ph => 5.7
[2026-05-22T23:08:51.360Z] ph: 5.7 saved
[2026-05-22T23:11:42.039Z] Heartbeat alive
[2026-05-22T23:13:52.853Z] Topic: aquaponic/device/data
[2026-05-22T23:13:52.853Z] Payload: {"mac_address":"ESP:32:AA:BB:CC:01","sensors":{"temperature":29.5,"humidity":30.7,"ph":4.4}}
[2026-05-22T23:13:52.853Z] Runtime Error: Can't add new command when connection is in closed state
[2026-05-22T23:13:52.859Z] Topic: aquaponic/device/data
[2026-05-22T23:13:52.859Z] Payload: {"mac_address":"ESP:32:AA:BB:CC:01","sensors":{"temperature":29.5,"humidity":30.7,"ph":4.4}}
[2026-05-22T23:13:52.861Z] temperature => 29.5
[2026-05-22T23:13:52.876Z] temperature: 29.5 saved
[2026-05-22T23:13:52.876Z] humidity => 30.7
[2026-05-22T23:13:52.886Z] humidity: 30.7 saved
[2026-05-22T23:13:52.901Z] Notification saved
[2026-05-22T23:13:52.901Z] ph => 4.4
[2026-05-22T23:13:52.908Z] ph: 4.4 saved
[2026-05-22T23:13:52.919Z] Notification saved
[2026-05-22T23:16:42.048Z] Heartbeat alive
[2026-05-22T23:18:54.328Z] Topic: aquaponic/device/data
[2026-05-22T23:18:54.328Z] Payload: {"mac_address":"ESP:32:AA:BB:CC:01","sensors":{"temperature":34.6,"humidity":60.1,"ph":8.7}}
[2026-05-22T23:18:54.330Z] Topic: aquaponic/device/data
[2026-05-22T23:18:54.330Z] Payload: {"mac_address":"ESP:32:AA:BB:CC:01","sensors":{"temperature":34.6,"humidity":60.1,"ph":8.7}}
[2026-05-22T23:18:54.330Z] temperature => 34.6
[2026-05-22T23:18:54.331Z] Runtime Error: Can't add new command when connection is in closed state
[2026-05-22T23:18:54.344Z] temperature: 34.6 saved
[2026-05-22T23:18:54.354Z] Notification saved
[2026-05-22T23:18:54.354Z] humidity => 60.1
[2026-05-22T23:18:54.370Z] humidity: 60.1 saved
[2026-05-22T23:18:54.370Z] ph => 8.7
[2026-05-22T23:18:54.380Z] ph: 8.7 saved
[2026-05-22T23:18:54.397Z] Notification saved
[2026-05-22T23:21:42.065Z] Heartbeat alive
[2026-05-22T23:23:55.703Z] Topic: aquaponic/device/data
[2026-05-22T23:23:55.703Z] Payload: {"mac_address":"ESP:32:AA:BB:CC:01","sensors":{"temperature":22.9,"humidity":89.8,"ph":5.4}}
[2026-05-22T23:23:55.705Z] temperature => 22.9
[2026-05-22T23:23:55.706Z] Topic: aquaponic/device/data
[2026-05-22T23:23:55.707Z] Payload: {"mac_address":"ESP:32:AA:BB:CC:01","sensors":{"temperature":22.9,"humidity":89.8,"ph":5.4}}
[2026-05-22T23:23:55.707Z] Runtime Error: Can't add new command when connection is in closed state
[2026-05-22T23:23:55.716Z] temperature: 22.9 saved
[2026-05-22T23:23:55.716Z] humidity => 89.8
[2026-05-22T23:23:55.742Z] humidity: 89.8 saved
[2026-05-22T23:23:55.754Z] Notification saved
[2026-05-22T23:23:55.754Z] ph => 5.4
[2026-05-22T23:23:55.762Z] ph: 5.4 saved
[2026-05-22T23:23:55.771Z] Notification saved
[2026-05-22T23:26:42.081Z] Heartbeat alive
[2026-05-22T23:28:57.286Z] Topic: aquaponic/device/data
[2026-05-22T23:28:57.287Z] Payload: {"mac_address":"ESP:32:AA:BB:CC:01","sensors":{"temperature":16.1,"humidity":69.3,"ph":8}}
[2026-05-22T23:28:57.288Z] Topic: aquaponic/device/data
[2026-05-22T23:28:57.288Z] Payload: {"mac_address":"ESP:32:AA:BB:CC:01","sensors":{"temperature":16.1,"humidity":69.3,"ph":8}}
[2026-05-22T23:28:57.288Z] Runtime Error: Can't add new command when connection is in closed state
[2026-05-22T23:28:57.288Z] temperature => 16.1
[2026-05-22T23:28:57.300Z] temperature: 16.1 saved
[2026-05-22T23:28:57.315Z] Notification saved
[2026-05-22T23:28:57.315Z] humidity => 69.3
[2026-05-22T23:28:57.333Z] humidity: 69.3 saved
[2026-05-22T23:28:57.333Z] ph => 8
[2026-05-22T23:28:57.340Z] ph: 8 saved
[2026-05-22T23:28:57.350Z] Notification saved
[2026-05-22T23:31:42.096Z] Heartbeat alive
[2026-05-22T23:33:58.947Z] Topic: aquaponic/device/data
[2026-05-22T23:33:58.947Z] Payload: {"mac_address":"ESP:32:AA:BB:CC:01","sensors":{"temperature":19,"humidity":68.8,"ph":4.3}}
[2026-05-22T23:33:58.948Z] temperature => 19
[2026-05-22T23:33:58.950Z] Topic: aquaponic/device/data
[2026-05-22T23:33:58.950Z] Payload: {"mac_address":"ESP:32:AA:BB:CC:01","sensors":{"temperature":19,"humidity":68.8,"ph":4.3}}
[2026-05-22T23:33:58.950Z] Runtime Error: Can't add new command when connection is in closed state
[2026-05-22T23:33:58.964Z] temperature: 19 saved
[2026-05-22T23:33:58.964Z] humidity => 68.8
[2026-05-22T23:33:58.977Z] humidity: 68.8 saved
[2026-05-22T23:33:58.977Z] ph => 4.3
[2026-05-22T23:33:58.988Z] ph: 4.3 saved
[2026-05-22T23:33:59.000Z] Notification saved
[2026-05-22T23:36:42.104Z] Heartbeat alive
[2026-05-22T23:39:00.364Z] Topic: aquaponic/device/data
[2026-05-22T23:39:00.364Z] Payload: {"mac_address":"ESP:32:AA:BB:CC:01","sensors":{"temperature":15.7,"humidity":43.4,"ph":7.4}}
[2026-05-22T23:39:00.364Z] Runtime Error: Can't add new command when connection is in closed state
[2026-05-22T23:39:00.376Z] Topic: aquaponic/device/data
[2026-05-22T23:39:00.376Z] Payload: {"mac_address":"ESP:32:AA:BB:CC:01","sensors":{"temperature":15.7,"humidity":43.4,"ph":7.4}}
[2026-05-22T23:39:00.378Z] temperature => 15.7
[2026-05-22T23:39:00.386Z] temperature: 15.7 saved
[2026-05-22T23:39:00.394Z] Notification saved
[2026-05-22T23:39:00.394Z] humidity => 43.4
[2026-05-22T23:39:00.408Z] humidity: 43.4 saved
[2026-05-22T23:39:00.408Z] ph => 7.4
[2026-05-22T23:39:00.424Z] ph: 7.4 saved
[2026-05-22T23:41:42.118Z] Heartbeat alive
[2026-05-22T23:44:01.798Z] Topic: aquaponic/device/data
[2026-05-22T23:44:01.798Z] Payload: {"mac_address":"ESP:32:AA:BB:CC:01","sensors":{"temperature":15.2,"humidity":30.5,"ph":5.9}}
[2026-05-22T23:44:01.800Z] Topic: aquaponic/device/data
[2026-05-22T23:44:01.800Z] Payload: {"mac_address":"ESP:32:AA:BB:CC:01","sensors":{"temperature":15.2,"humidity":30.5,"ph":5.9}}
[2026-05-22T23:44:01.801Z] Runtime Error: Can't add new command when connection is in closed state
[2026-05-22T23:44:01.805Z] temperature => 15.2
[2026-05-22T23:44:01.860Z] temperature: 15.2 saved
[2026-05-22T23:44:01.928Z] Notification saved
[2026-05-22T23:44:01.928Z] humidity => 30.5
[2026-05-22T23:44:01.984Z] humidity: 30.5 saved
[2026-05-22T23:44:02.024Z] Notification saved
[2026-05-22T23:44:02.024Z] ph => 5.9
[2026-05-22T23:44:02.086Z] ph: 5.9 saved
[2026-05-22T23:46:42.130Z] Heartbeat alive
[2026-05-22T23:49:03.167Z] Topic: aquaponic/device/data
[2026-05-22T23:49:03.167Z] Payload: {"mac_address":"ESP:32:AA:BB:CC:01","sensors":{"temperature":30.8,"humidity":31,"ph":4.2}}
[2026-05-22T23:49:03.167Z] Topic: aquaponic/device/data
[2026-05-22T23:49:03.168Z] Runtime Error: Can't add new command when connection is in closed state
[2026-05-22T23:49:03.168Z] Payload: {"mac_address":"ESP:32:AA:BB:CC:01","sensors":{"temperature":30.8,"humidity":31,"ph":4.2}}
[2026-05-22T23:49:03.169Z] temperature => 30.8
[2026-05-22T23:49:03.190Z] temperature: 30.8 saved
[2026-05-22T23:49:03.190Z] humidity => 31
[2026-05-22T23:49:03.203Z] humidity: 31 saved
[2026-05-22T23:49:03.211Z] Notification saved
[2026-05-22T23:49:03.211Z] ph => 4.2
[2026-05-22T23:49:03.235Z] ph: 4.2 saved
[2026-05-22T23:49:03.250Z] Notification saved
[2026-05-22T23:51:42.142Z] Heartbeat alive
[2026-05-22T23:54:05.641Z] Topic: aquaponic/device/data
[2026-05-22T23:54:05.641Z] Payload: {"mac_address":"ESP:32:AA:BB:CC:01","sensors":{"temperature":19.8,"humidity":75.4,"ph":7.7}}
[2026-05-22T23:54:05.642Z] Topic: aquaponic/device/data
[2026-05-22T23:54:05.642Z] Payload: {"mac_address":"ESP:32:AA:BB:CC:01","sensors":{"temperature":19.8,"humidity":75.4,"ph":7.7}}
[2026-05-22T23:54:05.642Z] Runtime Error: Can't add new command when connection is in closed state
[2026-05-22T23:54:05.642Z] temperature => 19.8
[2026-05-22T23:54:05.655Z] temperature: 19.8 saved
[2026-05-22T23:54:05.655Z] humidity => 75.4
[2026-05-22T23:54:05.665Z] humidity: 75.4 saved
[2026-05-22T23:54:05.665Z] ph => 7.7
[2026-05-22T23:54:05.673Z] ph: 7.7 saved
[2026-05-22T23:54:05.683Z] Notification saved
[2026-05-22T23:56:42.153Z] Heartbeat alive
[2026-05-22T23:59:07.123Z] Topic: aquaponic/device/data
[2026-05-22T23:59:07.123Z] Payload: {"mac_address":"ESP:32:AA:BB:CC:01","sensors":{"temperature":34.4,"humidity":47.3,"ph":6}}
[2026-05-22T23:59:07.125Z] temperature => 34.4
[2026-05-22T23:59:07.126Z] Topic: aquaponic/device/data
[2026-05-22T23:59:07.127Z] Payload: {"mac_address":"ESP:32:AA:BB:CC:01","sensors":{"temperature":34.4,"humidity":47.3,"ph":6}}
[2026-05-22T23:59:07.127Z] Runtime Error: Can't add new command when connection is in closed state
[2026-05-22T23:59:07.155Z] temperature: 34.4 saved
[2026-05-22T23:59:07.192Z] Notification saved
[2026-05-22T23:59:07.192Z] humidity => 47.3
[2026-05-22T23:59:07.207Z] humidity: 47.3 saved
[2026-05-22T23:59:07.207Z] ph => 6
[2026-05-22T23:59:07.229Z] ph: 6 saved
[2026-05-23T00:01:42.162Z] Heartbeat alive
[2026-05-23T00:04:08.566Z] Topic: aquaponic/device/data
[2026-05-23T00:04:08.566Z] Payload: {"mac_address":"ESP:32:AA:BB:CC:01","sensors":{"temperature":23.9,"humidity":38.8,"ph":6.9}}
[2026-05-23T00:04:08.567Z] Runtime Error: Can't add new command when connection is in closed state
[2026-05-23T00:04:08.567Z] Topic: aquaponic/device/data
[2026-05-23T00:04:08.567Z] Payload: {"mac_address":"ESP:32:AA:BB:CC:01","sensors":{"temperature":23.9,"humidity":38.8,"ph":6.9}}
[2026-05-23T00:04:08.569Z] temperature => 23.9
[2026-05-23T00:04:08.580Z] temperature: 23.9 saved
[2026-05-23T00:04:08.580Z] humidity => 38.8
[2026-05-23T00:04:08.587Z] humidity: 38.8 saved
[2026-05-23T00:04:08.675Z] Notification saved
[2026-05-23T00:04:08.675Z] ph => 6.9
[2026-05-23T00:04:08.684Z] ph: 6.9 saved
[2026-05-23T00:06:42.171Z] Heartbeat alive
[2026-05-23T00:09:09.972Z] Topic: aquaponic/device/data
[2026-05-23T00:09:09.972Z] Payload: {"mac_address":"ESP:32:AA:BB:CC:01","sensors":{"temperature":18.7,"humidity":46.3,"ph":6.6}}
[2026-05-23T00:09:09.974Z] temperature => 18.7
[2026-05-23T00:09:09.974Z] Topic: aquaponic/device/data
[2026-05-23T00:09:09.975Z] Payload: {"mac_address":"ESP:32:AA:BB:CC:01","sensors":{"temperature":18.7,"humidity":46.3,"ph":6.6}}
[2026-05-23T00:09:09.975Z] Runtime Error: Can't add new command when connection is in closed state
[2026-05-23T00:09:09.991Z] temperature: 18.7 saved
[2026-05-23T00:09:09.991Z] humidity => 46.3
[2026-05-23T00:09:10.006Z] humidity: 46.3 saved
[2026-05-23T00:09:10.006Z] ph => 6.6
[2026-05-23T00:09:10.016Z] ph: 6.6 saved
[2026-05-23T00:11:42.174Z] Heartbeat alive
[2026-05-23T00:14:11.635Z] Topic: aquaponic/device/data
[2026-05-23T00:14:11.635Z] Payload: {"mac_address":"ESP:32:AA:BB:CC:01","sensors":{"temperature":20.2,"humidity":49,"ph":8.1}}
[2026-05-23T00:14:11.637Z] Topic: aquaponic/device/data
[2026-05-23T00:14:11.637Z] Payload: {"mac_address":"ESP:32:AA:BB:CC:01","sensors":{"temperature":20.2,"humidity":49,"ph":8.1}}
[2026-05-23T00:14:11.637Z] temperature => 20.2
[2026-05-23T00:14:11.638Z] Runtime Error: Can't add new command when connection is in closed state
[2026-05-23T00:14:11.661Z] temperature: 20.2 saved
[2026-05-23T00:14:11.661Z] humidity => 49
[2026-05-23T00:14:11.680Z] humidity: 49 saved
[2026-05-23T00:14:11.680Z] ph => 8.1
[2026-05-23T00:14:11.688Z] ph: 8.1 saved
[2026-05-23T00:14:11.701Z] Notification saved
[2026-05-23T00:16:42.178Z] Heartbeat alive
[2026-05-23T00:19:12.996Z] Topic: aquaponic/device/data
[2026-05-23T00:19:12.996Z] Payload: {"mac_address":"ESP:32:AA:BB:CC:01","sensors":{"temperature":22.4,"humidity":65.4,"ph":6.4}}
[2026-05-23T00:19:12.996Z] Topic: aquaponic/device/data
[2026-05-23T00:19:12.997Z] Runtime Error: Can't add new command when connection is in closed state
[2026-05-23T00:19:12.997Z] Payload: {"mac_address":"ESP:32:AA:BB:CC:01","sensors":{"temperature":22.4,"humidity":65.4,"ph":6.4}}
[2026-05-23T00:19:12.998Z] temperature => 22.4
[2026-05-23T00:19:13.012Z] temperature: 22.4 saved
[2026-05-23T00:19:13.012Z] humidity => 65.4
[2026-05-23T00:19:13.033Z] humidity: 65.4 saved
[2026-05-23T00:19:13.033Z] ph => 6.4
[2026-05-23T00:19:13.041Z] ph: 6.4 saved
[2026-05-23T00:21:42.182Z] Heartbeat alive
[2026-05-23T00:24:14.669Z] Topic: aquaponic/device/data
[2026-05-23T00:24:14.669Z] Payload: {"mac_address":"ESP:32:AA:BB:CC:01","sensors":{"temperature":21.9,"humidity":52,"ph":7.5}}
[2026-05-23T00:24:14.670Z] temperature => 21.9
[2026-05-23T00:24:14.670Z] Topic: aquaponic/device/data
[2026-05-23T00:24:14.671Z] Payload: {"mac_address":"ESP:32:AA:BB:CC:01","sensors":{"temperature":21.9,"humidity":52,"ph":7.5}}
[2026-05-23T00:24:14.671Z] Runtime Error: Can't add new command when connection is in closed state
[2026-05-23T00:24:14.699Z] temperature: 21.9 saved
[2026-05-23T00:24:14.699Z] humidity => 52
[2026-05-23T00:24:14.724Z] humidity: 52 saved
[2026-05-23T00:24:14.724Z] ph => 7.5
[2026-05-23T00:24:14.733Z] ph: 7.5 saved
[2026-05-23T00:26:42.187Z] Heartbeat alive
[2026-05-23T00:29:16.358Z] Topic: aquaponic/device/data
[2026-05-23T00:29:16.358Z] Payload: {"mac_address":"ESP:32:AA:BB:CC:01","sensors":{"temperature":18.3,"humidity":91.8,"ph":7.7}}
[2026-05-23T00:29:16.360Z] temperature => 18.3
[2026-05-23T00:29:16.362Z] Topic: aquaponic/device/data
[2026-05-23T00:29:16.362Z] Payload: {"mac_address":"ESP:32:AA:BB:CC:01","sensors":{"temperature":18.3,"humidity":91.8,"ph":7.7}}
[2026-05-23T00:29:16.363Z] Runtime Error: Can't add new command when connection is in closed state
[2026-05-23T00:29:16.372Z] temperature: 18.3 saved
[2026-05-23T00:29:16.372Z] humidity => 91.8
[2026-05-23T00:29:16.394Z] humidity: 91.8 saved
[2026-05-23T00:29:16.406Z] Notification saved
[2026-05-23T00:29:16.406Z] ph => 7.7
[2026-05-23T00:29:16.421Z] ph: 7.7 saved
[2026-05-23T00:29:16.430Z] Notification saved
[2026-05-23T00:31:42.189Z] Heartbeat alive
[2026-05-23T00:34:17.909Z] Topic: aquaponic/device/data
[2026-05-23T00:34:17.909Z] Payload: {"mac_address":"ESP:32:AA:BB:CC:01","sensors":{"temperature":25.3,"humidity":80.6,"ph":5.1}}
[2026-05-23T00:34:17.911Z] temperature => 25.3
[2026-05-23T00:34:17.912Z] Topic: aquaponic/device/data
[2026-05-23T00:34:17.912Z] Payload: {"mac_address":"ESP:32:AA:BB:CC:01","sensors":{"temperature":25.3,"humidity":80.6,"ph":5.1}}
[2026-05-23T00:34:17.913Z] Runtime Error: Can't add new command when connection is in closed state
[2026-05-23T00:34:17.926Z] temperature: 25.3 saved
[2026-05-23T00:34:17.926Z] humidity => 80.6
[2026-05-23T00:34:17.947Z] humidity: 80.6 saved
[2026-05-23T00:34:17.947Z] ph => 5.1
[2026-05-23T00:34:17.957Z] ph: 5.1 saved
[2026-05-23T00:34:17.967Z] Notification saved
[2026-05-23T00:36:42.192Z] Heartbeat alive
[2026-05-23T00:39:19.469Z] Topic: aquaponic/device/data
[2026-05-23T00:39:19.469Z] Payload: {"mac_address":"ESP:32:AA:BB:CC:01","sensors":{"temperature":27.1,"humidity":37.1,"ph":4.2}}
[2026-05-23T00:39:19.469Z] Runtime Error: Can't add new command when connection is in closed state
[2026-05-23T00:39:19.470Z] Topic: aquaponic/device/data
[2026-05-23T00:39:19.470Z] Payload: {"mac_address":"ESP:32:AA:BB:CC:01","sensors":{"temperature":27.1,"humidity":37.1,"ph":4.2}}
[2026-05-23T00:39:19.472Z] temperature => 27.1
[2026-05-23T00:39:19.491Z] temperature: 27.1 saved
[2026-05-23T00:39:19.491Z] humidity => 37.1
[2026-05-23T00:39:19.499Z] humidity: 37.1 saved
[2026-05-23T00:39:19.517Z] Notification saved
[2026-05-23T00:39:19.517Z] ph => 4.2
[2026-05-23T00:39:19.525Z] ph: 4.2 saved
[2026-05-23T00:39:19.537Z] Notification saved
[2026-05-23T00:41:42.194Z] Heartbeat alive
[2026-05-23T00:44:21.049Z] Topic: aquaponic/device/data
[2026-05-23T00:44:21.050Z] Payload: {"mac_address":"ESP:32:AA:BB:CC:01","sensors":{"temperature":18.9,"humidity":73.2,"ph":4.6}}
[2026-05-23T00:44:21.051Z] Topic: aquaponic/device/data
[2026-05-23T00:44:21.052Z] Payload: {"mac_address":"ESP:32:AA:BB:CC:01","sensors":{"temperature":18.9,"humidity":73.2,"ph":4.6}}
[2026-05-23T00:44:21.052Z] temperature => 18.9
[2026-05-23T00:44:21.052Z] Runtime Error: Can't add new command when connection is in closed state
[2026-05-23T00:44:21.069Z] temperature: 18.9 saved
[2026-05-23T00:44:21.069Z] humidity => 73.2
[2026-05-23T00:44:21.081Z] humidity: 73.2 saved
[2026-05-23T00:44:21.081Z] ph => 4.6
[2026-05-23T00:44:21.098Z] ph: 4.6 saved
[2026-05-23T00:44:21.118Z] Notification saved
[2026-05-23T00:46:42.195Z] Heartbeat alive
[2026-05-23T00:49:22.621Z] Topic: aquaponic/device/data
[2026-05-23T00:49:22.621Z] Payload: {"mac_address":"ESP:32:AA:BB:CC:01","sensors":{"temperature":29.1,"humidity":63.4,"ph":7.8}}
[2026-05-23T00:49:22.622Z] Topic: aquaponic/device/data
[2026-05-23T00:49:22.622Z] Payload: {"mac_address":"ESP:32:AA:BB:CC:01","sensors":{"temperature":29.1,"humidity":63.4,"ph":7.8}}
[2026-05-23T00:49:22.623Z] Runtime Error: Can't add new command when connection is in closed state
[2026-05-23T00:49:22.623Z] temperature => 29.1
[2026-05-23T00:49:22.638Z] temperature: 29.1 saved
[2026-05-23T00:49:22.638Z] humidity => 63.4
[2026-05-23T00:49:22.657Z] humidity: 63.4 saved
[2026-05-23T00:49:22.657Z] ph => 7.8
[2026-05-23T00:49:22.669Z] ph: 7.8 saved
[2026-05-23T00:49:22.683Z] Notification saved
[2026-05-23T00:51:42.195Z] Heartbeat alive
[2026-05-23T00:54:24.079Z] Topic: aquaponic/device/data
[2026-05-23T00:54:24.079Z] Payload: {"mac_address":"ESP:32:AA:BB:CC:01","sensors":{"temperature":33.3,"humidity":80,"ph":7.4}}
[2026-05-23T00:54:24.081Z] Topic: aquaponic/device/data
[2026-05-23T00:54:24.081Z] temperature => 33.3
[2026-05-23T00:54:24.081Z] Payload: {"mac_address":"ESP:32:AA:BB:CC:01","sensors":{"temperature":33.3,"humidity":80,"ph":7.4}}
[2026-05-23T00:54:24.081Z] Runtime Error: Can't add new command when connection is in closed state
[2026-05-23T00:54:24.096Z] temperature: 33.3 saved
[2026-05-23T00:54:24.111Z] Notification saved
[2026-05-23T00:54:24.111Z] humidity => 80
[2026-05-23T00:54:24.120Z] humidity: 80 saved
[2026-05-23T00:54:24.120Z] ph => 7.4
[2026-05-23T00:54:24.130Z] ph: 7.4 saved
[2026-05-23T00:56:42.212Z] Heartbeat alive
[2026-05-23T00:59:25.685Z] Topic: aquaponic/device/data
[2026-05-23T00:59:25.685Z] Payload: {"mac_address":"ESP:32:AA:BB:CC:01","sensors":{"temperature":25.3,"humidity":54.5,"ph":6}}
[2026-05-23T00:59:25.685Z] Topic: aquaponic/device/data
[2026-05-23T00:59:25.686Z] Payload: {"mac_address":"ESP:32:AA:BB:CC:01","sensors":{"temperature":25.3,"humidity":54.5,"ph":6}}
[2026-05-23T00:59:25.686Z] Runtime Error: Can't add new command when connection is in closed state
[2026-05-23T00:59:25.687Z] temperature => 25.3
[2026-05-23T00:59:25.704Z] temperature: 25.3 saved
[2026-05-23T00:59:25.704Z] humidity => 54.5
[2026-05-23T00:59:25.712Z] humidity: 54.5 saved
[2026-05-23T00:59:25.712Z] ph => 6
[2026-05-23T00:59:25.722Z] ph: 6 saved
[2026-05-23T01:01:42.224Z] Heartbeat alive
[2026-05-23T01:04:27.256Z] Topic: aquaponic/device/data
[2026-05-23T01:04:27.256Z] Payload: {"mac_address":"ESP:32:AA:BB:CC:01","sensors":{"temperature":24.1,"humidity":74.1,"ph":5.4}}
[2026-05-23T01:04:27.256Z] Topic: aquaponic/device/data
[2026-05-23T01:04:27.257Z] Payload: {"mac_address":"ESP:32:AA:BB:CC:01","sensors":{"temperature":24.1,"humidity":74.1,"ph":5.4}}
[2026-05-23T01:04:27.257Z] Runtime Error: Can't add new command when connection is in closed state
[2026-05-23T01:04:27.258Z] temperature => 24.1
[2026-05-23T01:04:27.274Z] temperature: 24.1 saved
[2026-05-23T01:04:27.274Z] humidity => 74.1
[2026-05-23T01:04:27.284Z] humidity: 74.1 saved
[2026-05-23T01:04:27.285Z] ph => 5.4
[2026-05-23T01:04:27.294Z] ph: 5.4 saved
[2026-05-23T01:04:27.305Z] Notification saved
[2026-05-23T01:06:42.241Z] Heartbeat alive
[2026-05-23T01:09:28.707Z] Topic: aquaponic/device/data
[2026-05-23T01:09:28.707Z] Payload: {"mac_address":"ESP:32:AA:BB:CC:01","sensors":{"temperature":35.1,"humidity":35.3,"ph":5.4}}
[2026-05-23T01:09:28.708Z] Runtime Error: Can't add new command when connection is in closed state
[2026-05-23T01:09:28.709Z] Topic: aquaponic/device/data
[2026-05-23T01:09:28.709Z] Payload: {"mac_address":"ESP:32:AA:BB:CC:01","sensors":{"temperature":35.1,"humidity":35.3,"ph":5.4}}
[2026-05-23T01:09:28.710Z] temperature => 35.1
[2026-05-23T01:09:28.724Z] temperature: 35.1 saved
[2026-05-23T01:09:28.736Z] Notification saved
[2026-05-23T01:09:28.737Z] humidity => 35.3
[2026-05-23T01:09:28.744Z] humidity: 35.3 saved
[2026-05-23T01:09:28.760Z] Notification saved
[2026-05-23T01:09:28.760Z] ph => 5.4
[2026-05-23T01:09:28.772Z] ph: 5.4 saved
[2026-05-23T01:09:28.785Z] Notification saved
[2026-05-23T01:11:42.256Z] Heartbeat alive
[2026-05-23T01:14:30.062Z] Topic: aquaponic/device/data
[2026-05-23T01:14:30.062Z] Payload: {"mac_address":"ESP:32:AA:BB:CC:01","sensors":{"temperature":35,"humidity":54.9,"ph":7.8}}
[2026-05-23T01:14:30.064Z] temperature => 35
[2026-05-23T01:14:30.066Z] Topic: aquaponic/device/data
[2026-05-23T01:14:30.066Z] Payload: {"mac_address":"ESP:32:AA:BB:CC:01","sensors":{"temperature":35,"humidity":54.9,"ph":7.8}}
[2026-05-23T01:14:30.067Z] Runtime Error: Can't add new command when connection is in closed state
[2026-05-23T01:14:30.078Z] temperature: 35 saved
[2026-05-23T01:14:30.093Z] Notification saved
[2026-05-23T01:14:30.093Z] humidity => 54.9
[2026-05-23T01:14:30.105Z] humidity: 54.9 saved
[2026-05-23T01:14:30.105Z] ph => 7.8
[2026-05-23T01:14:30.126Z] ph: 7.8 saved
[2026-05-23T01:14:30.146Z] Notification saved
[2026-05-23T01:16:42.273Z] Heartbeat alive
[2026-05-23T01:19:31.729Z] Topic: aquaponic/device/data
[2026-05-23T01:19:31.729Z] Payload: {"mac_address":"ESP:32:AA:BB:CC:01","sensors":{"temperature":27.2,"humidity":56.1,"ph":6.9}}
[2026-05-23T01:19:31.731Z] temperature => 27.2
[2026-05-23T01:19:31.731Z] Topic: aquaponic/device/data
[2026-05-23T01:19:31.731Z] Payload: {"mac_address":"ESP:32:AA:BB:CC:01","sensors":{"temperature":27.2,"humidity":56.1,"ph":6.9}}
[2026-05-23T01:19:31.732Z] Runtime Error: Can't add new command when connection is in closed state
[2026-05-23T01:19:31.746Z] temperature: 27.2 saved
[2026-05-23T01:19:31.746Z] humidity => 56.1
[2026-05-23T01:19:31.762Z] humidity: 56.1 saved
[2026-05-23T01:19:31.762Z] ph => 6.9
[2026-05-23T01:19:31.780Z] ph: 6.9 saved
[2026-05-23T01:21:42.288Z] Heartbeat alive
[2026-05-23T01:24:33.193Z] Topic: aquaponic/device/data
[2026-05-23T01:24:33.193Z] Payload: {"mac_address":"ESP:32:AA:BB:CC:01","sensors":{"temperature":30.2,"humidity":58.5,"ph":7.6}}
[2026-05-23T01:24:33.195Z] temperature => 30.2
[2026-05-23T01:24:33.196Z] Topic: aquaponic/device/data
[2026-05-23T01:24:33.196Z] Payload: {"mac_address":"ESP:32:AA:BB:CC:01","sensors":{"temperature":30.2,"humidity":58.5,"ph":7.6}}
[2026-05-23T01:24:33.196Z] Runtime Error: Can't add new command when connection is in closed state
[2026-05-23T01:24:33.206Z] temperature: 30.2 saved
[2026-05-23T01:24:33.206Z] humidity => 58.5
[2026-05-23T01:24:33.231Z] humidity: 58.5 saved
[2026-05-23T01:24:33.231Z] ph => 7.6
[2026-05-23T01:24:33.242Z] ph: 7.6 saved
[2026-05-23T01:24:33.254Z] Notification saved
[2026-05-23T01:26:42.298Z] Heartbeat alive
[2026-05-23T01:29:34.703Z] Topic: aquaponic/device/data
[2026-05-23T01:29:34.703Z] Payload: {"mac_address":"ESP:32:AA:BB:CC:01","sensors":{"temperature":30.4,"humidity":73.6,"ph":4.6}}
[2026-05-23T01:29:34.703Z] Runtime Error: Can't add new command when connection is in closed state
[2026-05-23T01:29:34.705Z] Topic: aquaponic/device/data
[2026-05-23T01:29:34.705Z] Payload: {"mac_address":"ESP:32:AA:BB:CC:01","sensors":{"temperature":30.4,"humidity":73.6,"ph":4.6}}
[2026-05-23T01:29:34.707Z] temperature => 30.4
[2026-05-23T01:29:34.733Z] temperature: 30.4 saved
[2026-05-23T01:29:34.733Z] humidity => 73.6
[2026-05-23T01:29:34.742Z] humidity: 73.6 saved
[2026-05-23T01:29:34.742Z] ph => 4.6
[2026-05-23T01:29:34.756Z] ph: 4.6 saved
[2026-05-23T01:29:34.771Z] Notification saved
[2026-05-23T01:31:42.298Z] Heartbeat alive
[2026-05-23T01:34:36.161Z] Topic: aquaponic/device/data
[2026-05-23T01:34:36.161Z] Payload: {"mac_address":"ESP:32:AA:BB:CC:01","sensors":{"temperature":30.6,"humidity":37.3,"ph":8.5}}
[2026-05-23T01:34:36.162Z] temperature => 30.6
[2026-05-23T01:34:36.165Z] Topic: aquaponic/device/data
[2026-05-23T01:34:36.165Z] Payload: {"mac_address":"ESP:32:AA:BB:CC:01","sensors":{"temperature":30.6,"humidity":37.3,"ph":8.5}}
[2026-05-23T01:34:36.165Z] Runtime Error: Can't add new command when connection is in closed state
[2026-05-23T01:34:36.174Z] temperature: 30.6 saved
[2026-05-23T01:34:36.174Z] humidity => 37.3
[2026-05-23T01:34:36.187Z] humidity: 37.3 saved
[2026-05-23T01:34:36.207Z] Notification saved
[2026-05-23T01:34:36.207Z] ph => 8.5
[2026-05-23T01:34:36.214Z] ph: 8.5 saved
[2026-05-23T01:34:36.222Z] Notification saved
[2026-05-23T01:36:42.306Z] Heartbeat alive
[2026-05-23T01:39:37.707Z] Topic: aquaponic/device/data
[2026-05-23T01:39:37.707Z] Payload: {"mac_address":"ESP:32:AA:BB:CC:01","sensors":{"temperature":25.5,"humidity":58.9,"ph":6.4}}
[2026-05-23T01:39:37.709Z] temperature => 25.5
[2026-05-23T01:39:37.710Z] Topic: aquaponic/device/data
[2026-05-23T01:39:37.710Z] Payload: {"mac_address":"ESP:32:AA:BB:CC:01","sensors":{"temperature":25.5,"humidity":58.9,"ph":6.4}}
[2026-05-23T01:39:37.711Z] Runtime Error: Can't add new command when connection is in closed state
[2026-05-23T01:39:37.726Z] temperature: 25.5 saved
[2026-05-23T01:39:37.726Z] humidity => 58.9
[2026-05-23T01:39:37.741Z] humidity: 58.9 saved
[2026-05-23T01:39:37.741Z] ph => 6.4
[2026-05-23T01:39:37.751Z] ph: 6.4 saved
[2026-05-23T01:41:42.323Z] Heartbeat alive
[2026-05-23T01:46:42.328Z] Heartbeat alive
[2026-05-23T01:51:42.342Z] Heartbeat alive
[2026-05-23T01:56:42.349Z] Heartbeat alive
[2026-05-23T02:01:42.350Z] Heartbeat alive
[2026-05-23T02:06:42.365Z] Heartbeat alive
[2026-05-23T02:11:42.369Z] Heartbeat alive
[2026-05-23T02:16:42.383Z] Heartbeat alive
[2026-05-23T02:21:42.384Z] Heartbeat alive
[2026-05-23T02:26:42.393Z] Heartbeat alive
[2026-05-23T02:31:42.403Z] Heartbeat alive
[2026-05-23T02:36:42.413Z] Heartbeat alive
[2026-05-23T02:41:42.420Z] Heartbeat alive
[2026-05-23T02:46:42.427Z] Heartbeat alive
[2026-05-23T02:51:42.435Z] Heartbeat alive
[2026-05-23T02:56:42.441Z] Heartbeat alive
[2026-05-23T03:01:42.446Z] Heartbeat alive
[2026-05-23T03:06:42.450Z] Heartbeat alive
[2026-05-23T03:11:42.453Z] Heartbeat alive
[2026-05-23T03:16:42.455Z] Heartbeat alive
[2026-05-23T03:21:42.456Z] Heartbeat alive
[2026-05-23T03:26:42.456Z] Heartbeat alive
[2026-05-23T03:31:42.469Z] Heartbeat alive
[2026-05-23T03:36:42.480Z] Heartbeat alive
[2026-05-23T03:41:42.494Z] Heartbeat alive
[2026-05-23T03:46:42.507Z] Heartbeat alive
[2026-05-23T03:51:42.520Z] Heartbeat alive
[2026-05-23T03:56:42.533Z] Heartbeat alive
[2026-05-23T04:01:42.537Z] Heartbeat alive
[2026-05-23T04:06:42.549Z] Heartbeat alive
[2026-05-23T04:11:42.561Z] Heartbeat alive
[2026-05-23T04:16:42.564Z] Heartbeat alive
[2026-05-23T04:21:42.571Z] Heartbeat alive
[2026-05-23T04:26:42.584Z] Heartbeat alive
[2026-05-23T04:31:42.596Z] Heartbeat alive
[2026-05-23T04:36:42.606Z] Heartbeat alive
[2026-05-23T04:41:42.619Z] Heartbeat alive
[2026-05-23T04:46:42.620Z] Heartbeat alive
[2026-05-23T04:51:42.632Z] Heartbeat alive
[2026-05-23T04:56:42.643Z] Heartbeat alive
[2026-05-23T05:01:42.651Z] Heartbeat alive
[2026-05-23T05:06:42.656Z] Heartbeat alive
[2026-05-23T05:11:42.665Z] Heartbeat alive
[2026-05-23T05:15:01.180Z] Topic: aquaponic/device/data
[2026-05-23T05:15:01.180Z] Topic: aquaponic/device/data
[2026-05-23T05:15:01.180Z] Payload: {"mac_address":"ESP:32:AA:BB:CC:01","sensors":{"temperature":17,"humidity":66.4,"ph":7.2}}
[2026-05-23T05:15:01.180Z] Payload: {"mac_address":"ESP:32:AA:BB:CC:01","sensors":{"temperature":17,"humidity":66.4,"ph":7.2}}
[2026-05-23T05:15:01.181Z] Runtime Error: Can't add new command when connection is in closed state
[2026-05-23T05:15:01.185Z] temperature => 17
[2026-05-23T05:15:01.197Z] temperature: 17 saved
[2026-05-23T05:15:01.224Z] Notification saved
[2026-05-23T05:15:01.224Z] humidity => 66.4
[2026-05-23T05:15:01.242Z] humidity: 66.4 saved
[2026-05-23T05:15:01.243Z] ph => 7.2
[2026-05-23T05:15:01.261Z] ph: 7.2 saved
[2026-05-23T05:16:42.672Z] Heartbeat alive
[2026-05-23T05:20:04.157Z] Topic: aquaponic/device/data
[2026-05-23T05:20:04.157Z] Payload: {"mac_address":"ESP:32:AA:BB:CC:01","sensors":{"temperature":30,"humidity":52.4,"ph":6.9}}
[2026-05-23T05:20:04.160Z] Topic: aquaponic/device/data
[2026-05-23T05:20:04.160Z] temperature => 30
[2026-05-23T05:20:04.160Z] Payload: {"mac_address":"ESP:32:AA:BB:CC:01","sensors":{"temperature":30,"humidity":52.4,"ph":6.9}}
[2026-05-23T05:20:04.160Z] Runtime Error: Can't add new command when connection is in closed state
[2026-05-23T05:20:04.183Z] temperature: 30 saved
[2026-05-23T05:20:04.184Z] humidity => 52.4
[2026-05-23T05:20:04.223Z] humidity: 52.4 saved
[2026-05-23T05:20:04.223Z] ph => 6.9
[2026-05-23T05:20:04.245Z] ph: 6.9 saved
[2026-05-23T05:21:42.679Z] Heartbeat alive
[2026-05-23T05:25:06.045Z] Topic: aquaponic/device/data
[2026-05-23T05:25:06.046Z] Payload: {"mac_address":"ESP:32:AA:BB:CC:01","sensors":{"temperature":20.7,"humidity":71.2,"ph":7.2}}
[2026-05-23T05:25:06.047Z] temperature => 20.7
[2026-05-23T05:25:06.047Z] Topic: aquaponic/device/data
[2026-05-23T05:25:06.048Z] Payload: {"mac_address":"ESP:32:AA:BB:CC:01","sensors":{"temperature":20.7,"humidity":71.2,"ph":7.2}}
[2026-05-23T05:25:06.048Z] Runtime Error: Can't add new command when connection is in closed state
[2026-05-23T05:25:06.063Z] temperature: 20.7 saved
[2026-05-23T05:25:06.063Z] humidity => 71.2
[2026-05-23T05:25:06.071Z] humidity: 71.2 saved
[2026-05-23T05:25:06.071Z] ph => 7.2
[2026-05-23T05:25:06.079Z] ph: 7.2 saved
[2026-05-23T05:26:42.685Z] Heartbeat alive
[2026-05-23T05:30:07.728Z] Topic: aquaponic/device/data
[2026-05-23T05:30:07.729Z] Payload: {"mac_address":"ESP:32:AA:BB:CC:01","sensors":{"temperature":25.3,"humidity":71.8,"ph":5}}
[2026-05-23T05:30:07.729Z] Topic: aquaponic/device/data
[2026-05-23T05:30:07.729Z] Payload: {"mac_address":"ESP:32:AA:BB:CC:01","sensors":{"temperature":25.3,"humidity":71.8,"ph":5}}
[2026-05-23T05:30:07.729Z] Runtime Error: Can't add new command when connection is in closed state
[2026-05-23T05:30:07.730Z] temperature => 25.3
[2026-05-23T05:30:07.749Z] temperature: 25.3 saved
[2026-05-23T05:30:07.750Z] humidity => 71.8
[2026-05-23T05:30:07.768Z] humidity: 71.8 saved
[2026-05-23T05:30:07.768Z] ph => 5
[2026-05-23T05:30:07.790Z] ph: 5 saved
[2026-05-23T05:30:07.813Z] Notification saved
[2026-05-23T05:31:42.687Z] Heartbeat alive
[2026-05-23T05:35:09.893Z] Topic: aquaponic/device/data
[2026-05-23T05:35:09.894Z] Payload: {"mac_address":"ESP:32:AA:BB:CC:01","sensors":{"temperature":17.8,"humidity":66.9,"ph":4.9}}
[2026-05-23T05:35:09.894Z] Topic: aquaponic/device/data
[2026-05-23T05:35:09.894Z] Payload: {"mac_address":"ESP:32:AA:BB:CC:01","sensors":{"temperature":17.8,"humidity":66.9,"ph":4.9}}
[2026-05-23T05:35:09.895Z] Runtime Error: Can't add new command when connection is in closed state
[2026-05-23T05:35:09.896Z] temperature => 17.8
[2026-05-23T05:35:09.915Z] temperature: 17.8 saved
[2026-05-23T05:35:09.923Z] Notification saved
[2026-05-23T05:35:09.923Z] humidity => 66.9
[2026-05-23T05:35:09.931Z] humidity: 66.9 saved
[2026-05-23T05:35:09.931Z] ph => 4.9
[2026-05-23T05:35:09.941Z] ph: 4.9 saved
[2026-05-23T05:35:09.952Z] Notification saved
[2026-05-23T05:36:42.691Z] Heartbeat alive
[2026-05-23T05:40:11.572Z] Topic: aquaponic/device/data
[2026-05-23T05:40:11.572Z] Payload: {"mac_address":"ESP:32:AA:BB:CC:01","sensors":{"temperature":29.4,"humidity":74.9,"ph":8.7}}
[2026-05-23T05:40:11.572Z] Topic: aquaponic/device/data
[2026-05-23T05:40:11.572Z] Payload: {"mac_address":"ESP:32:AA:BB:CC:01","sensors":{"temperature":29.4,"humidity":74.9,"ph":8.7}}
[2026-05-23T05:40:11.573Z] Runtime Error: Can't add new command when connection is in closed state
[2026-05-23T05:40:11.575Z] temperature => 29.4
[2026-05-23T05:40:11.589Z] temperature: 29.4 saved
[2026-05-23T05:40:11.589Z] humidity => 74.9
[2026-05-23T05:40:11.607Z] humidity: 74.9 saved
[2026-05-23T05:40:11.607Z] ph => 8.7
[2026-05-23T05:40:11.617Z] ph: 8.7 saved
[2026-05-23T05:40:11.635Z] Notification saved
[2026-05-23T05:41:42.695Z] Heartbeat alive
[2026-05-23T05:45:13.030Z] Topic: aquaponic/device/data
[2026-05-23T05:45:13.030Z] Payload: {"mac_address":"ESP:32:AA:BB:CC:01","sensors":{"temperature":21.8,"humidity":35.7,"ph":4.6}}
[2026-05-23T05:45:13.032Z] temperature => 21.8
[2026-05-23T05:45:13.032Z] Topic: aquaponic/device/data
[2026-05-23T05:45:13.033Z] Payload: {"mac_address":"ESP:32:AA:BB:CC:01","sensors":{"temperature":21.8,"humidity":35.7,"ph":4.6}}
[2026-05-23T05:45:13.033Z] Runtime Error: Can't add new command when connection is in closed state
[2026-05-23T05:45:13.044Z] temperature: 21.8 saved
[2026-05-23T05:45:13.044Z] humidity => 35.7
[2026-05-23T05:45:13.057Z] humidity: 35.7 saved
[2026-05-23T05:45:13.079Z] Notification saved
[2026-05-23T05:45:13.079Z] ph => 4.6
[2026-05-23T05:45:13.087Z] ph: 4.6 saved
[2026-05-23T05:45:13.097Z] Notification saved
[2026-05-23T05:46:42.697Z] Heartbeat alive
[2026-05-23T05:50:14.515Z] Topic: aquaponic/device/data
[2026-05-23T05:50:14.515Z] Payload: {"mac_address":"ESP:32:AA:BB:CC:01","sensors":{"temperature":30,"humidity":59.3,"ph":6.2}}
[2026-05-23T05:50:14.516Z] temperature => 30
[2026-05-23T05:50:14.517Z] Topic: aquaponic/device/data
[2026-05-23T05:50:14.517Z] Payload: {"mac_address":"ESP:32:AA:BB:CC:01","sensors":{"temperature":30,"humidity":59.3,"ph":6.2}}
[2026-05-23T05:50:14.518Z] Runtime Error: Can't add new command when connection is in closed state
[2026-05-23T05:50:14.525Z] temperature: 30 saved
[2026-05-23T05:50:14.525Z] humidity => 59.3
[2026-05-23T05:50:14.546Z] humidity: 59.3 saved
[2026-05-23T05:50:14.546Z] ph => 6.2
[2026-05-23T05:50:14.556Z] ph: 6.2 saved
[2026-05-23T05:51:42.699Z] Heartbeat alive
[2026-05-23T05:55:15.982Z] Topic: aquaponic/device/data
[2026-05-23T05:55:15.982Z] Payload: {"mac_address":"ESP:32:AA:BB:CC:01","sensors":{"temperature":32.5,"humidity":40.6,"ph":4.1}}
[2026-05-23T05:55:15.984Z] temperature => 32.5
[2026-05-23T05:55:16.001Z] temperature: 32.5 saved
[2026-05-23T05:55:16.010Z] Notification saved
[2026-05-23T05:55:16.011Z] humidity => 40.6
[2026-05-23T05:55:16.014Z] Topic: aquaponic/device/data
[2026-05-23T05:55:16.015Z] Payload: {"mac_address":"ESP:32:AA:BB:CC:01","sensors":{"temperature":32.5,"humidity":40.6,"ph":4.1}}
[2026-05-23T05:55:16.015Z] Runtime Error: Can't add new command when connection is in closed state
[2026-05-23T05:55:16.034Z] humidity: 40.6 saved
[2026-05-23T05:55:16.034Z] ph => 4.1
[2026-05-23T05:55:16.067Z] ph: 4.1 saved
[2026-05-23T05:55:16.130Z] Notification saved
[2026-05-23T05:56:42.698Z] Heartbeat alive
[2026-05-23T06:00:17.431Z] Topic: aquaponic/device/data
[2026-05-23T06:00:17.431Z] Payload: {"mac_address":"ESP:32:AA:BB:CC:01","sensors":{"temperature":17.6,"humidity":48.6,"ph":8.8}}
[2026-05-23T06:00:17.433Z] Topic: aquaponic/device/data
[2026-05-23T06:00:17.433Z] Payload: {"mac_address":"ESP:32:AA:BB:CC:01","sensors":{"temperature":17.6,"humidity":48.6,"ph":8.8}}
[2026-05-23T06:00:17.433Z] temperature => 17.6
[2026-05-23T06:00:17.433Z] Runtime Error: Can't add new command when connection is in closed state
[2026-05-23T06:00:17.446Z] temperature: 17.6 saved
[2026-05-23T06:00:17.460Z] Notification saved
[2026-05-23T06:00:17.460Z] humidity => 48.6
[2026-05-23T06:00:17.468Z] humidity: 48.6 saved
[2026-05-23T06:00:17.468Z] ph => 8.8
[2026-05-23T06:00:17.488Z] ph: 8.8 saved
[2026-05-23T06:00:17.498Z] Notification saved
[2026-05-23T06:01:42.708Z] Heartbeat alive
[2026-05-23T06:05:18.822Z] Topic: aquaponic/device/data
[2026-05-23T06:05:18.822Z] Payload: {"mac_address":"ESP:32:AA:BB:CC:01","sensors":{"temperature":29.3,"humidity":50.3,"ph":7.9}}
[2026-05-23T06:05:18.824Z] Topic: aquaponic/device/data
[2026-05-23T06:05:18.824Z] Payload: {"mac_address":"ESP:32:AA:BB:CC:01","sensors":{"temperature":29.3,"humidity":50.3,"ph":7.9}}
[2026-05-23T06:05:18.824Z] temperature => 29.3
[2026-05-23T06:05:18.825Z] Runtime Error: Can't add new command when connection is in closed state
[2026-05-23T06:05:18.844Z] temperature: 29.3 saved
[2026-05-23T06:05:18.844Z] humidity => 50.3
[2026-05-23T06:05:18.854Z] humidity: 50.3 saved
[2026-05-23T06:05:18.854Z] ph => 7.9
[2026-05-23T06:05:18.862Z] ph: 7.9 saved
[2026-05-23T06:05:18.871Z] Notification saved
[2026-05-23T06:06:42.717Z] Heartbeat alive
[2026-05-23T06:10:20.371Z] Topic: aquaponic/device/data
[2026-05-23T06:10:20.371Z] Payload: {"mac_address":"ESP:32:AA:BB:CC:01","sensors":{"temperature":29.1,"humidity":30.8,"ph":8.1}}
[2026-05-23T06:10:20.373Z] temperature => 29.1
[2026-05-23T06:10:20.374Z] Topic: aquaponic/device/data
[2026-05-23T06:10:20.374Z] Payload: {"mac_address":"ESP:32:AA:BB:CC:01","sensors":{"temperature":29.1,"humidity":30.8,"ph":8.1}}
[2026-05-23T06:10:20.374Z] Runtime Error: Can't add new command when connection is in closed state
[2026-05-23T06:10:20.384Z] temperature: 29.1 saved
[2026-05-23T06:10:20.385Z] humidity => 30.8
[2026-05-23T06:10:20.399Z] humidity: 30.8 saved
[2026-05-23T06:10:20.421Z] Notification saved
[2026-05-23T06:10:20.421Z] ph => 8.1
[2026-05-23T06:10:20.430Z] ph: 8.1 saved
[2026-05-23T06:10:20.438Z] Notification saved
[2026-05-23T06:11:42.722Z] Heartbeat alive
[2026-05-23T06:15:23.189Z] Topic: aquaponic/device/data
[2026-05-23T06:15:23.189Z] Payload: {"mac_address":"ESP:32:AA:BB:CC:01","sensors":{"temperature":19.1,"humidity":93.1,"ph":4.2}}
[2026-05-23T06:15:23.190Z] temperature => 19.1
[2026-05-23T06:15:23.191Z] Topic: aquaponic/device/data
[2026-05-23T06:15:23.191Z] Payload: {"mac_address":"ESP:32:AA:BB:CC:01","sensors":{"temperature":19.1,"humidity":93.1,"ph":4.2}}
[2026-05-23T06:15:23.192Z] Runtime Error: Can't add new command when connection is in closed state
[2026-05-23T06:15:23.200Z] temperature: 19.1 saved
[2026-05-23T06:15:23.200Z] humidity => 93.1
[2026-05-23T06:15:23.212Z] humidity: 93.1 saved
[2026-05-23T06:15:23.220Z] Notification saved
[2026-05-23T06:15:23.220Z] ph => 4.2
[2026-05-23T06:15:23.239Z] ph: 4.2 saved
[2026-05-23T06:15:23.247Z] Notification saved
[2026-05-23T06:16:42.731Z] Heartbeat alive
[2026-05-23T06:20:25.824Z] Topic: aquaponic/device/data
[2026-05-23T06:20:25.824Z] Payload: {"mac_address":"ESP:32:AA:BB:CC:01","sensors":{"temperature":21.3,"humidity":47.5,"ph":6.2}}
[2026-05-23T06:20:25.826Z] Topic: aquaponic/device/data
[2026-05-23T06:20:25.826Z] Payload: {"mac_address":"ESP:32:AA:BB:CC:01","sensors":{"temperature":21.3,"humidity":47.5,"ph":6.2}}
[2026-05-23T06:20:25.826Z] temperature => 21.3
[2026-05-23T06:20:25.826Z] Runtime Error: Can't add new command when connection is in closed state
[2026-05-23T06:20:25.849Z] temperature: 21.3 saved
[2026-05-23T06:20:25.850Z] humidity => 47.5
[2026-05-23T06:20:25.860Z] humidity: 47.5 saved
[2026-05-23T06:20:25.860Z] ph => 6.2
[2026-05-23T06:20:25.869Z] ph: 6.2 saved
[2026-05-23T06:21:42.738Z] Heartbeat alive
[2026-05-23T06:25:27.460Z] Topic: aquaponic/device/data
[2026-05-23T06:25:27.460Z] Payload: {"mac_address":"ESP:32:AA:BB:CC:01","sensors":{"temperature":19.6,"humidity":68.1,"ph":8.2}}
[2026-05-23T06:25:27.462Z] temperature => 19.6
[2026-05-23T06:25:27.464Z] Topic: aquaponic/device/data
[2026-05-23T06:25:27.464Z] Payload: {"mac_address":"ESP:32:AA:BB:CC:01","sensors":{"temperature":19.6,"humidity":68.1,"ph":8.2}}
[2026-05-23T06:25:27.464Z] Runtime Error: Can't add new command when connection is in closed state
[2026-05-23T06:25:27.484Z] temperature: 19.6 saved
[2026-05-23T06:25:27.485Z] humidity => 68.1
[2026-05-23T06:25:27.493Z] humidity: 68.1 saved
[2026-05-23T06:25:27.493Z] ph => 8.2
[2026-05-23T06:25:27.502Z] ph: 8.2 saved
[2026-05-23T06:25:27.514Z] Notification saved
[2026-05-23T06:26:42.747Z] Heartbeat alive
[2026-05-23T06:30:29.016Z] Topic: aquaponic/device/data
[2026-05-23T06:30:29.017Z] Payload: {"mac_address":"ESP:32:AA:BB:CC:01","sensors":{"temperature":32.4,"humidity":59.9,"ph":8}}
[2026-05-23T06:30:29.018Z] temperature => 32.4
[2026-05-23T06:30:29.024Z] Topic: aquaponic/device/data
[2026-05-23T06:30:29.024Z] Payload: {"mac_address":"ESP:32:AA:BB:CC:01","sensors":{"temperature":32.4,"humidity":59.9,"ph":8}}
[2026-05-23T06:30:29.024Z] Runtime Error: Can't add new command when connection is in closed state
[2026-05-23T06:30:29.031Z] temperature: 32.4 saved
[2026-05-23T06:30:29.041Z] Notification saved
[2026-05-23T06:30:29.041Z] humidity => 59.9
[2026-05-23T06:30:29.059Z] humidity: 59.9 saved
[2026-05-23T06:30:29.059Z] ph => 8
[2026-05-23T06:30:29.066Z] ph: 8 saved
[2026-05-23T06:30:29.076Z] Notification saved
[2026-05-23T06:31:42.748Z] Heartbeat alive
[2026-05-23T06:35:30.716Z] Topic: aquaponic/device/data
[2026-05-23T06:35:30.716Z] Payload: {"mac_address":"ESP:32:AA:BB:CC:01","sensors":{"temperature":23.5,"humidity":50.3,"ph":7.1}}
[2026-05-23T06:35:30.718Z] Topic: aquaponic/device/data
[2026-05-23T06:35:30.718Z] Payload: {"mac_address":"ESP:32:AA:BB:CC:01","sensors":{"temperature":23.5,"humidity":50.3,"ph":7.1}}
[2026-05-23T06:35:30.718Z] temperature => 23.5
[2026-05-23T06:35:30.718Z] Runtime Error: Can't add new command when connection is in closed state
[2026-05-23T06:35:30.730Z] temperature: 23.5 saved
[2026-05-23T06:35:30.730Z] humidity => 50.3
[2026-05-23T06:35:30.737Z] humidity: 50.3 saved
[2026-05-23T06:35:30.737Z] ph => 7.1
[2026-05-23T06:35:30.753Z] ph: 7.1 saved
[2026-05-23T06:36:42.756Z] Heartbeat alive
[2026-05-23T06:40:32.274Z] Topic: aquaponic/device/data
[2026-05-23T06:40:32.275Z] Payload: {"mac_address":"ESP:32:AA:BB:CC:01","sensors":{"temperature":25.5,"humidity":36.5,"ph":5.3}}
[2026-05-23T06:40:32.276Z] temperature => 25.5
[2026-05-23T06:40:32.277Z] Topic: aquaponic/device/data
[2026-05-23T06:40:32.277Z] Payload: {"mac_address":"ESP:32:AA:BB:CC:01","sensors":{"temperature":25.5,"humidity":36.5,"ph":5.3}}
[2026-05-23T06:40:32.277Z] Runtime Error: Can't add new command when connection is in closed state
[2026-05-23T06:40:32.290Z] temperature: 25.5 saved
[2026-05-23T06:40:32.291Z] humidity => 36.5
[2026-05-23T06:40:32.298Z] humidity: 36.5 saved
[2026-05-23T06:40:32.308Z] Notification saved
[2026-05-23T06:40:32.309Z] ph => 5.3
[2026-05-23T06:40:32.327Z] ph: 5.3 saved
[2026-05-23T06:40:32.339Z] Notification saved
[2026-05-23T06:41:42.764Z] Heartbeat alive
[2026-05-23T06:45:33.563Z] Topic: aquaponic/device/data
[2026-05-23T06:45:33.563Z] Payload: {"mac_address":"ESP:32:AA:BB:CC:01","sensors":{"temperature":20.2,"humidity":30.4,"ph":7.8}}
[2026-05-23T06:45:33.565Z] temperature => 20.2
[2026-05-23T06:45:33.568Z] Topic: aquaponic/device/data
[2026-05-23T06:45:33.568Z] Payload: {"mac_address":"ESP:32:AA:BB:CC:01","sensors":{"temperature":20.2,"humidity":30.4,"ph":7.8}}
[2026-05-23T06:45:33.568Z] Runtime Error: Can't add new command when connection is in closed state
[2026-05-23T06:45:33.581Z] temperature: 20.2 saved
[2026-05-23T06:45:33.581Z] humidity => 30.4
[2026-05-23T06:45:33.592Z] humidity: 30.4 saved
[2026-05-23T06:45:33.602Z] Notification saved
[2026-05-23T06:45:33.602Z] ph => 7.8
[2026-05-23T06:45:33.613Z] ph: 7.8 saved
[2026-05-23T06:45:33.640Z] Notification saved
[2026-05-23T06:46:42.769Z] Heartbeat alive
[2026-05-23T06:50:35.028Z] Topic: aquaponic/device/data
[2026-05-23T06:50:35.029Z] Payload: {"mac_address":"ESP:32:AA:BB:CC:01","sensors":{"temperature":25.4,"humidity":58,"ph":6.3}}
[2026-05-23T06:50:35.030Z] temperature => 25.4
[2026-05-23T06:50:35.034Z] Topic: aquaponic/device/data
[2026-05-23T06:50:35.034Z] Payload: {"mac_address":"ESP:32:AA:BB:CC:01","sensors":{"temperature":25.4,"humidity":58,"ph":6.3}}
[2026-05-23T06:50:35.035Z] Runtime Error: Can't add new command when connection is in closed state
[2026-05-23T06:50:35.054Z] temperature: 25.4 saved
[2026-05-23T06:50:35.054Z] humidity => 58
[2026-05-23T06:50:35.069Z] humidity: 58 saved
[2026-05-23T06:50:35.069Z] ph => 6.3
[2026-05-23T06:50:35.081Z] ph: 6.3 saved
[2026-05-23T06:51:42.773Z] Heartbeat alive
[2026-05-23T06:55:36.596Z] Topic: aquaponic/device/data
[2026-05-23T06:55:36.596Z] Payload: {"mac_address":"ESP:32:AA:BB:CC:01","sensors":{"temperature":27.8,"humidity":31.2,"ph":6}}
[2026-05-23T06:55:36.598Z] Topic: aquaponic/device/data
[2026-05-23T06:55:36.598Z] temperature => 27.8
[2026-05-23T06:55:36.598Z] Payload: {"mac_address":"ESP:32:AA:BB:CC:01","sensors":{"temperature":27.8,"humidity":31.2,"ph":6}}
[2026-05-23T06:55:36.599Z] Runtime Error: Can't add new command when connection is in closed state
[2026-05-23T06:55:36.614Z] temperature: 27.8 saved
[2026-05-23T06:55:36.614Z] humidity => 31.2
[2026-05-23T06:55:36.627Z] humidity: 31.2 saved
[2026-05-23T06:55:36.636Z] Notification saved
[2026-05-23T06:55:36.636Z] ph => 6
[2026-05-23T06:55:36.655Z] ph: 6 saved
[2026-05-23T06:56:42.778Z] Heartbeat alive
[2026-05-23T07:00:38.046Z] Topic: aquaponic/device/data
[2026-05-23T07:00:38.046Z] Payload: {"mac_address":"ESP:32:AA:BB:CC:01","sensors":{"temperature":20.3,"humidity":46.1,"ph":6}}
[2026-05-23T07:00:38.048Z] temperature => 20.3
[2026-05-23T07:00:38.048Z] Topic: aquaponic/device/data
[2026-05-23T07:00:38.048Z] Payload: {"mac_address":"ESP:32:AA:BB:CC:01","sensors":{"temperature":20.3,"humidity":46.1,"ph":6}}
[2026-05-23T07:00:38.049Z] Runtime Error: Can't add new command when connection is in closed state
[2026-05-23T07:00:38.085Z] temperature: 20.3 saved
[2026-05-23T07:00:38.085Z] humidity => 46.1
[2026-05-23T07:00:38.103Z] humidity: 46.1 saved
[2026-05-23T07:00:38.104Z] ph => 6
[2026-05-23T07:00:38.121Z] ph: 6 saved
[2026-05-23T07:01:42.786Z] Heartbeat alive
[2026-05-23T07:05:39.412Z] Topic: aquaponic/device/data
[2026-05-23T07:05:39.412Z] Payload: {"mac_address":"ESP:32:AA:BB:CC:01","sensors":{"temperature":16,"humidity":40,"ph":8.8}}
[2026-05-23T07:05:39.414Z] temperature => 16
[2026-05-23T07:05:39.416Z] Topic: aquaponic/device/data
[2026-05-23T07:05:39.416Z] Payload: {"mac_address":"ESP:32:AA:BB:CC:01","sensors":{"temperature":16,"humidity":40,"ph":8.8}}
[2026-05-23T07:05:39.417Z] Runtime Error: Can't add new command when connection is in closed state
[2026-05-23T07:05:39.425Z] temperature: 16 saved
[2026-05-23T07:05:39.463Z] Notification saved
[2026-05-23T07:05:39.463Z] humidity => 40
[2026-05-23T07:05:39.473Z] humidity: 40 saved
[2026-05-23T07:05:39.473Z] ph => 8.8
[2026-05-23T07:05:39.485Z] ph: 8.8 saved
[2026-05-23T07:05:39.498Z] Notification saved
[2026-05-23T07:06:42.794Z] Heartbeat alive
[2026-05-23T07:10:44.197Z] Topic: aquaponic/device/data
[2026-05-23T07:10:44.197Z] Payload: {"mac_address":"ESP:32:AA:BB:CC:01","sensors":{"temperature":35.1,"humidity":77.8,"ph":4.2}}
[2026-05-23T07:10:44.199Z] temperature => 35.1
[2026-05-23T07:10:44.204Z] Topic: aquaponic/device/data
[2026-05-23T07:10:44.205Z] Payload: {"mac_address":"ESP:32:AA:BB:CC:01","sensors":{"temperature":35.1,"humidity":77.8,"ph":4.2}}
[2026-05-23T07:10:44.205Z] Runtime Error: Can't add new command when connection is in closed state
[2026-05-23T07:10:44.222Z] temperature: 35.1 saved
[2026-05-23T07:10:44.233Z] Notification saved
[2026-05-23T07:10:44.233Z] humidity => 77.8
[2026-05-23T07:10:44.258Z] humidity: 77.8 saved
[2026-05-23T07:10:44.258Z] ph => 4.2
[2026-05-23T07:10:44.276Z] ph: 4.2 saved
[2026-05-23T07:10:44.292Z] Notification saved
[2026-05-23T07:11:42.802Z] Heartbeat alive
[2026-05-23T07:15:45.685Z] Topic: aquaponic/device/data
[2026-05-23T07:15:45.685Z] Payload: {"mac_address":"ESP:32:AA:BB:CC:01","sensors":{"temperature":16,"humidity":92.9,"ph":4.2}}
[2026-05-23T07:15:45.687Z] temperature => 16
[2026-05-23T07:15:45.689Z] Topic: aquaponic/device/data
[2026-05-23T07:15:45.689Z] Payload: {"mac_address":"ESP:32:AA:BB:CC:01","sensors":{"temperature":16,"humidity":92.9,"ph":4.2}}
[2026-05-23T07:15:45.689Z] Runtime Error: Can't add new command when connection is in closed state
[2026-05-23T07:15:45.706Z] temperature: 16 saved
[2026-05-23T07:15:45.718Z] Notification saved
[2026-05-23T07:15:45.719Z] humidity => 92.9
[2026-05-23T07:15:45.729Z] humidity: 92.9 saved
[2026-05-23T07:15:45.738Z] Notification saved
[2026-05-23T07:15:45.738Z] ph => 4.2
[2026-05-23T07:15:45.751Z] ph: 4.2 saved
[2026-05-23T07:15:45.764Z] Notification saved
[2026-05-23T07:16:42.810Z] Heartbeat alive
[2026-05-23T07:20:47.410Z] Topic: aquaponic/device/data
[2026-05-23T07:20:47.411Z] Payload: {"mac_address":"ESP:32:AA:BB:CC:01","sensors":{"temperature":21.2,"humidity":54.5,"ph":8.5}}
[2026-05-23T07:20:47.412Z] temperature => 21.2
[2026-05-23T07:20:47.413Z] Topic: aquaponic/device/data
[2026-05-23T07:20:47.414Z] Payload: {"mac_address":"ESP:32:AA:BB:CC:01","sensors":{"temperature":21.2,"humidity":54.5,"ph":8.5}}
[2026-05-23T07:20:47.414Z] Runtime Error: Can't add new command when connection is in closed state
[2026-05-23T07:20:47.429Z] temperature: 21.2 saved
[2026-05-23T07:20:47.429Z] humidity => 54.5
[2026-05-23T07:20:47.446Z] humidity: 54.5 saved
[2026-05-23T07:20:47.446Z] ph => 8.5
[2026-05-23T07:20:47.463Z] ph: 8.5 saved
[2026-05-23T07:20:47.474Z] Notification saved
[2026-05-23T07:21:42.815Z] Heartbeat alive
[2026-05-23T07:25:49.077Z] Topic: aquaponic/device/data
[2026-05-23T07:25:49.077Z] Payload: {"mac_address":"ESP:32:AA:BB:CC:01","sensors":{"temperature":17.2,"humidity":32.6,"ph":7.7}}
[2026-05-23T07:25:49.079Z] temperature => 17.2
[2026-05-23T07:25:49.080Z] Topic: aquaponic/device/data
[2026-05-23T07:25:49.081Z] Payload: {"mac_address":"ESP:32:AA:BB:CC:01","sensors":{"temperature":17.2,"humidity":32.6,"ph":7.7}}
[2026-05-23T07:25:49.081Z] Runtime Error: Can't add new command when connection is in closed state
[2026-05-23T07:25:49.088Z] temperature: 17.2 saved
[2026-05-23T07:25:49.109Z] Notification saved
[2026-05-23T07:25:49.109Z] humidity => 32.6
[2026-05-23T07:25:49.122Z] humidity: 32.6 saved
[2026-05-23T07:25:49.137Z] Notification saved
[2026-05-23T07:25:49.137Z] ph => 7.7
[2026-05-23T07:25:49.155Z] ph: 7.7 saved
[2026-05-23T07:25:49.166Z] Notification saved
[2026-05-23T07:26:42.819Z] Heartbeat alive
[2026-05-23T07:30:50.763Z] Topic: aquaponic/device/data
[2026-05-23T07:30:50.763Z] Payload: {"mac_address":"ESP:32:AA:BB:CC:01","sensors":{"temperature":17.5,"humidity":36.5,"ph":8.8}}
[2026-05-23T07:30:50.765Z] temperature => 17.5
[2026-05-23T07:30:50.765Z] Topic: aquaponic/device/data
[2026-05-23T07:30:50.766Z] Payload: {"mac_address":"ESP:32:AA:BB:CC:01","sensors":{"temperature":17.5,"humidity":36.5,"ph":8.8}}
[2026-05-23T07:30:50.766Z] Runtime Error: Can't add new command when connection is in closed state
[2026-05-23T07:30:50.781Z] temperature: 17.5 saved
[2026-05-23T07:30:50.795Z] Notification saved
[2026-05-23T07:30:50.795Z] humidity => 36.5
[2026-05-23T07:30:50.810Z] humidity: 36.5 saved
[2026-05-23T07:30:50.824Z] Notification saved
[2026-05-23T07:30:50.825Z] ph => 8.8
[2026-05-23T07:30:50.843Z] ph: 8.8 saved
[2026-05-23T07:30:50.850Z] Notification saved
[2026-05-23T07:31:42.826Z] Heartbeat alive
[2026-05-23T07:35:52.265Z] Topic: aquaponic/device/data
[2026-05-23T07:35:52.265Z] Payload: {"mac_address":"ESP:32:AA:BB:CC:01","sensors":{"temperature":18,"humidity":44.1,"ph":6.5}}
[2026-05-23T07:35:52.267Z] temperature => 18
[2026-05-23T07:35:52.268Z] Topic: aquaponic/device/data
[2026-05-23T07:35:52.268Z] Payload: {"mac_address":"ESP:32:AA:BB:CC:01","sensors":{"temperature":18,"humidity":44.1,"ph":6.5}}
[2026-05-23T07:35:52.269Z] Runtime Error: Can't add new command when connection is in closed state
[2026-05-23T07:35:52.290Z] temperature: 18 saved
[2026-05-23T07:35:52.290Z] humidity => 44.1
[2026-05-23T07:35:52.300Z] humidity: 44.1 saved
[2026-05-23T07:35:52.300Z] ph => 6.5
[2026-05-23T07:35:52.311Z] ph: 6.5 saved
[2026-05-23T07:36:42.833Z] Heartbeat alive
[2026-05-23T07:40:53.678Z] Topic: aquaponic/device/data
[2026-05-23T07:40:53.678Z] Payload: {"mac_address":"ESP:32:AA:BB:CC:01","sensors":{"temperature":19.4,"humidity":83.6,"ph":8.9}}
[2026-05-23T07:40:53.679Z] Topic: aquaponic/device/data
[2026-05-23T07:40:53.680Z] Payload: {"mac_address":"ESP:32:AA:BB:CC:01","sensors":{"temperature":19.4,"humidity":83.6,"ph":8.9}}
[2026-05-23T07:40:53.680Z] temperature => 19.4
[2026-05-23T07:40:53.680Z] Runtime Error: Can't add new command when connection is in closed state
[2026-05-23T07:40:53.689Z] temperature: 19.4 saved
[2026-05-23T07:40:53.690Z] humidity => 83.6
[2026-05-23T07:40:53.707Z] humidity: 83.6 saved
[2026-05-23T07:40:53.707Z] ph => 8.9
[2026-05-23T07:40:53.728Z] ph: 8.9 saved
[2026-05-23T07:40:53.745Z] Notification saved
[2026-05-23T07:41:42.841Z] Heartbeat alive
[2026-05-23T07:45:55.248Z] Topic: aquaponic/device/data
[2026-05-23T07:45:55.248Z] Payload: {"mac_address":"ESP:32:AA:BB:CC:01","sensors":{"temperature":21.6,"humidity":60.3,"ph":8}}
[2026-05-23T07:45:55.249Z] Topic: aquaponic/device/data
[2026-05-23T07:45:55.249Z] Payload: {"mac_address":"ESP:32:AA:BB:CC:01","sensors":{"temperature":21.6,"humidity":60.3,"ph":8}}
[2026-05-23T07:45:55.249Z] Runtime Error: Can't add new command when connection is in closed state
[2026-05-23T07:45:55.251Z] temperature => 21.6
[2026-05-23T07:45:55.261Z] temperature: 21.6 saved
[2026-05-23T07:45:55.261Z] humidity => 60.3
[2026-05-23T07:45:55.271Z] humidity: 60.3 saved
[2026-05-23T07:45:55.271Z] ph => 8
[2026-05-23T07:45:55.289Z] ph: 8 saved
[2026-05-23T07:45:55.311Z] Notification saved
[2026-05-23T07:46:42.849Z] Heartbeat alive
[2026-05-23T07:50:56.612Z] Topic: aquaponic/device/data
[2026-05-23T07:50:56.612Z] Payload: {"mac_address":"ESP:32:AA:BB:CC:01","sensors":{"temperature":31.1,"humidity":72.4,"ph":8.5}}
[2026-05-23T07:50:56.614Z] temperature => 31.1
[2026-05-23T07:50:56.618Z] Topic: aquaponic/device/data
[2026-05-23T07:50:56.619Z] Payload: {"mac_address":"ESP:32:AA:BB:CC:01","sensors":{"temperature":31.1,"humidity":72.4,"ph":8.5}}
[2026-05-23T07:50:56.619Z] Runtime Error: Can't add new command when connection is in closed state
[2026-05-23T07:50:56.630Z] temperature: 31.1 saved
[2026-05-23T07:50:56.630Z] humidity => 72.4
[2026-05-23T07:50:56.642Z] humidity: 72.4 saved
[2026-05-23T07:50:56.642Z] ph => 8.5
[2026-05-23T07:50:56.662Z] ph: 8.5 saved
[2026-05-23T07:50:56.674Z] Notification saved
[2026-05-23T07:51:42.856Z] Heartbeat alive
[2026-05-23T07:55:58.080Z] Topic: aquaponic/device/data
[2026-05-23T07:55:58.080Z] Payload: {"mac_address":"ESP:32:AA:BB:CC:01","sensors":{"temperature":16.5,"humidity":82.3,"ph":7}}
[2026-05-23T07:55:58.082Z] Topic: aquaponic/device/data
[2026-05-23T07:55:58.082Z] Payload: {"mac_address":"ESP:32:AA:BB:CC:01","sensors":{"temperature":16.5,"humidity":82.3,"ph":7}}
[2026-05-23T07:55:58.083Z] Runtime Error: Can't add new command when connection is in closed state
[2026-05-23T07:55:58.083Z] temperature => 16.5
[2026-05-23T07:55:58.107Z] temperature: 16.5 saved
[2026-05-23T07:55:58.123Z] Notification saved
[2026-05-23T07:55:58.123Z] humidity => 82.3
[2026-05-23T07:55:58.131Z] humidity: 82.3 saved
[2026-05-23T07:55:58.131Z] ph => 7
[2026-05-23T07:55:58.144Z] ph: 7 saved
[2026-05-23T07:56:42.862Z] Heartbeat alive
[2026-05-23T08:00:59.788Z] Topic: aquaponic/device/data
[2026-05-23T08:00:59.788Z] Payload: {"mac_address":"ESP:32:AA:BB:CC:01","sensors":{"temperature":26.9,"humidity":34,"ph":4.6}}
[2026-05-23T08:00:59.790Z] temperature => 26.9
[2026-05-23T08:00:59.790Z] Topic: aquaponic/device/data
[2026-05-23T08:00:59.790Z] Payload: {"mac_address":"ESP:32:AA:BB:CC:01","sensors":{"temperature":26.9,"humidity":34,"ph":4.6}}
[2026-05-23T08:00:59.791Z] Runtime Error: Can't add new command when connection is in closed state
[2026-05-23T08:00:59.806Z] temperature: 26.9 saved
[2026-05-23T08:00:59.806Z] humidity => 34
[2026-05-23T08:00:59.822Z] humidity: 34 saved
[2026-05-23T08:00:59.831Z] Notification saved
[2026-05-23T08:00:59.831Z] ph => 4.6
[2026-05-23T08:00:59.840Z] ph: 4.6 saved
[2026-05-23T08:00:59.850Z] Notification saved
[2026-05-23T08:01:42.867Z] Heartbeat alive
[2026-05-23T08:06:01.164Z] Topic: aquaponic/device/data
[2026-05-23T08:06:01.164Z] Payload: {"mac_address":"ESP:32:AA:BB:CC:01","sensors":{"temperature":21.6,"humidity":33,"ph":4.8}}
[2026-05-23T08:06:01.166Z] temperature => 21.6
[2026-05-23T08:06:01.174Z] Topic: aquaponic/device/data
[2026-05-23T08:06:01.174Z] Payload: {"mac_address":"ESP:32:AA:BB:CC:01","sensors":{"temperature":21.6,"humidity":33,"ph":4.8}}
[2026-05-23T08:06:01.175Z] Runtime Error: Can't add new command when connection is in closed state
[2026-05-23T08:06:01.179Z] temperature: 21.6 saved
[2026-05-23T08:06:01.179Z] humidity => 33
[2026-05-23T08:06:01.193Z] humidity: 33 saved
[2026-05-23T08:06:01.213Z] Notification saved
[2026-05-23T08:06:01.213Z] ph => 4.8
[2026-05-23T08:06:01.231Z] ph: 4.8 saved
[2026-05-23T08:06:01.249Z] Notification saved
[2026-05-23T08:06:42.871Z] Heartbeat alive
[2026-05-23T08:11:02.605Z] Topic: aquaponic/device/data
[2026-05-23T08:11:02.606Z] Payload: {"mac_address":"ESP:32:AA:BB:CC:01","sensors":{"temperature":15.9,"humidity":53.1,"ph":7.7}}
[2026-05-23T08:11:02.608Z] temperature => 15.9
[2026-05-23T08:11:02.611Z] Topic: aquaponic/device/data
[2026-05-23T08:11:02.611Z] Payload: {"mac_address":"ESP:32:AA:BB:CC:01","sensors":{"temperature":15.9,"humidity":53.1,"ph":7.7}}
[2026-05-23T08:11:02.612Z] Runtime Error: Can't add new command when connection is in closed state
[2026-05-23T08:11:02.623Z] temperature: 15.9 saved
[2026-05-23T08:11:02.658Z] Notification saved
[2026-05-23T08:11:02.658Z] humidity => 53.1
[2026-05-23T08:11:02.678Z] humidity: 53.1 saved
[2026-05-23T08:11:02.679Z] ph => 7.7
[2026-05-23T08:11:02.700Z] ph: 7.7 saved
[2026-05-23T08:11:02.738Z] Notification saved
[2026-05-23T08:11:42.874Z] Heartbeat alive
[2026-05-23T08:16:04.309Z] Topic: aquaponic/device/data
[2026-05-23T08:16:04.309Z] Payload: {"mac_address":"ESP:32:AA:BB:CC:01","sensors":{"temperature":22.3,"humidity":46.5,"ph":8}}
[2026-05-23T08:16:04.311Z] Topic: aquaponic/device/data
[2026-05-23T08:16:04.311Z] Payload: {"mac_address":"ESP:32:AA:BB:CC:01","sensors":{"temperature":22.3,"humidity":46.5,"ph":8}}
[2026-05-23T08:16:04.312Z] Runtime Error: Can't add new command when connection is in closed state
[2026-05-23T08:16:04.312Z] temperature => 22.3
[2026-05-23T08:16:04.330Z] temperature: 22.3 saved
[2026-05-23T08:16:04.331Z] humidity => 46.5
[2026-05-23T08:16:04.341Z] humidity: 46.5 saved
[2026-05-23T08:16:04.341Z] ph => 8
[2026-05-23T08:16:04.360Z] ph: 8 saved
[2026-05-23T08:16:04.372Z] Notification saved
[2026-05-23T08:16:42.876Z] Heartbeat alive
[2026-05-23T08:21:05.836Z] Topic: aquaponic/device/data
[2026-05-23T08:21:05.836Z] Topic: aquaponic/device/data
[2026-05-23T08:21:05.836Z] Payload: {"mac_address":"ESP:32:AA:BB:CC:01","sensors":{"temperature":20.6,"humidity":39.3,"ph":5.8}}
[2026-05-23T08:21:05.836Z] Payload: {"mac_address":"ESP:32:AA:BB:CC:01","sensors":{"temperature":20.6,"humidity":39.3,"ph":5.8}}
[2026-05-23T08:21:05.837Z] Runtime Error: Can't add new command when connection is in closed state
[2026-05-23T08:21:05.838Z] temperature => 20.6
[2026-05-23T08:21:05.849Z] temperature: 20.6 saved
[2026-05-23T08:21:05.849Z] humidity => 39.3
[2026-05-23T08:21:05.869Z] humidity: 39.3 saved
[2026-05-23T08:21:05.880Z] Notification saved
[2026-05-23T08:21:05.880Z] ph => 5.8
[2026-05-23T08:21:05.900Z] ph: 5.8 saved
[2026-05-23T08:21:42.878Z] Heartbeat alive
[2026-05-23T08:26:07.430Z] Topic: aquaponic/device/data
[2026-05-23T08:26:07.430Z] Payload: {"mac_address":"ESP:32:AA:BB:CC:01","sensors":{"temperature":33.4,"humidity":49.9,"ph":4.6}}
[2026-05-23T08:26:07.432Z] Topic: aquaponic/device/data
[2026-05-23T08:26:07.432Z] Payload: {"mac_address":"ESP:32:AA:BB:CC:01","sensors":{"temperature":33.4,"humidity":49.9,"ph":4.6}}
[2026-05-23T08:26:07.432Z] temperature => 33.4
[2026-05-23T08:26:07.433Z] Runtime Error: Can't add new command when connection is in closed state
[2026-05-23T08:26:07.448Z] temperature: 33.4 saved
[2026-05-23T08:26:07.457Z] Notification saved
[2026-05-23T08:26:07.457Z] humidity => 49.9
[2026-05-23T08:26:07.469Z] humidity: 49.9 saved
[2026-05-23T08:26:07.469Z] ph => 4.6
[2026-05-23T08:26:07.476Z] ph: 4.6 saved
[2026-05-23T08:26:07.508Z] Notification saved
[2026-05-23T08:26:42.878Z] Heartbeat alive
[2026-05-23T08:31:08.993Z] Topic: aquaponic/device/data
[2026-05-23T08:31:08.993Z] Topic: aquaponic/device/data
[2026-05-23T08:31:08.994Z] Payload: {"mac_address":"ESP:32:AA:BB:CC:01","sensors":{"temperature":31.8,"humidity":87.1,"ph":8.3}}
[2026-05-23T08:31:08.994Z] Payload: {"mac_address":"ESP:32:AA:BB:CC:01","sensors":{"temperature":31.8,"humidity":87.1,"ph":8.3}}
[2026-05-23T08:31:08.994Z] Runtime Error: Can't add new command when connection is in closed state
[2026-05-23T08:31:08.995Z] temperature => 31.8
[2026-05-23T08:31:09.003Z] temperature: 31.8 saved
[2026-05-23T08:31:09.003Z] humidity => 87.1
[2026-05-23T08:31:09.021Z] humidity: 87.1 saved
[2026-05-23T08:31:09.030Z] Notification saved
[2026-05-23T08:31:09.031Z] ph => 8.3
[2026-05-23T08:31:09.040Z] ph: 8.3 saved
[2026-05-23T08:31:09.051Z] Notification saved
[2026-05-23T08:31:42.884Z] Heartbeat alive
[2026-05-23T08:36:10.673Z] Topic: aquaponic/device/data
[2026-05-23T08:36:10.674Z] Payload: {"mac_address":"ESP:32:AA:BB:CC:01","sensors":{"temperature":22.1,"humidity":41.9,"ph":6.9}}
[2026-05-23T08:36:10.675Z] temperature => 22.1
[2026-05-23T08:36:10.676Z] Topic: aquaponic/device/data
[2026-05-23T08:36:10.676Z] Payload: {"mac_address":"ESP:32:AA:BB:CC:01","sensors":{"temperature":22.1,"humidity":41.9,"ph":6.9}}
[2026-05-23T08:36:10.677Z] Runtime Error: Can't add new command when connection is in closed state
[2026-05-23T08:36:10.682Z] temperature: 22.1 saved
[2026-05-23T08:36:10.683Z] humidity => 41.9
[2026-05-23T08:36:10.703Z] humidity: 41.9 saved
[2026-05-23T08:36:10.703Z] ph => 6.9
[2026-05-23T08:36:10.715Z] ph: 6.9 saved
[2026-05-23T08:36:42.890Z] Heartbeat alive
[2026-05-23T08:41:12.121Z] Topic: aquaponic/device/data
[2026-05-23T08:41:12.122Z] Payload: {"mac_address":"ESP:32:AA:BB:CC:01","sensors":{"temperature":20.7,"humidity":34.6,"ph":5.2}}
[2026-05-23T08:41:12.123Z] Topic: aquaponic/device/data
[2026-05-23T08:41:12.123Z] Payload: {"mac_address":"ESP:32:AA:BB:CC:01","sensors":{"temperature":20.7,"humidity":34.6,"ph":5.2}}
[2026-05-23T08:41:12.124Z] temperature => 20.7
[2026-05-23T08:41:12.124Z] Runtime Error: Can't add new command when connection is in closed state
[2026-05-23T08:41:12.140Z] temperature: 20.7 saved
[2026-05-23T08:41:12.140Z] humidity => 34.6
[2026-05-23T08:41:12.152Z] humidity: 34.6 saved
[2026-05-23T08:41:12.161Z] Notification saved
[2026-05-23T08:41:12.161Z] ph => 5.2
[2026-05-23T08:41:12.171Z] ph: 5.2 saved
[2026-05-23T08:41:12.189Z] Notification saved
[2026-05-23T08:41:42.896Z] Heartbeat alive
[2026-05-23T08:46:13.527Z] Topic: aquaponic/device/data
[2026-05-23T08:46:13.527Z] Payload: {"mac_address":"ESP:32:AA:BB:CC:01","sensors":{"temperature":27.8,"humidity":44.4,"ph":5.2}}
[2026-05-23T08:46:13.529Z] temperature => 27.8
[2026-05-23T08:46:13.531Z] Topic: aquaponic/device/data
[2026-05-23T08:46:13.531Z] Payload: {"mac_address":"ESP:32:AA:BB:CC:01","sensors":{"temperature":27.8,"humidity":44.4,"ph":5.2}}
[2026-05-23T08:46:13.532Z] Runtime Error: Can't add new command when connection is in closed state
[2026-05-23T08:46:13.541Z] temperature: 27.8 saved
[2026-05-23T08:46:13.541Z] humidity => 44.4
[2026-05-23T08:46:13.550Z] humidity: 44.4 saved
[2026-05-23T08:46:13.550Z] ph => 5.2
[2026-05-23T08:46:13.560Z] ph: 5.2 saved
[2026-05-23T08:46:13.567Z] Notification saved
[2026-05-23T08:46:42.900Z] Heartbeat alive
[2026-05-23T08:51:14.983Z] Topic: aquaponic/device/data
[2026-05-23T08:51:14.984Z] Payload: {"mac_address":"ESP:32:AA:BB:CC:01","sensors":{"temperature":17.2,"humidity":72.3,"ph":8.3}}
[2026-05-23T08:51:14.985Z] temperature => 17.2
[2026-05-23T08:51:14.985Z] Topic: aquaponic/device/data
[2026-05-23T08:51:14.985Z] Payload: {"mac_address":"ESP:32:AA:BB:CC:01","sensors":{"temperature":17.2,"humidity":72.3,"ph":8.3}}
[2026-05-23T08:51:14.986Z] Runtime Error: Can't add new command when connection is in closed state
[2026-05-23T08:51:15.011Z] temperature: 17.2 saved
[2026-05-23T08:51:15.036Z] Notification saved
[2026-05-23T08:51:15.036Z] humidity => 72.3
[2026-05-23T08:51:15.053Z] humidity: 72.3 saved
[2026-05-23T08:51:15.054Z] ph => 8.3
[2026-05-23T08:51:15.069Z] ph: 8.3 saved
[2026-05-23T08:51:15.086Z] Notification saved
[2026-05-23T08:51:42.906Z] Heartbeat alive
[2026-05-23T08:56:16.650Z] Topic: aquaponic/device/data
[2026-05-23T08:56:16.650Z] Payload: {"mac_address":"ESP:32:AA:BB:CC:01","sensors":{"temperature":23.2,"humidity":40,"ph":8.6}}
[2026-05-23T08:56:16.652Z] temperature => 23.2
[2026-05-23T08:56:16.652Z] Topic: aquaponic/device/data
[2026-05-23T08:56:16.652Z] Payload: {"mac_address":"ESP:32:AA:BB:CC:01","sensors":{"temperature":23.2,"humidity":40,"ph":8.6}}
[2026-05-23T08:56:16.652Z] Runtime Error: Can't add new command when connection is in closed state
[2026-05-23T08:56:16.681Z] temperature: 23.2 saved
[2026-05-23T08:56:16.681Z] humidity => 40
[2026-05-23T08:56:16.695Z] humidity: 40 saved
[2026-05-23T08:56:16.695Z] ph => 8.6
[2026-05-23T08:56:16.707Z] ph: 8.6 saved
[2026-05-23T08:56:16.716Z] Notification saved
[2026-05-23T08:56:42.912Z] Heartbeat alive
[2026-05-23T09:01:18.218Z] Topic: aquaponic/device/data
[2026-05-23T09:01:18.218Z] Payload: {"mac_address":"ESP:32:AA:BB:CC:01","sensors":{"temperature":15.5,"humidity":48.6,"ph":4.8}}
[2026-05-23T09:01:18.220Z] temperature => 15.5
[2026-05-23T09:01:18.220Z] Topic: aquaponic/device/data
[2026-05-23T09:01:18.220Z] Payload: {"mac_address":"ESP:32:AA:BB:CC:01","sensors":{"temperature":15.5,"humidity":48.6,"ph":4.8}}
[2026-05-23T09:01:18.221Z] Runtime Error: Can't add new command when connection is in closed state
[2026-05-23T09:01:18.241Z] temperature: 15.5 saved
[2026-05-23T09:01:18.250Z] Notification saved
[2026-05-23T09:01:18.250Z] humidity => 48.6
[2026-05-23T09:01:18.258Z] humidity: 48.6 saved
[2026-05-23T09:01:18.258Z] ph => 4.8
[2026-05-23T09:01:18.271Z] ph: 4.8 saved
[2026-05-23T09:01:18.287Z] Notification saved
[2026-05-23T09:01:42.917Z] Heartbeat alive
[2026-05-23T09:06:19.693Z] Topic: aquaponic/device/data
[2026-05-23T09:06:19.693Z] Payload: {"mac_address":"ESP:32:AA:BB:CC:01","sensors":{"temperature":15.2,"humidity":44.7,"ph":7.7}}
[2026-05-23T09:06:19.695Z] temperature => 15.2
[2026-05-23T09:06:19.697Z] Topic: aquaponic/device/data
[2026-05-23T09:06:19.697Z] Payload: {"mac_address":"ESP:32:AA:BB:CC:01","sensors":{"temperature":15.2,"humidity":44.7,"ph":7.7}}
[2026-05-23T09:06:19.697Z] Runtime Error: Can't add new command when connection is in closed state
[2026-05-23T09:06:19.719Z] temperature: 15.2 saved
[2026-05-23T09:06:19.743Z] Notification saved
[2026-05-23T09:06:19.743Z] humidity => 44.7
[2026-05-23T09:06:19.771Z] humidity: 44.7 saved
[2026-05-23T09:06:19.771Z] ph => 7.7
[2026-05-23T09:06:19.797Z] ph: 7.7 saved
[2026-05-23T09:06:19.829Z] Notification saved
[2026-05-23T09:06:42.922Z] Heartbeat alive
[2026-05-23T09:11:21.068Z] Topic: aquaponic/device/data
[2026-05-23T09:11:21.068Z] Payload: {"mac_address":"ESP:32:AA:BB:CC:01","sensors":{"temperature":24,"humidity":66.6,"ph":5.9}}
[2026-05-23T09:11:21.070Z] temperature => 24
[2026-05-23T09:11:21.070Z] Topic: aquaponic/device/data
[2026-05-23T09:11:21.070Z] Payload: {"mac_address":"ESP:32:AA:BB:CC:01","sensors":{"temperature":24,"humidity":66.6,"ph":5.9}}
[2026-05-23T09:11:21.071Z] Runtime Error: Can't add new command when connection is in closed state
[2026-05-23T09:11:21.081Z] temperature: 24 saved
[2026-05-23T09:11:21.081Z] humidity => 66.6
[2026-05-23T09:11:21.091Z] humidity: 66.6 saved
[2026-05-23T09:11:21.091Z] ph => 5.9
[2026-05-23T09:11:21.111Z] ph: 5.9 saved
[2026-05-23T09:11:42.927Z] Heartbeat alive
[2026-05-23T09:16:22.559Z] Topic: aquaponic/device/data
[2026-05-23T09:16:22.560Z] Payload: {"mac_address":"ESP:32:AA:BB:CC:01","sensors":{"temperature":35.9,"humidity":82.8,"ph":8.3}}
[2026-05-23T09:16:22.561Z] temperature => 35.9
[2026-05-23T09:16:22.561Z] Topic: aquaponic/device/data
[2026-05-23T09:16:22.562Z] Payload: {"mac_address":"ESP:32:AA:BB:CC:01","sensors":{"temperature":35.9,"humidity":82.8,"ph":8.3}}
[2026-05-23T09:16:22.562Z] Runtime Error: Can't add new command when connection is in closed state
[2026-05-23T09:16:22.575Z] temperature: 35.9 saved
[2026-05-23T09:16:22.592Z] Notification saved
[2026-05-23T09:16:22.592Z] humidity => 82.8
[2026-05-23T09:16:22.600Z] humidity: 82.8 saved
[2026-05-23T09:16:22.600Z] ph => 8.3
[2026-05-23T09:16:22.608Z] ph: 8.3 saved
[2026-05-23T09:16:22.628Z] Notification saved
[2026-05-23T09:16:42.932Z] Heartbeat alive
[2026-05-23T09:21:23.917Z] Topic: aquaponic/device/data
[2026-05-23T09:21:23.917Z] Payload: {"mac_address":"ESP:32:AA:BB:CC:01","sensors":{"temperature":26.4,"humidity":44,"ph":7.7}}
[2026-05-23T09:21:23.919Z] temperature => 26.4
[2026-05-23T09:21:23.919Z] Topic: aquaponic/device/data
[2026-05-23T09:21:23.919Z] Payload: {"mac_address":"ESP:32:AA:BB:CC:01","sensors":{"temperature":26.4,"humidity":44,"ph":7.7}}
[2026-05-23T09:21:23.919Z] Runtime Error: Can't add new command when connection is in closed state
[2026-05-23T09:21:23.937Z] temperature: 26.4 saved
[2026-05-23T09:21:23.938Z] humidity => 44
[2026-05-23T09:21:23.947Z] humidity: 44 saved
[2026-05-23T09:21:23.947Z] ph => 7.7
[2026-05-23T09:21:23.957Z] ph: 7.7 saved
[2026-05-23T09:21:23.967Z] Notification saved
[2026-05-23T09:21:42.937Z] Heartbeat alive
[2026-05-23T09:26:25.650Z] Topic: aquaponic/device/data
[2026-05-23T09:26:25.650Z] Payload: {"mac_address":"ESP:32:AA:BB:CC:01","sensors":{"temperature":28.6,"humidity":52.5,"ph":4.1}}
[2026-05-23T09:26:25.651Z] temperature => 28.6
[2026-05-23T09:26:25.656Z] Topic: aquaponic/device/data
[2026-05-23T09:26:25.657Z] Payload: {"mac_address":"ESP:32:AA:BB:CC:01","sensors":{"temperature":28.6,"humidity":52.5,"ph":4.1}}
[2026-05-23T09:26:25.657Z] Runtime Error: Can't add new command when connection is in closed state
[2026-05-23T09:26:25.663Z] temperature: 28.6 saved
[2026-05-23T09:26:25.663Z] humidity => 52.5
[2026-05-23T09:26:25.680Z] humidity: 52.5 saved
[2026-05-23T09:26:25.680Z] ph => 4.1
[2026-05-23T09:26:25.688Z] ph: 4.1 saved
[2026-05-23T09:26:25.702Z] Notification saved
[2026-05-23T09:26:42.941Z] Heartbeat alive
[2026-05-23T09:31:27.234Z] Topic: aquaponic/device/data
[2026-05-23T09:31:27.234Z] Payload: {"mac_address":"ESP:32:AA:BB:CC:01","sensors":{"temperature":31.5,"humidity":83.7,"ph":7.2}}
[2026-05-23T09:31:27.235Z] temperature => 31.5
[2026-05-23T09:31:27.237Z] Topic: aquaponic/device/data
[2026-05-23T09:31:27.238Z] Payload: {"mac_address":"ESP:32:AA:BB:CC:01","sensors":{"temperature":31.5,"humidity":83.7,"ph":7.2}}
[2026-05-23T09:31:27.238Z] Runtime Error: Can't add new command when connection is in closed state
[2026-05-23T09:31:27.250Z] temperature: 31.5 saved
[2026-05-23T09:31:27.251Z] humidity => 83.7
[2026-05-23T09:31:27.276Z] humidity: 83.7 saved
[2026-05-23T09:31:27.276Z] ph => 7.2
[2026-05-23T09:31:27.294Z] ph: 7.2 saved
[2026-05-23T09:31:42.946Z] Heartbeat alive
[2026-05-23T09:36:28.609Z] Topic: aquaponic/device/data
[2026-05-23T09:36:28.609Z] Payload: {"mac_address":"ESP:32:AA:BB:CC:01","sensors":{"temperature":22.5,"humidity":70.5,"ph":6.9}}
[2026-05-23T09:36:28.611Z] temperature => 22.5
[2026-05-23T09:36:28.612Z] Topic: aquaponic/device/data
[2026-05-23T09:36:28.612Z] Payload: {"mac_address":"ESP:32:AA:BB:CC:01","sensors":{"temperature":22.5,"humidity":70.5,"ph":6.9}}
[2026-05-23T09:36:28.613Z] Runtime Error: Can't add new command when connection is in closed state
[2026-05-23T09:36:28.619Z] temperature: 22.5 saved
[2026-05-23T09:36:28.620Z] humidity => 70.5
[2026-05-23T09:36:28.641Z] humidity: 70.5 saved
[2026-05-23T09:36:28.641Z] ph => 6.9
[2026-05-23T09:36:28.655Z] ph: 6.9 saved
[2026-05-23T09:36:42.950Z] Heartbeat alive
[2026-05-23T09:41:30.265Z] Topic: aquaponic/device/data
[2026-05-23T09:41:30.266Z] Payload: {"mac_address":"ESP:32:AA:BB:CC:01","sensors":{"temperature":21.4,"humidity":39.2,"ph":8.6}}
[2026-05-23T09:41:30.267Z] temperature => 21.4
[2026-05-23T09:41:30.276Z] temperature: 21.4 saved
[2026-05-23T09:41:30.277Z] humidity => 39.2
[2026-05-23T09:41:30.282Z] Topic: aquaponic/device/data
[2026-05-23T09:41:30.282Z] Payload: {"mac_address":"ESP:32:AA:BB:CC:01","sensors":{"temperature":21.4,"humidity":39.2,"ph":8.6}}
[2026-05-23T09:41:30.282Z] Runtime Error: Can't add new command when connection is in closed state
[2026-05-23T09:41:30.293Z] humidity: 39.2 saved
[2026-05-23T09:41:30.306Z] Notification saved
[2026-05-23T09:41:30.306Z] ph => 8.6
[2026-05-23T09:41:30.317Z] ph: 8.6 saved
[2026-05-23T09:41:30.332Z] Notification saved
[2026-05-23T09:41:42.954Z] Heartbeat alive
[2026-05-23T09:46:32.055Z] Topic: aquaponic/device/data
[2026-05-23T09:46:32.056Z] Payload: {"mac_address":"ESP:32:AA:BB:CC:01","sensors":{"temperature":23.6,"humidity":77.8,"ph":7.3}}
[2026-05-23T09:46:32.057Z] temperature => 23.6
[2026-05-23T09:46:32.058Z] Topic: aquaponic/device/data
[2026-05-23T09:46:32.058Z] Payload: {"mac_address":"ESP:32:AA:BB:CC:01","sensors":{"temperature":23.6,"humidity":77.8,"ph":7.3}}
[2026-05-23T09:46:32.059Z] Runtime Error: Can't add new command when connection is in closed state
[2026-05-23T09:46:32.074Z] temperature: 23.6 saved
[2026-05-23T09:46:32.074Z] humidity => 77.8
[2026-05-23T09:46:32.089Z] humidity: 77.8 saved
[2026-05-23T09:46:32.089Z] ph => 7.3
[2026-05-23T09:46:32.109Z] ph: 7.3 saved
[2026-05-23T09:46:42.957Z] Heartbeat alive
[2026-05-23T09:51:33.542Z] Topic: aquaponic/device/data
[2026-05-23T09:51:33.542Z] Payload: {"mac_address":"ESP:32:AA:BB:CC:01","sensors":{"temperature":21.5,"humidity":30.5,"ph":4.2}}
[2026-05-23T09:51:33.543Z] Topic: aquaponic/device/data
[2026-05-23T09:51:33.544Z] Payload: {"mac_address":"ESP:32:AA:BB:CC:01","sensors":{"temperature":21.5,"humidity":30.5,"ph":4.2}}
[2026-05-23T09:51:33.544Z] temperature => 21.5
[2026-05-23T09:51:33.544Z] Runtime Error: Can't add new command when connection is in closed state
[2026-05-23T09:51:33.558Z] temperature: 21.5 saved
[2026-05-23T09:51:33.558Z] humidity => 30.5
[2026-05-23T09:51:33.570Z] humidity: 30.5 saved
[2026-05-23T09:51:33.580Z] Notification saved
[2026-05-23T09:51:33.581Z] ph => 4.2
[2026-05-23T09:51:33.593Z] ph: 4.2 saved
[2026-05-23T09:51:33.614Z] Notification saved
[2026-05-23T09:51:42.961Z] Heartbeat alive
[2026-05-23T09:56:35.122Z] Topic: aquaponic/device/data
[2026-05-23T09:56:35.122Z] Payload: {"mac_address":"ESP:32:AA:BB:CC:01","sensors":{"temperature":26,"humidity":61.6,"ph":7.4}}
[2026-05-23T09:56:35.123Z] temperature => 26
[2026-05-23T09:56:35.125Z] Topic: aquaponic/device/data
[2026-05-23T09:56:35.125Z] Payload: {"mac_address":"ESP:32:AA:BB:CC:01","sensors":{"temperature":26,"humidity":61.6,"ph":7.4}}
[2026-05-23T09:56:35.126Z] Runtime Error: Can't add new command when connection is in closed state
[2026-05-23T09:56:35.139Z] temperature: 26 saved
[2026-05-23T09:56:35.140Z] humidity => 61.6
[2026-05-23T09:56:35.155Z] humidity: 61.6 saved
[2026-05-23T09:56:35.156Z] ph => 7.4
[2026-05-23T09:56:35.170Z] ph: 7.4 saved
[2026-05-23T09:56:42.965Z] Heartbeat alive
[2026-05-23T10:01:36.961Z] Topic: aquaponic/device/data
[2026-05-23T10:01:36.961Z] Payload: {"mac_address":"ESP:32:AA:BB:CC:01","sensors":{"temperature":31.2,"humidity":87.1,"ph":8.1}}
[2026-05-23T10:01:36.961Z] Topic: aquaponic/device/data
[2026-05-23T10:01:36.962Z] Payload: {"mac_address":"ESP:32:AA:BB:CC:01","sensors":{"temperature":31.2,"humidity":87.1,"ph":8.1}}
[2026-05-23T10:01:36.962Z] Runtime Error: Can't add new command when connection is in closed state
[2026-05-23T10:01:36.963Z] temperature => 31.2
[2026-05-23T10:01:36.980Z] temperature: 31.2 saved
[2026-05-23T10:01:36.981Z] humidity => 87.1
[2026-05-23T10:01:36.988Z] humidity: 87.1 saved
[2026-05-23T10:01:36.998Z] Notification saved
[2026-05-23T10:01:36.998Z] ph => 8.1
[2026-05-23T10:01:37.018Z] ph: 8.1 saved
[2026-05-23T10:01:37.031Z] Notification saved
[2026-05-23T10:01:42.970Z] Heartbeat alive
[2026-05-23T10:06:38.965Z] Topic: aquaponic/device/data
[2026-05-23T10:06:38.965Z] Payload: {"mac_address":"ESP:32:AA:BB:CC:01","sensors":{"temperature":17.2,"humidity":64.6,"ph":8.9}}
[2026-05-23T10:06:38.967Z] temperature => 17.2
[2026-05-23T10:06:38.968Z] Topic: aquaponic/device/data
[2026-05-23T10:06:38.968Z] Payload: {"mac_address":"ESP:32:AA:BB:CC:01","sensors":{"temperature":17.2,"humidity":64.6,"ph":8.9}}
[2026-05-23T10:06:38.969Z] Runtime Error: Can't add new command when connection is in closed state
[2026-05-23T10:06:38.982Z] temperature: 17.2 saved
[2026-05-23T10:06:38.995Z] Notification saved
[2026-05-23T10:06:38.995Z] humidity => 64.6
[2026-05-23T10:06:39.003Z] humidity: 64.6 saved
[2026-05-23T10:06:39.003Z] ph => 8.9
[2026-05-23T10:06:39.022Z] ph: 8.9 saved
[2026-05-23T10:06:39.030Z] Notification saved
[2026-05-23T10:06:42.974Z] Heartbeat alive
[2026-05-23T10:11:40.521Z] Topic: aquaponic/device/data
[2026-05-23T10:11:40.521Z] Payload: {"mac_address":"ESP:32:AA:BB:CC:01","sensors":{"temperature":23.8,"humidity":56.6,"ph":5.9}}
[2026-05-23T10:11:40.523Z] Topic: aquaponic/device/data
[2026-05-23T10:11:40.523Z] temperature => 23.8
[2026-05-23T10:11:40.523Z] Payload: {"mac_address":"ESP:32:AA:BB:CC:01","sensors":{"temperature":23.8,"humidity":56.6,"ph":5.9}}
[2026-05-23T10:11:40.524Z] Runtime Error: Can't add new command when connection is in closed state
[2026-05-23T10:11:40.549Z] temperature: 23.8 saved
[2026-05-23T10:11:40.549Z] humidity => 56.6
[2026-05-23T10:11:40.560Z] humidity: 56.6 saved
[2026-05-23T10:11:40.561Z] ph => 5.9
[2026-05-23T10:11:40.574Z] ph: 5.9 saved
[2026-05-23T10:11:42.976Z] Heartbeat alive
[2026-05-23T10:16:42.980Z] Heartbeat alive
[2026-05-23T10:16:45.995Z] Topic: aquaponic/device/data
[2026-05-23T10:16:45.995Z] Payload: {"mac_address":"ESP:32:AA:BB:CC:01","sensors":{"temperature":27.8,"humidity":83,"ph":8.8}}
[2026-05-23T10:16:45.996Z] Runtime Error: Can't add new command when connection is in closed state
[2026-05-23T10:16:45.998Z] Topic: aquaponic/device/data
[2026-05-23T10:16:45.998Z] Payload: {"mac_address":"ESP:32:AA:BB:CC:01","sensors":{"temperature":27.8,"humidity":83,"ph":8.8}}
[2026-05-23T10:16:46.000Z] temperature => 27.8
[2026-05-23T10:16:46.015Z] temperature: 27.8 saved
[2026-05-23T10:16:46.015Z] humidity => 83
[2026-05-23T10:16:46.040Z] humidity: 83 saved
[2026-05-23T10:16:46.040Z] ph => 8.8
[2026-05-23T10:16:46.060Z] ph: 8.8 saved
[2026-05-23T10:16:46.069Z] Notification saved
[2026-05-23T10:21:42.984Z] Heartbeat alive
[2026-05-23T10:21:47.666Z] Topic: aquaponic/device/data
[2026-05-23T10:21:47.666Z] Payload: {"mac_address":"ESP:32:AA:BB:CC:01","sensors":{"temperature":30.8,"humidity":94.3,"ph":7.8}}
[2026-05-23T10:21:47.668Z] temperature => 30.8
[2026-05-23T10:21:47.668Z] Topic: aquaponic/device/data
[2026-05-23T10:21:47.669Z] Payload: {"mac_address":"ESP:32:AA:BB:CC:01","sensors":{"temperature":30.8,"humidity":94.3,"ph":7.8}}
[2026-05-23T10:21:47.669Z] Runtime Error: Can't add new command when connection is in closed state
[2026-05-23T10:21:47.681Z] temperature: 30.8 saved
[2026-05-23T10:21:47.681Z] humidity => 94.3
[2026-05-23T10:21:47.700Z] humidity: 94.3 saved
[2026-05-23T10:21:47.719Z] Notification saved
[2026-05-23T10:21:47.720Z] ph => 7.8
[2026-05-23T10:21:47.745Z] ph: 7.8 saved
[2026-05-23T10:21:47.757Z] Notification saved
[2026-05-23T10:26:42.988Z] Heartbeat alive
[2026-05-23T10:26:49.262Z] Topic: aquaponic/device/data
[2026-05-23T10:26:49.262Z] Payload: {"mac_address":"ESP:32:AA:BB:CC:01","sensors":{"temperature":18,"humidity":85.6,"ph":6.9}}
[2026-05-23T10:26:49.264Z] temperature => 18
[2026-05-23T10:26:49.266Z] Topic: aquaponic/device/data
[2026-05-23T10:26:49.267Z] Payload: {"mac_address":"ESP:32:AA:BB:CC:01","sensors":{"temperature":18,"humidity":85.6,"ph":6.9}}
[2026-05-23T10:26:49.267Z] Runtime Error: Can't add new command when connection is in closed state
[2026-05-23T10:26:49.278Z] temperature: 18 saved
[2026-05-23T10:26:49.278Z] humidity => 85.6
[2026-05-23T10:26:49.297Z] humidity: 85.6 saved
[2026-05-23T10:26:49.311Z] Notification saved
[2026-05-23T10:26:49.311Z] ph => 6.9
[2026-05-23T10:26:49.322Z] ph: 6.9 saved
[2026-05-23T10:31:42.992Z] Heartbeat alive
[2026-05-23T10:31:50.691Z] Topic: aquaponic/device/data
[2026-05-23T10:31:50.691Z] Payload: {"mac_address":"ESP:32:AA:BB:CC:01","sensors":{"temperature":23.7,"humidity":66.8,"ph":4.8}}
[2026-05-23T10:31:50.693Z] temperature => 23.7
[2026-05-23T10:31:50.693Z] Topic: aquaponic/device/data
[2026-05-23T10:31:50.694Z] Payload: {"mac_address":"ESP:32:AA:BB:CC:01","sensors":{"temperature":23.7,"humidity":66.8,"ph":4.8}}
[2026-05-23T10:31:50.694Z] Runtime Error: Can't add new command when connection is in closed state
[2026-05-23T10:31:50.709Z] temperature: 23.7 saved
[2026-05-23T10:31:50.709Z] humidity => 66.8
[2026-05-23T10:31:50.724Z] humidity: 66.8 saved
[2026-05-23T10:31:50.725Z] ph => 4.8
[2026-05-23T10:31:50.749Z] ph: 4.8 saved
[2026-05-23T10:31:50.777Z] Notification saved
[2026-05-23T10:36:42.996Z] Heartbeat alive
[2026-05-23T10:36:52.099Z] Topic: aquaponic/device/data
[2026-05-23T10:36:52.099Z] Payload: {"mac_address":"ESP:32:AA:BB:CC:01","sensors":{"temperature":27.9,"humidity":42.8,"ph":8}}
[2026-05-23T10:36:52.100Z] Topic: aquaponic/device/data
[2026-05-23T10:36:52.100Z] Payload: {"mac_address":"ESP:32:AA:BB:CC:01","sensors":{"temperature":27.9,"humidity":42.8,"ph":8}}
[2026-05-23T10:36:52.100Z] Runtime Error: Can't add new command when connection is in closed state
[2026-05-23T10:36:52.102Z] temperature => 27.9
[2026-05-23T10:36:52.125Z] temperature: 27.9 saved
[2026-05-23T10:36:52.125Z] humidity => 42.8
[2026-05-23T10:36:52.138Z] humidity: 42.8 saved
[2026-05-23T10:36:52.138Z] ph => 8
[2026-05-23T10:36:52.150Z] ph: 8 saved
[2026-05-23T10:36:52.160Z] Notification saved
[2026-05-23T10:41:42.999Z] Heartbeat alive
[2026-05-23T10:41:53.656Z] Topic: aquaponic/device/data
[2026-05-23T10:41:53.656Z] Payload: {"mac_address":"ESP:32:AA:BB:CC:01","sensors":{"temperature":27.8,"humidity":48.4,"ph":4.2}}
[2026-05-23T10:41:53.658Z] temperature => 27.8
[2026-05-23T10:41:53.658Z] Topic: aquaponic/device/data
[2026-05-23T10:41:53.658Z] Payload: {"mac_address":"ESP:32:AA:BB:CC:01","sensors":{"temperature":27.8,"humidity":48.4,"ph":4.2}}
[2026-05-23T10:41:53.658Z] Runtime Error: Can't add new command when connection is in closed state
[2026-05-23T10:41:53.673Z] temperature: 27.8 saved
[2026-05-23T10:41:53.673Z] humidity => 48.4
[2026-05-23T10:41:53.695Z] humidity: 48.4 saved
[2026-05-23T10:41:53.695Z] ph => 4.2
[2026-05-23T10:41:53.729Z] ph: 4.2 saved
[2026-05-23T10:41:53.755Z] Notification saved
[2026-05-23T10:46:43.001Z] Heartbeat alive
[2026-05-23T10:46:55.198Z] Topic: aquaponic/device/data
[2026-05-23T10:46:55.199Z] Payload: {"mac_address":"ESP:32:AA:BB:CC:01","sensors":{"temperature":15.3,"humidity":53.1,"ph":5.7}}
[2026-05-23T10:46:55.199Z] Runtime Error: Can't add new command when connection is in closed state
[2026-05-23T10:46:55.202Z] Topic: aquaponic/device/data
[2026-05-23T10:46:55.203Z] Payload: {"mac_address":"ESP:32:AA:BB:CC:01","sensors":{"temperature":15.3,"humidity":53.1,"ph":5.7}}
[2026-05-23T10:46:55.204Z] temperature => 15.3
[2026-05-23T10:46:55.222Z] temperature: 15.3 saved
[2026-05-23T10:46:55.230Z] Notification saved
[2026-05-23T10:46:55.230Z] humidity => 53.1
[2026-05-23T10:46:55.237Z] humidity: 53.1 saved
[2026-05-23T10:46:55.237Z] ph => 5.7
[2026-05-23T10:46:55.250Z] ph: 5.7 saved
[2026-05-23T10:51:43.003Z] Heartbeat alive
[2026-05-23T10:51:57.384Z] Topic: aquaponic/device/data
[2026-05-23T10:51:57.384Z] Payload: {"mac_address":"ESP:32:AA:BB:CC:01","sensors":{"temperature":30.8,"humidity":37.3,"ph":6.2}}
[2026-05-23T10:51:57.386Z] temperature => 30.8
[2026-05-23T10:51:57.388Z] Topic: aquaponic/device/data
[2026-05-23T10:51:57.388Z] Payload: {"mac_address":"ESP:32:AA:BB:CC:01","sensors":{"temperature":30.8,"humidity":37.3,"ph":6.2}}
[2026-05-23T10:51:57.388Z] Runtime Error: Can't add new command when connection is in closed state
[2026-05-23T10:51:57.411Z] temperature: 30.8 saved
[2026-05-23T10:51:57.411Z] humidity => 37.3
[2026-05-23T10:51:57.428Z] humidity: 37.3 saved
[2026-05-23T10:51:57.453Z] Notification saved
[2026-05-23T10:51:57.453Z] ph => 6.2
[2026-05-23T10:51:57.477Z] ph: 6.2 saved
[2026-05-23T10:56:43.004Z] Heartbeat alive
[2026-05-23T10:56:59.046Z] Topic: aquaponic/device/data
[2026-05-23T10:56:59.046Z] Payload: {"mac_address":"ESP:32:AA:BB:CC:01","sensors":{"temperature":24.4,"humidity":32.7,"ph":5.8}}
[2026-05-23T10:56:59.046Z] Topic: aquaponic/device/data
[2026-05-23T10:56:59.047Z] Payload: {"mac_address":"ESP:32:AA:BB:CC:01","sensors":{"temperature":24.4,"humidity":32.7,"ph":5.8}}
[2026-05-23T10:56:59.047Z] Runtime Error: Can't add new command when connection is in closed state
[2026-05-23T10:56:59.048Z] temperature => 24.4
[2026-05-23T10:56:59.060Z] temperature: 24.4 saved
[2026-05-23T10:56:59.060Z] humidity => 32.7
[2026-05-23T10:56:59.079Z] humidity: 32.7 saved
[2026-05-23T10:56:59.087Z] Notification saved
[2026-05-23T10:56:59.087Z] ph => 5.8
[2026-05-23T10:56:59.097Z] ph: 5.8 saved
[2026-05-23T11:01:43.004Z] Heartbeat alive
[2026-05-23T11:02:10.114Z] Topic: aquaponic/device/data
[2026-05-23T11:02:10.114Z] Payload: {"mac_address":"ESP:32:AA:BB:CC:01","sensors":{"temperature":32,"humidity":34.4,"ph":4.7}}
[2026-05-23T11:02:10.116Z] temperature => 32
[2026-05-23T11:02:10.119Z] Topic: aquaponic/device/data
[2026-05-23T11:02:10.119Z] Payload: {"mac_address":"ESP:32:AA:BB:CC:01","sensors":{"temperature":32,"humidity":34.4,"ph":4.7}}
[2026-05-23T11:02:10.119Z] Runtime Error: Can't add new command when connection is in closed state
[2026-05-23T11:02:10.126Z] temperature: 32 saved
[2026-05-23T11:02:10.126Z] humidity => 34.4
[2026-05-23T11:02:10.144Z] humidity: 34.4 saved
[2026-05-23T11:02:10.158Z] Notification saved
[2026-05-23T11:02:10.159Z] ph => 4.7
[2026-05-23T11:02:10.179Z] ph: 4.7 saved
[2026-05-23T11:02:10.189Z] Notification saved
[2026-05-23T11:06:43.006Z] Heartbeat alive
[2026-05-23T11:07:11.551Z] Topic: aquaponic/device/data
[2026-05-23T11:07:11.551Z] Payload: {"mac_address":"ESP:32:AA:BB:CC:01","sensors":{"temperature":20.9,"humidity":67.3,"ph":8.6}}
[2026-05-23T11:07:11.553Z] temperature => 20.9
[2026-05-23T11:07:11.557Z] Topic: aquaponic/device/data
[2026-05-23T11:07:11.557Z] Payload: {"mac_address":"ESP:32:AA:BB:CC:01","sensors":{"temperature":20.9,"humidity":67.3,"ph":8.6}}
[2026-05-23T11:07:11.557Z] Runtime Error: Can't add new command when connection is in closed state
[2026-05-23T11:07:11.563Z] temperature: 20.9 saved
[2026-05-23T11:07:11.563Z] humidity => 67.3
[2026-05-23T11:07:11.580Z] humidity: 67.3 saved
[2026-05-23T11:07:11.580Z] ph => 8.6
[2026-05-23T11:07:11.587Z] ph: 8.6 saved
[2026-05-23T11:07:11.595Z] Notification saved
[2026-05-23T11:11:43.008Z] Heartbeat alive
[2026-05-23T11:12:12.993Z] Topic: aquaponic/device/data
[2026-05-23T11:12:12.994Z] Payload: {"mac_address":"ESP:32:AA:BB:CC:01","sensors":{"temperature":27.8,"humidity":83.4,"ph":6.1}}
[2026-05-23T11:12:12.994Z] Runtime Error: Can't add new command when connection is in closed state
[2026-05-23T11:12:12.995Z] Topic: aquaponic/device/data
[2026-05-23T11:12:12.995Z] Payload: {"mac_address":"ESP:32:AA:BB:CC:01","sensors":{"temperature":27.8,"humidity":83.4,"ph":6.1}}
[2026-05-23T11:12:12.997Z] temperature => 27.8
[2026-05-23T11:12:13.008Z] temperature: 27.8 saved
[2026-05-23T11:12:13.008Z] humidity => 83.4
[2026-05-23T11:12:13.021Z] humidity: 83.4 saved
[2026-05-23T11:12:13.021Z] ph => 6.1
[2026-05-23T11:12:13.039Z] ph: 6.1 saved
[2026-05-23T11:16:43.009Z] Heartbeat alive
[2026-05-23T11:17:14.796Z] Topic: aquaponic/device/data
[2026-05-23T11:17:14.797Z] Payload: {"mac_address":"ESP:32:AA:BB:CC:01","sensors":{"temperature":24.3,"humidity":37.7,"ph":8}}
[2026-05-23T11:17:14.798Z] temperature => 24.3
[2026-05-23T11:17:14.799Z] Topic: aquaponic/device/data
[2026-05-23T11:17:14.799Z] Payload: {"mac_address":"ESP:32:AA:BB:CC:01","sensors":{"temperature":24.3,"humidity":37.7,"ph":8}}
[2026-05-23T11:17:14.799Z] Runtime Error: Can't add new command when connection is in closed state
[2026-05-23T11:17:14.817Z] temperature: 24.3 saved
[2026-05-23T11:17:14.817Z] humidity => 37.7
[2026-05-23T11:17:14.827Z] humidity: 37.7 saved
[2026-05-23T11:17:14.843Z] Notification saved
[2026-05-23T11:17:14.843Z] ph => 8
[2026-05-23T11:17:14.853Z] ph: 8 saved
[2026-05-23T11:17:14.867Z] Notification saved
[2026-05-23T11:21:43.011Z] Heartbeat alive
[2026-05-23T11:22:30.854Z] Topic: aquaponic/device/data
[2026-05-23T11:22:30.854Z] Payload: {"mac_address":"ESP:32:AA:BB:CC:01","sensors":{"temperature":16.9,"humidity":45.2,"ph":4.9}}
[2026-05-23T11:22:30.856Z] temperature => 16.9
[2026-05-23T11:22:30.861Z] Topic: aquaponic/device/data
[2026-05-23T11:22:30.861Z] Payload: {"mac_address":"ESP:32:AA:BB:CC:01","sensors":{"temperature":16.9,"humidity":45.2,"ph":4.9}}
[2026-05-23T11:22:30.861Z] Runtime Error: Can't add new command when connection is in closed state
[2026-05-23T11:22:30.984Z] temperature: 16.9 saved
[2026-05-23T11:22:31.319Z] Notification saved
[2026-05-23T11:22:31.319Z] humidity => 45.2
[2026-05-23T11:22:31.725Z] humidity: 45.2 saved
[2026-05-23T11:22:31.725Z] ph => 4.9
[2026-05-23T11:22:31.864Z] ph: 4.9 saved
[2026-05-23T11:22:32.100Z] Notification saved
[2026-05-23T11:26:43.013Z] Heartbeat alive
[2026-05-23T11:27:32.164Z] Topic: aquaponic/device/data
[2026-05-23T11:27:32.164Z] Payload: {"mac_address":"ESP:32:AA:BB:CC:01","sensors":{"temperature":28.4,"humidity":56.6,"ph":6.3}}
[2026-05-23T11:27:32.165Z] temperature => 28.4
[2026-05-23T11:27:32.167Z] Topic: aquaponic/device/data
[2026-05-23T11:27:32.168Z] Payload: {"mac_address":"ESP:32:AA:BB:CC:01","sensors":{"temperature":28.4,"humidity":56.6,"ph":6.3}}
[2026-05-23T11:27:32.168Z] Runtime Error: Can't add new command when connection is in closed state
[2026-05-23T11:27:32.177Z] temperature: 28.4 saved
[2026-05-23T11:27:32.178Z] humidity => 56.6
[2026-05-23T11:27:32.218Z] humidity: 56.6 saved
[2026-05-23T11:27:32.218Z] ph => 6.3
[2026-05-23T11:27:32.230Z] ph: 6.3 saved
[2026-05-23T11:31:43.014Z] Heartbeat alive
[2026-05-23T11:32:33.970Z] Topic: aquaponic/device/data
[2026-05-23T11:32:33.970Z] Payload: {"mac_address":"ESP:32:AA:BB:CC:01","sensors":{"temperature":19.8,"humidity":75.3,"ph":8.2}}
[2026-05-23T11:32:33.972Z] temperature => 19.8
[2026-05-23T11:32:33.974Z] Topic: aquaponic/device/data
[2026-05-23T11:32:33.974Z] Payload: {"mac_address":"ESP:32:AA:BB:CC:01","sensors":{"temperature":19.8,"humidity":75.3,"ph":8.2}}
[2026-05-23T11:32:33.974Z] Runtime Error: Can't add new command when connection is in closed state
[2026-05-23T11:32:33.990Z] temperature: 19.8 saved
[2026-05-23T11:32:33.990Z] humidity => 75.3
[2026-05-23T11:32:34.017Z] humidity: 75.3 saved
[2026-05-23T11:32:34.017Z] ph => 8.2
[2026-05-23T11:32:34.028Z] ph: 8.2 saved
[2026-05-23T11:32:34.045Z] Notification saved
[2026-05-23T11:36:43.015Z] Heartbeat alive
[2026-05-23T11:37:36.037Z] Topic: aquaponic/device/data
[2026-05-23T11:37:36.037Z] Payload: {"mac_address":"ESP:32:AA:BB:CC:01","sensors":{"temperature":31.7,"humidity":52.1,"ph":8}}
[2026-05-23T11:37:36.038Z] Topic: aquaponic/device/data
[2026-05-23T11:37:36.038Z] Payload: {"mac_address":"ESP:32:AA:BB:CC:01","sensors":{"temperature":31.7,"humidity":52.1,"ph":8}}
[2026-05-23T11:37:36.039Z] Runtime Error: Can't add new command when connection is in closed state
[2026-05-23T11:37:36.039Z] temperature => 31.7
[2026-05-23T11:37:36.052Z] temperature: 31.7 saved
[2026-05-23T11:37:36.052Z] humidity => 52.1
[2026-05-23T11:37:36.069Z] humidity: 52.1 saved
[2026-05-23T11:37:36.069Z] ph => 8
[2026-05-23T11:37:36.079Z] ph: 8 saved
[2026-05-23T11:37:36.101Z] Notification saved
[2026-05-23T11:41:43.017Z] Heartbeat alive
[2026-05-23T11:42:37.471Z] Topic: aquaponic/device/data
[2026-05-23T11:42:37.471Z] Payload: {"mac_address":"ESP:32:AA:BB:CC:01","sensors":{"temperature":31.5,"humidity":40,"ph":6.3}}
[2026-05-23T11:42:37.472Z] temperature => 31.5
[2026-05-23T11:42:37.473Z] Topic: aquaponic/device/data
[2026-05-23T11:42:37.474Z] Payload: {"mac_address":"ESP:32:AA:BB:CC:01","sensors":{"temperature":31.5,"humidity":40,"ph":6.3}}
[2026-05-23T11:42:37.474Z] Runtime Error: Can't add new command when connection is in closed state
[2026-05-23T11:42:37.492Z] temperature: 31.5 saved
[2026-05-23T11:42:37.492Z] humidity => 40
[2026-05-23T11:42:37.508Z] humidity: 40 saved
[2026-05-23T11:42:37.508Z] ph => 6.3
[2026-05-23T11:42:37.527Z] ph: 6.3 saved
[2026-05-23T11:46:43.018Z] Heartbeat alive
[2026-05-23T11:51:43.019Z] Heartbeat alive
[2026-05-23T11:56:43.020Z] Heartbeat alive
[2026-05-23T12:01:43.021Z] Heartbeat alive
[2026-05-23T12:06:43.022Z] Heartbeat alive
[2026-05-23T12:11:43.022Z] Heartbeat alive
[2026-05-23T12:16:43.022Z] Heartbeat alive
[2026-05-23T12:21:43.023Z] Heartbeat alive
[2026-05-23T12:26:43.023Z] Heartbeat alive
[2026-05-23T12:31:43.023Z] Heartbeat alive
[2026-05-23T12:36:43.023Z] Heartbeat alive
[2026-05-23T12:41:43.033Z] Heartbeat alive
[2026-05-23T12:46:43.039Z] Heartbeat alive
[2026-05-23T12:51:43.046Z] Heartbeat alive
[2026-05-23T12:56:43.048Z] Heartbeat alive
[2026-05-23T13:01:43.052Z] Heartbeat alive
[2026-05-23T13:06:43.057Z] Heartbeat alive
[2026-05-23T13:11:43.062Z] Heartbeat alive
[2026-05-23T13:16:43.066Z] Heartbeat alive
[2026-05-23T13:21:43.068Z] Heartbeat alive
[2026-05-23T13:26:43.069Z] Heartbeat alive
[2026-05-23T13:31:43.070Z] Heartbeat alive
[2026-05-23T13:36:43.099Z] Heartbeat alive
[2026-05-23T13:41:43.107Z] Heartbeat alive
[2026-05-23T13:46:43.134Z] Heartbeat alive
[2026-05-23T13:51:43.159Z] Heartbeat alive
[2026-05-23T13:56:43.165Z] Heartbeat alive
[2026-05-23T14:01:43.184Z] Heartbeat alive
[2026-05-23T14:06:43.205Z] Heartbeat alive
[2026-05-23T14:11:43.228Z] Heartbeat alive
[2026-05-23T14:16:43.250Z] Heartbeat alive
[2026-05-23T14:21:43.251Z] Heartbeat alive
[2026-05-23T14:26:43.271Z] Heartbeat alive
[2026-05-23T14:31:43.290Z] Heartbeat alive
[2026-05-23T14:36:43.309Z] Heartbeat alive
[2026-05-23T14:41:43.323Z] Heartbeat alive
[2026-05-23T14:46:43.324Z] Heartbeat alive
[2026-05-23T14:51:43.338Z] Heartbeat alive
[2026-05-23T14:56:43.353Z] Heartbeat alive
[2026-05-23T15:01:43.367Z] Heartbeat alive
[2026-05-23T15:06:43.379Z] Heartbeat alive
[2026-05-23T15:11:43.391Z] Heartbeat alive
[2026-05-23T15:16:43.402Z] Heartbeat alive
[2026-05-23T15:21:43.412Z] Heartbeat alive
[2026-05-23T15:26:43.415Z] Heartbeat alive
[2026-05-23T15:31:43.417Z] Heartbeat alive
[2026-05-23T15:36:43.419Z] Heartbeat alive
[2026-05-23T15:41:43.442Z] Heartbeat alive
[2026-05-23T15:46:43.445Z] Heartbeat alive
[2026-05-23T15:51:43.456Z] Heartbeat alive
[2026-05-23T15:56:43.464Z] Heartbeat alive
[2026-05-23T16:01:43.468Z] Heartbeat alive
[2026-05-23T16:06:43.475Z] Heartbeat alive
[2026-05-23T16:11:43.479Z] Heartbeat alive
[2026-05-23T16:16:43.484Z] Heartbeat alive
[2026-05-23T16:21:43.488Z] Heartbeat alive
[2026-05-23T16:26:43.490Z] Heartbeat alive
[2026-05-23T16:31:43.492Z] Heartbeat alive
[2026-05-23T16:36:43.493Z] Heartbeat alive
[2026-05-23T16:41:43.519Z] Heartbeat alive
[2026-05-23T16:46:43.544Z] Heartbeat alive
[2026-05-23T16:51:43.566Z] Heartbeat alive
[2026-05-23T16:56:43.591Z] Heartbeat alive
[2026-05-23T17:01:43.616Z] Heartbeat alive
[2026-05-23T17:06:43.640Z] Heartbeat alive
[2026-05-23T17:11:43.662Z] Heartbeat alive
[2026-05-23T17:16:43.683Z] Heartbeat alive
[2026-05-23T17:21:43.703Z] Heartbeat alive
[2026-05-23T17:26:43.722Z] Heartbeat alive
[2026-05-23T17:31:43.734Z] Heartbeat alive
[2026-05-23T17:36:43.742Z] Heartbeat alive
[2026-05-23T17:41:43.754Z] Heartbeat alive
[2026-05-23T17:46:43.770Z] Heartbeat alive
[2026-05-23T17:51:43.783Z] Heartbeat alive
[2026-05-23T17:56:43.798Z] Heartbeat alive
[2026-05-23T18:01:43.810Z] Heartbeat alive
[2026-05-23T18:06:43.813Z] Heartbeat alive
[2026-05-23T18:11:43.823Z] Heartbeat alive
[2026-05-23T18:16:43.833Z] Heartbeat alive
[2026-05-23T18:21:43.842Z] Heartbeat alive
[2026-05-23T18:26:43.847Z] Heartbeat alive
[2026-05-23T18:31:43.854Z] Heartbeat alive
[2026-05-23T18:36:43.857Z] Heartbeat alive
[2026-05-23T18:41:43.861Z] Heartbeat alive
[2026-05-23T18:46:43.862Z] Heartbeat alive
[2026-05-23T18:51:43.863Z] Heartbeat alive
[2026-05-23T18:56:43.864Z] Heartbeat alive
[2026-05-23T19:01:43.864Z] Heartbeat alive
[2026-05-23T19:06:43.872Z] Heartbeat alive
[2026-05-23T19:11:43.883Z] Heartbeat alive
[2026-05-23T19:16:43.900Z] Heartbeat alive
[2026-05-23T19:21:43.922Z] Heartbeat alive
[2026-05-23T19:26:43.942Z] Heartbeat alive
[2026-05-23T19:31:43.964Z] Heartbeat alive
[2026-05-23T19:36:43.986Z] Heartbeat alive
[2026-05-23T19:41:44.000Z] Heartbeat alive
[2026-05-23T19:46:44.006Z] Heartbeat alive
[2026-05-23T19:51:44.008Z] Heartbeat alive
[2026-05-23T19:56:44.027Z] Heartbeat alive
[2026-05-23T20:01:44.046Z] Heartbeat alive
[2026-05-23T20:06:44.064Z] Heartbeat alive
[2026-05-23T20:11:44.071Z] Heartbeat alive
[2026-05-23T20:16:44.087Z] Heartbeat alive
[2026-05-23T20:21:44.102Z] Heartbeat alive
[2026-05-23T20:26:44.116Z] Heartbeat alive
[2026-05-23T20:31:44.129Z] Heartbeat alive
[2026-05-23T20:36:44.141Z] Heartbeat alive
[2026-05-23T20:41:44.145Z] Heartbeat alive
[2026-05-23T20:46:44.154Z] Heartbeat alive
[2026-05-23T20:51:44.164Z] Heartbeat alive
[2026-05-23T20:56:44.171Z] Heartbeat alive
[2026-05-23T21:01:44.177Z] Heartbeat alive
[2026-05-23T21:06:44.183Z] Heartbeat alive
[2026-05-23T21:11:44.185Z] Heartbeat alive
[2026-05-23T21:16:44.189Z] Heartbeat alive
[2026-05-23T21:21:44.192Z] Heartbeat alive
[2026-05-23T21:26:44.194Z] Heartbeat alive
[2026-05-23T21:31:44.195Z] Heartbeat alive
[2026-05-23T21:36:44.196Z] Heartbeat alive
[2026-05-23T21:41:44.215Z] Heartbeat alive
[2026-05-23T21:46:44.233Z] Heartbeat alive
[2026-05-23T21:51:44.251Z] Heartbeat alive
[2026-05-23T21:56:44.269Z] Heartbeat alive
[2026-05-23T22:01:44.287Z] Heartbeat alive
[2026-05-23T22:06:44.299Z] Heartbeat alive
[2026-05-23T22:11:44.310Z] Heartbeat alive
[2026-05-23T22:16:44.328Z] Heartbeat alive
[2026-05-23T22:21:44.344Z] Heartbeat alive
[2026-05-23T22:26:44.349Z] Heartbeat alive
[2026-05-23T22:31:44.360Z] Heartbeat alive
[2026-05-23T22:36:44.378Z] Heartbeat alive
[2026-05-23T22:41:44.392Z] Heartbeat alive
[2026-05-23T22:46:44.392Z] Heartbeat alive
[2026-05-23T22:51:44.407Z] Heartbeat alive
[2026-05-23T22:56:44.411Z] Heartbeat alive
[2026-05-23T23:01:44.425Z] Heartbeat alive
[2026-05-23T23:06:44.436Z] Heartbeat alive
[2026-05-23T23:11:44.448Z] Heartbeat alive
[2026-05-23T23:16:44.458Z] Heartbeat alive
[2026-05-23T23:21:44.467Z] Heartbeat alive
[2026-05-23T23:26:44.471Z] Heartbeat alive
[2026-05-23T23:31:44.474Z] Heartbeat alive
[2026-05-23T23:36:44.477Z] Heartbeat alive
[2026-05-23T23:41:44.484Z] Heartbeat alive
[2026-05-23T23:46:44.489Z] Heartbeat alive
[2026-05-23T23:51:03.617Z] Topic: aquaponic/device/data
[2026-05-23T23:51:03.617Z] Payload: {"mac_address":"ESP:32:AA:BB:CC:01","sensors":{"temperature":28.1,"humidity":77.1,"ph":8.2}}
[2026-05-23T23:51:03.618Z] Topic: aquaponic/device/data
[2026-05-23T23:51:03.618Z] Payload: {"mac_address":"ESP:32:AA:BB:CC:01","sensors":{"temperature":28.1,"humidity":77.1,"ph":8.2}}
[2026-05-23T23:51:03.618Z] Runtime Error: Can't add new command when connection is in closed state
[2026-05-23T23:51:03.619Z] Runtime Error: Can't add new command when connection is in closed state
[2026-05-23T23:51:44.494Z] Heartbeat alive
[2026-05-23T23:56:05.315Z] Topic: aquaponic/device/data
[2026-05-23T23:56:05.315Z] Payload: {"mac_address":"ESP:32:AA:BB:CC:01","sensors":{"temperature":31.1,"humidity":74.4,"ph":5.5}}
[2026-05-23T23:56:05.316Z] Runtime Error: Can't add new command when connection is in closed state
[2026-05-23T23:56:05.320Z] Topic: aquaponic/device/data
[2026-05-23T23:56:05.320Z] Payload: {"mac_address":"ESP:32:AA:BB:CC:01","sensors":{"temperature":31.1,"humidity":74.4,"ph":5.5}}
[2026-05-23T23:56:05.320Z] Runtime Error: Can't add new command when connection is in closed state
[2026-05-23T23:56:44.498Z] Heartbeat alive
[2026-05-24T00:00:03.578Z] Topic: aquaponic/device/data
[2026-05-24T00:00:03.578Z] Payload: {"mac_address":"ESP:32:AA:BB:CC:01","sensors":{"temperature":33.8,"humidity":86.7,"ph":7.2}}
[2026-05-24T00:00:03.579Z] Runtime Error: Can't add new command when connection is in closed state
[2026-05-24T00:05:05.694Z] Topic: aquaponic/device/data
[2026-05-24T00:05:05.694Z] Payload: {"mac_address":"ESP:32:AA:BB:CC:01","sensors":{"temperature":16.7,"humidity":94.5,"ph":8.4}}
[2026-05-24T00:05:05.694Z] Runtime Error: Can't add new command when connection is in closed state
[2026-05-24T00:07:42.674Z] Topic: aquaponic/device/data
[2026-05-24T00:07:42.674Z] Payload: {"mac_address":"ESP:32:AA:BB:CC:01","sensors":{"temperature":29.8,"humidity":82.9,"ph":4.6}}
[2026-05-24T00:07:42.675Z] Runtime Error: Can't add new command when connection is in closed state
[2026-05-24T00:11:17.643Z] Topic: aquaponic/device/data
[2026-05-24T00:11:17.643Z] Payload: {"mac_address":"ESP:32:AA:BB:CC:01","sensors":{"temperature":20.2,"humidity":85.7,"ph":5.3}}
[2026-05-24T00:11:17.644Z] Runtime Error: Can't add new command when connection is in closed state
[2026-05-24T00:11:27.229Z] === APP STARTED ===
[2026-05-24T00:11:27.250Z] HTTP Server Running on undefined
[2026-05-24T00:11:27.339Z] Database Connected
[2026-05-24T00:11:28.029Z] MQTT Connected
[2026-05-24T00:11:28.211Z] Subscribed: aquaponic/device/data
[2026-05-24T00:16:19.065Z] DB Alive
[2026-05-24T00:16:19.065Z] Topic: aquaponic/device/data
[2026-05-24T00:16:19.065Z] Payload: {"mac_address":"ESP:32:AA:BB:CC:01","sensors":{"temperature":34.9,"humidity":92.5,"ph":7.6}}
[2026-05-24T00:16:19.066Z] Topic: aquaponic/device/data
[2026-05-24T00:16:19.066Z] Payload: {"mac_address":"ESP:32:AA:BB:CC:01","sensors":{"temperature":34.9,"humidity":92.5,"ph":7.6}}
[2026-05-24T00:16:19.067Z] Runtime Error: Can't add new command when connection is in closed state
[2026-05-24T00:16:19.081Z] temperature => 34.9
[2026-05-24T00:16:19.092Z] temperature: 34.9 saved
[2026-05-24T00:16:19.105Z] Notification saved
[2026-05-24T00:16:19.105Z] humidity => 92.5
[2026-05-24T00:16:19.112Z] humidity: 92.5 saved
[2026-05-24T00:16:19.125Z] Notification saved
[2026-05-24T00:16:19.125Z] ph => 7.6
[2026-05-24T00:16:19.145Z] ph: 7.6 saved
[2026-05-24T00:16:19.153Z] Notification saved
[2026-05-24T00:16:27.247Z] Heartbeat alive
[2026-05-24T00:21:23.226Z] DB Alive
[2026-05-24T00:21:23.227Z] Topic: aquaponic/device/data
[2026-05-24T00:21:23.227Z] Payload: {"mac_address":"ESP:32:AA:BB:CC:01","sensors":{"temperature":33.8,"humidity":74.3,"ph":7.2}}
[2026-05-24T00:21:23.229Z] Topic: aquaponic/device/data
[2026-05-24T00:21:23.229Z] Payload: {"mac_address":"ESP:32:AA:BB:CC:01","sensors":{"temperature":33.8,"humidity":74.3,"ph":7.2}}
[2026-05-24T00:21:23.229Z] Runtime Error: Can't add new command when connection is in closed state
[2026-05-24T00:21:23.230Z] temperature => 33.8
[2026-05-24T00:21:23.243Z] temperature: 33.8 saved
[2026-05-24T00:21:23.259Z] Notification saved
[2026-05-24T00:21:23.259Z] humidity => 74.3
[2026-05-24T00:21:23.278Z] humidity: 74.3 saved
[2026-05-24T00:21:23.278Z] ph => 7.2
[2026-05-24T00:21:23.285Z] ph: 7.2 saved
[2026-05-24T00:21:27.251Z] Heartbeat alive
[2026-05-24T00:26:24.748Z] DB Alive
[2026-05-24T00:26:24.748Z] Topic: aquaponic/device/data
[2026-05-24T00:26:24.748Z] Payload: {"mac_address":"ESP:32:AA:BB:CC:01","sensors":{"temperature":29.4,"humidity":77.7,"ph":6.7}}
[2026-05-24T00:26:24.751Z] Topic: aquaponic/device/data
[2026-05-24T00:26:24.751Z] Payload: {"mac_address":"ESP:32:AA:BB:CC:01","sensors":{"temperature":29.4,"humidity":77.7,"ph":6.7}}
[2026-05-24T00:26:24.751Z] temperature => 29.4
[2026-05-24T00:26:24.751Z] Runtime Error: Can't add new command when connection is in closed state
[2026-05-24T00:26:24.766Z] temperature: 29.4 saved
[2026-05-24T00:26:24.767Z] humidity => 77.7
[2026-05-24T00:26:24.776Z] humidity: 77.7 saved
[2026-05-24T00:26:24.776Z] ph => 6.7
[2026-05-24T00:26:24.786Z] ph: 6.7 saved
[2026-05-24T00:26:27.254Z] Heartbeat alive
[2026-05-24T00:27:29.627Z] DB Alive
[2026-05-24T00:27:29.628Z] Topic: aquaponic/device/data
[2026-05-24T00:27:29.628Z] Payload: {"mac_address":"ESP:32:AA:BB:CC:01","sensors":{"temperature":26.3,"humidity":71.3,"ph":6.7}}
[2026-05-24T00:27:29.630Z] Topic: aquaponic/device/data
[2026-05-24T00:27:29.630Z] Payload: {"mac_address":"ESP:32:AA:BB:CC:01","sensors":{"temperature":26.3,"humidity":71.3,"ph":6.7}}
[2026-05-24T00:27:29.630Z] Runtime Error: Can't add new command when connection is in closed state
[2026-05-24T00:27:29.631Z] temperature => 26.3
[2026-05-24T00:27:29.648Z] temperature: 26.3 saved
[2026-05-24T00:27:29.649Z] humidity => 71.3
[2026-05-24T00:27:29.678Z] humidity: 71.3 saved
[2026-05-24T00:27:29.678Z] ph => 6.7
[2026-05-24T00:27:29.698Z] ph: 6.7 saved
[2026-05-24T00:27:54.664Z] DB Alive
[2026-05-24T00:27:54.664Z] Topic: aquaponic/device/data
[2026-05-24T00:27:54.665Z] Payload: {"mac_address":"ESP:32:AA:BB:CC:01","sensors":{"temperature":33.7,"humidity":89.9,"ph":6.8}}
[2026-05-24T00:27:54.666Z] temperature => 33.7
[2026-05-24T00:27:54.671Z] Topic: aquaponic/device/data
[2026-05-24T00:27:54.671Z] Payload: {"mac_address":"ESP:32:AA:BB:CC:01","sensors":{"temperature":33.7,"humidity":89.9,"ph":6.8}}
[2026-05-24T00:27:54.671Z] Runtime Error: Can't add new command when connection is in closed state
[2026-05-24T00:27:54.677Z] temperature: 33.7 saved
[2026-05-24T00:27:54.692Z] Notification saved
[2026-05-24T00:27:54.692Z] humidity => 89.9
[2026-05-24T00:27:54.704Z] humidity: 89.9 saved
[2026-05-24T00:27:54.720Z] Notification saved
[2026-05-24T00:27:54.720Z] ph => 6.8
[2026-05-24T00:27:54.759Z] ph: 6.8 saved
[2026-05-24T00:28:20.680Z] DB Alive
[2026-05-24T00:28:20.680Z] Topic: aquaponic/device/data
[2026-05-24T00:28:20.680Z] Payload: {"mac_address":"ESP:32:AA:BB:CC:01","sensors":{"temperature":25.6,"humidity":54.5,"ph":7.2}}
[2026-05-24T00:28:20.681Z] Topic: aquaponic/device/data
[2026-05-24T00:28:20.681Z] Payload: {"mac_address":"ESP:32:AA:BB:CC:01","sensors":{"temperature":25.6,"humidity":54.5,"ph":7.2}}
[2026-05-24T00:28:20.681Z] Runtime Error: Can't add new command when connection is in closed state
[2026-05-24T00:28:20.682Z] temperature => 25.6
[2026-05-24T00:28:20.697Z] temperature: 25.6 saved
[2026-05-24T00:28:20.698Z] humidity => 54.5
[2026-05-24T00:28:20.705Z] humidity: 54.5 saved
[2026-05-24T00:28:20.705Z] ph => 7.2
[2026-05-24T00:28:20.715Z] ph: 7.2 saved
[2026-05-24T00:31:27.279Z] Heartbeat alive
[2026-05-24T00:32:31.815Z] === APP STARTED ===
[2026-05-24T00:32:31.830Z] HTTP Server Running on undefined
[2026-05-24T00:32:31.925Z] Database Connected
[2026-05-24T00:32:32.619Z] MQTT Connected
[2026-05-24T00:32:32.819Z] Subscribed: aquaponic/device/data
[2026-05-24T00:33:16.224Z] Topic: aquaponic/device/data
[2026-05-24T00:33:16.225Z] Payload: {"mac_address":"ESP:32:AA:BB:CC:01","sensors":{"temperature":29.9,"humidity":50.7,"ph":4.6}}
[2026-05-24T00:33:16.229Z] Topic: aquaponic/device/data
[2026-05-24T00:33:16.229Z] Payload: {"mac_address":"ESP:32:AA:BB:CC:01","sensors":{"temperature":29.9,"humidity":50.7,"ph":4.6}}
[2026-05-24T00:33:16.229Z] Runtime Error: Can't add new command when connection is in closed state
[2026-05-24T00:33:16.238Z] temperature => 29.9
[2026-05-24T00:33:16.248Z] temperature: 29.9 saved
[2026-05-24T00:33:16.249Z] humidity => 50.7
[2026-05-24T00:33:16.260Z] humidity: 50.7 saved
[2026-05-24T00:33:16.260Z] ph => 4.6
[2026-05-24T00:33:16.279Z] ph: 4.6 saved
[2026-05-24T00:33:16.290Z] Notification saved
[2026-05-24T00:37:31.849Z] Heartbeat alive
[2026-05-24T00:38:17.818Z] Topic: aquaponic/device/data
[2026-05-24T00:38:17.819Z] Payload: {"mac_address":"ESP:32:AA:BB:CC:01","sensors":{"temperature":28.2,"humidity":89.3,"ph":6.8}}
[2026-05-24T00:38:17.820Z] Topic: aquaponic/device/data
[2026-05-24T00:38:17.820Z] Payload: {"mac_address":"ESP:32:AA:BB:CC:01","sensors":{"temperature":28.2,"humidity":89.3,"ph":6.8}}
[2026-05-24T00:38:17.820Z] Runtime Error: Can't add new command when connection is in closed state
[2026-05-24T00:38:17.822Z] temperature => 28.2
[2026-05-24T00:38:17.835Z] temperature: 28.2 saved
[2026-05-24T00:38:17.835Z] humidity => 89.3
[2026-05-24T00:38:17.858Z] humidity: 89.3 saved
[2026-05-24T00:38:17.880Z] Notification saved
[2026-05-24T00:38:17.881Z] ph => 6.8
[2026-05-24T00:38:17.895Z] ph: 6.8 saved
[2026-05-24T00:42:31.871Z] Heartbeat alive
[2026-05-24T00:43:19.404Z] Topic: aquaponic/device/data
[2026-05-24T00:43:19.405Z] Payload: {"mac_address":"ESP:32:AA:BB:CC:01","sensors":{"temperature":16.7,"humidity":36.9,"ph":7.4}}
[2026-05-24T00:43:19.407Z] temperature => 16.7
[2026-05-24T00:43:19.409Z] Topic: aquaponic/device/data
[2026-05-24T00:43:19.409Z] Payload: {"mac_address":"ESP:32:AA:BB:CC:01","sensors":{"temperature":16.7,"humidity":36.9,"ph":7.4}}
[2026-05-24T00:43:19.410Z] Runtime Error: Can't add new command when connection is in closed state
[2026-05-24T00:43:19.417Z] temperature: 16.7 saved
[2026-05-24T00:43:19.438Z] Notification saved
[2026-05-24T00:43:19.438Z] humidity => 36.9
[2026-05-24T00:43:19.447Z] humidity: 36.9 saved
[2026-05-24T00:43:19.457Z] Notification saved
[2026-05-24T00:43:19.457Z] ph => 7.4
[2026-05-24T00:43:19.469Z] ph: 7.4 saved
[2026-05-24T00:47:31.897Z] Heartbeat alive
[2026-05-24T00:48:20.911Z] Topic: aquaponic/device/data
[2026-05-24T00:48:20.911Z] Payload: {"mac_address":"ESP:32:AA:BB:CC:01","sensors":{"temperature":32.6,"humidity":38.3,"ph":8.4}}
[2026-05-24T00:48:20.911Z] Runtime Error: Can't add new command when connection is in closed state
[2026-05-24T00:48:20.913Z] Topic: aquaponic/device/data
[2026-05-24T00:48:20.913Z] Payload: {"mac_address":"ESP:32:AA:BB:CC:01","sensors":{"temperature":32.6,"humidity":38.3,"ph":8.4}}
[2026-05-24T00:48:20.915Z] temperature => 32.6
[2026-05-24T00:48:20.925Z] temperature: 32.6 saved
[2026-05-24T00:48:20.937Z] Notification saved
[2026-05-24T00:48:20.937Z] humidity => 38.3
[2026-05-24T00:48:20.956Z] humidity: 38.3 saved
[2026-05-24T00:48:20.995Z] Notification saved
[2026-05-24T00:48:20.996Z] ph => 8.4
[2026-05-24T00:48:21.018Z] ph: 8.4 saved
[2026-05-24T00:48:21.025Z] Notification saved
[2026-05-24T00:52:31.920Z] Heartbeat alive
[2026-05-24T00:53:22.317Z] Topic: aquaponic/device/data
[2026-05-24T00:53:22.317Z] Payload: {"mac_address":"ESP:32:AA:BB:CC:01","sensors":{"temperature":17.6,"humidity":65.2,"ph":6}}
[2026-05-24T00:53:22.319Z] Topic: aquaponic/device/data
[2026-05-24T00:53:22.320Z] Payload: {"mac_address":"ESP:32:AA:BB:CC:01","sensors":{"temperature":17.6,"humidity":65.2,"ph":6}}
[2026-05-24T00:53:22.320Z] Runtime Error: Can't add new command when connection is in closed state
[2026-05-24T00:53:22.320Z] temperature => 17.6
[2026-05-24T00:53:22.334Z] temperature: 17.6 saved
[2026-05-24T00:53:22.345Z] Notification saved
[2026-05-24T00:53:22.345Z] humidity => 65.2
[2026-05-24T00:53:22.353Z] humidity: 65.2 saved
[2026-05-24T00:53:22.353Z] ph => 6
[2026-05-24T00:53:22.370Z] ph: 6 saved
[2026-05-24T00:57:31.941Z] Heartbeat alive
[2026-05-24T00:58:24.160Z] Topic: aquaponic/device/data
[2026-05-24T00:58:24.160Z] Payload: {"mac_address":"ESP:32:AA:BB:CC:01","sensors":{"temperature":32.4,"humidity":83,"ph":8.4}}
[2026-05-24T00:58:24.162Z] temperature => 32.4
[2026-05-24T00:58:24.163Z] Topic: aquaponic/device/data
[2026-05-24T00:58:24.163Z] Payload: {"mac_address":"ESP:32:AA:BB:CC:01","sensors":{"temperature":32.4,"humidity":83,"ph":8.4}}
[2026-05-24T00:58:24.163Z] Runtime Error: Can't add new command when connection is in closed state
[2026-05-24T00:58:24.173Z] temperature: 32.4 saved
[2026-05-24T00:58:24.181Z] Notification saved
[2026-05-24T00:58:24.181Z] humidity => 83
[2026-05-24T00:58:24.194Z] humidity: 83 saved
[2026-05-24T00:58:24.195Z] ph => 8.4
[2026-05-24T00:58:24.217Z] ph: 8.4 saved
[2026-05-24T00:58:24.288Z] Notification saved
[2026-05-24T01:02:31.964Z] Heartbeat alive
[2026-05-24T01:03:25.832Z] Topic: aquaponic/device/data
[2026-05-24T01:03:25.832Z] Payload: {"mac_address":"ESP:32:AA:BB:CC:01","sensors":{"temperature":25.3,"humidity":44.1,"ph":5.4}}
[2026-05-24T01:03:25.834Z] Topic: aquaponic/device/data
[2026-05-24T01:03:25.834Z] Payload: {"mac_address":"ESP:32:AA:BB:CC:01","sensors":{"temperature":25.3,"humidity":44.1,"ph":5.4}}
[2026-05-24T01:03:25.834Z] Runtime Error: Can't add new command when connection is in closed state
[2026-05-24T01:03:25.835Z] temperature => 25.3
[2026-05-24T01:03:25.869Z] temperature: 25.3 saved
[2026-05-24T01:03:25.870Z] humidity => 44.1
[2026-05-24T01:03:25.920Z] humidity: 44.1 saved
[2026-05-24T01:03:25.921Z] ph => 5.4
[2026-05-24T01:03:25.932Z] ph: 5.4 saved
[2026-05-24T01:03:25.945Z] Notification saved
[2026-05-24T01:07:31.972Z] Heartbeat alive
[2026-05-24T01:08:27.405Z] Topic: aquaponic/device/data
[2026-05-24T01:08:27.405Z] Payload: {"mac_address":"ESP:32:AA:BB:CC:01","sensors":{"temperature":32.7,"humidity":42.1,"ph":8.9}}
[2026-05-24T01:08:27.409Z] temperature => 32.7
[2026-05-24T01:08:27.412Z] Topic: aquaponic/device/data
[2026-05-24T01:08:27.412Z] Payload: {"mac_address":"ESP:32:AA:BB:CC:01","sensors":{"temperature":32.7,"humidity":42.1,"ph":8.9}}
[2026-05-24T01:08:27.413Z] Runtime Error: Can't add new command when connection is in closed state
[2026-05-24T01:08:27.447Z] temperature: 32.7 saved
[2026-05-24T01:08:27.489Z] Notification saved
[2026-05-24T01:08:27.489Z] humidity => 42.1
[2026-05-24T01:08:27.528Z] humidity: 42.1 saved
[2026-05-24T01:08:27.528Z] ph => 8.9
[2026-05-24T01:08:27.538Z] ph: 8.9 saved
[2026-05-24T01:08:27.598Z] Notification saved
[2026-05-24T01:12:31.982Z] Heartbeat alive
[2026-05-24T01:13:28.810Z] Topic: aquaponic/device/data
[2026-05-24T01:13:28.811Z] Payload: {"mac_address":"ESP:32:AA:BB:CC:01","sensors":{"temperature":24.4,"humidity":75.3,"ph":8.9}}
[2026-05-24T01:13:28.813Z] Topic: aquaponic/device/data
[2026-05-24T01:13:28.813Z] temperature => 24.4
[2026-05-24T01:13:28.813Z] Payload: {"mac_address":"ESP:32:AA:BB:CC:01","sensors":{"temperature":24.4,"humidity":75.3,"ph":8.9}}
[2026-05-24T01:13:28.814Z] Runtime Error: Can't add new command when connection is in closed state
[2026-05-24T01:13:28.829Z] temperature: 24.4 saved
[2026-05-24T01:13:28.829Z] humidity => 75.3
[2026-05-24T01:13:28.843Z] humidity: 75.3 saved
[2026-05-24T01:13:28.843Z] ph => 8.9
[2026-05-24T01:13:28.856Z] ph: 8.9 saved
[2026-05-24T01:13:28.864Z] Notification saved
[2026-05-24T01:17:32.003Z] Heartbeat alive
[2026-05-24T01:18:30.348Z] Topic: aquaponic/device/data
[2026-05-24T01:18:30.348Z] Payload: {"mac_address":"ESP:32:AA:BB:CC:01","sensors":{"temperature":25.2,"humidity":37.9,"ph":6.5}}
[2026-05-24T01:18:30.351Z] temperature => 25.2
[2026-05-24T01:18:30.352Z] Topic: aquaponic/device/data
[2026-05-24T01:18:30.352Z] Payload: {"mac_address":"ESP:32:AA:BB:CC:01","sensors":{"temperature":25.2,"humidity":37.9,"ph":6.5}}
[2026-05-24T01:18:30.352Z] Runtime Error: Can't add new command when connection is in closed state
[2026-05-24T01:18:30.400Z] temperature: 25.2 saved
[2026-05-24T01:18:30.400Z] humidity => 37.9
[2026-05-24T01:18:30.433Z] humidity: 37.9 saved
[2026-05-24T01:18:30.463Z] Notification saved
[2026-05-24T01:18:30.463Z] ph => 6.5
[2026-05-24T01:18:30.529Z] ph: 6.5 saved
[2026-05-24T01:22:32.017Z] Heartbeat alive
[2026-05-24T01:23:31.749Z] Topic: aquaponic/device/data
[2026-05-24T01:23:31.749Z] Payload: {"mac_address":"ESP:32:AA:BB:CC:01","sensors":{"temperature":28.3,"humidity":79.1,"ph":5.1}}
[2026-05-24T01:23:31.751Z] temperature => 28.3
[2026-05-24T01:23:31.751Z] Topic: aquaponic/device/data
[2026-05-24T01:23:31.752Z] Payload: {"mac_address":"ESP:32:AA:BB:CC:01","sensors":{"temperature":28.3,"humidity":79.1,"ph":5.1}}
[2026-05-24T01:23:31.752Z] Runtime Error: Can't add new command when connection is in closed state
[2026-05-24T01:23:31.797Z] temperature: 28.3 saved
[2026-05-24T01:23:31.797Z] humidity => 79.1
[2026-05-24T01:23:31.837Z] humidity: 79.1 saved
[2026-05-24T01:23:31.838Z] ph => 5.1
[2026-05-24T01:23:31.853Z] ph: 5.1 saved
[2026-05-24T01:23:31.866Z] Notification saved
[2026-05-24T01:27:32.020Z] Heartbeat alive
[2026-05-24T01:28:34.013Z] Topic: aquaponic/device/data
[2026-05-24T01:28:34.013Z] Payload: {"mac_address":"ESP:32:AA:BB:CC:01","sensors":{"temperature":16.2,"humidity":55.8,"ph":4.9}}
[2026-05-24T01:28:34.015Z] temperature => 16.2
[2026-05-24T01:28:34.016Z] Topic: aquaponic/device/data
[2026-05-24T01:28:34.017Z] Payload: {"mac_address":"ESP:32:AA:BB:CC:01","sensors":{"temperature":16.2,"humidity":55.8,"ph":4.9}}
[2026-05-24T01:28:34.017Z] Runtime Error: Can't add new command when connection is in closed state
[2026-05-24T01:28:34.025Z] temperature: 16.2 saved
[2026-05-24T01:28:34.051Z] Notification saved
[2026-05-24T01:28:34.051Z] humidity => 55.8
[2026-05-24T01:28:34.071Z] humidity: 55.8 saved
[2026-05-24T01:28:34.071Z] ph => 4.9
[2026-05-24T01:28:34.081Z] ph: 4.9 saved
[2026-05-24T01:28:34.089Z] Notification saved
[2026-05-24T01:32:32.037Z] Heartbeat alive
[2026-05-24T01:33:35.582Z] Topic: aquaponic/device/data
[2026-05-24T01:33:35.583Z] Payload: {"mac_address":"ESP:32:AA:BB:CC:01","sensors":{"temperature":17.4,"humidity":85.9,"ph":4.9}}
[2026-05-24T01:33:35.585Z] temperature => 17.4
[2026-05-24T01:33:35.585Z] Topic: aquaponic/device/data
[2026-05-24T01:33:35.585Z] Payload: {"mac_address":"ESP:32:AA:BB:CC:01","sensors":{"temperature":17.4,"humidity":85.9,"ph":4.9}}
[2026-05-24T01:33:35.586Z] Runtime Error: Can't add new command when connection is in closed state
[2026-05-24T01:33:35.605Z] temperature: 17.4 saved
[2026-05-24T01:33:35.618Z] Notification saved
[2026-05-24T01:33:35.618Z] humidity => 85.9
[2026-05-24T01:33:35.639Z] humidity: 85.9 saved
[2026-05-24T01:33:35.656Z] Notification saved
[2026-05-24T01:33:35.656Z] ph => 4.9
[2026-05-24T01:33:35.666Z] ph: 4.9 saved
[2026-05-24T01:33:35.675Z] Notification saved
[2026-05-24T01:37:32.053Z] Heartbeat alive
[2026-05-24T01:38:37.078Z] Topic: aquaponic/device/data
[2026-05-24T01:38:37.078Z] Payload: {"mac_address":"ESP:32:AA:BB:CC:01","sensors":{"temperature":34.5,"humidity":35.3,"ph":7.4}}
[2026-05-24T01:38:37.080Z] temperature => 34.5
[2026-05-24T01:38:37.094Z] temperature: 34.5 saved
[2026-05-24T01:38:37.099Z] Topic: aquaponic/device/data
[2026-05-24T01:38:37.100Z] Payload: {"mac_address":"ESP:32:AA:BB:CC:01","sensors":{"temperature":34.5,"humidity":35.3,"ph":7.4}}
[2026-05-24T01:38:37.100Z] Runtime Error: Can't add new command when connection is in closed state
[2026-05-24T01:38:37.101Z] Notification saved
[2026-05-24T01:38:37.101Z] humidity => 35.3
[2026-05-24T01:38:37.121Z] humidity: 35.3 saved
[2026-05-24T01:38:37.129Z] Notification saved
[2026-05-24T01:38:37.129Z] ph => 7.4
[2026-05-24T01:38:37.136Z] ph: 7.4 saved
[2026-05-24T01:42:32.068Z] Heartbeat alive
[2026-05-24T01:43:38.401Z] Topic: aquaponic/device/data
[2026-05-24T01:43:38.402Z] Payload: {"mac_address":"ESP:32:AA:BB:CC:01","sensors":{"temperature":25.6,"humidity":60.5,"ph":7.1}}
[2026-05-24T01:43:38.403Z] temperature => 25.6
[2026-05-24T01:43:38.405Z] Topic: aquaponic/device/data
[2026-05-24T01:43:38.405Z] Payload: {"mac_address":"ESP:32:AA:BB:CC:01","sensors":{"temperature":25.6,"humidity":60.5,"ph":7.1}}
[2026-05-24T01:43:38.405Z] Runtime Error: Can't add new command when connection is in closed state
[2026-05-24T01:43:38.473Z] temperature: 25.6 saved
[2026-05-24T01:43:38.473Z] humidity => 60.5
[2026-05-24T01:43:38.509Z] humidity: 60.5 saved
[2026-05-24T01:43:38.509Z] ph => 7.1
[2026-05-24T01:43:38.537Z] ph: 7.1 saved
[2026-05-24T01:47:32.083Z] Heartbeat alive
[2026-05-24T01:48:39.786Z] Topic: aquaponic/device/data
[2026-05-24T01:48:39.786Z] Payload: {"mac_address":"ESP:32:AA:BB:CC:01","sensors":{"temperature":26.2,"humidity":94.8,"ph":5.1}}
[2026-05-24T01:48:39.788Z] temperature => 26.2
[2026-05-24T01:48:39.790Z] Topic: aquaponic/device/data
[2026-05-24T01:48:39.790Z] Payload: {"mac_address":"ESP:32:AA:BB:CC:01","sensors":{"temperature":26.2,"humidity":94.8,"ph":5.1}}
[2026-05-24T01:48:39.790Z] Runtime Error: Can't add new command when connection is in closed state
[2026-05-24T01:48:39.849Z] temperature: 26.2 saved
[2026-05-24T01:48:39.850Z] humidity => 94.8
[2026-05-24T01:48:39.888Z] humidity: 94.8 saved
[2026-05-24T01:48:39.960Z] Notification saved
[2026-05-24T01:48:39.960Z] ph => 5.1
[2026-05-24T01:48:39.988Z] ph: 5.1 saved
[2026-05-24T01:48:40.027Z] Notification saved
[2026-05-24T01:52:32.096Z] Heartbeat alive
[2026-05-24T01:53:41.445Z] Topic: aquaponic/device/data
[2026-05-24T01:53:41.445Z] Payload: {"mac_address":"ESP:32:AA:BB:CC:01","sensors":{"temperature":30.1,"humidity":48.4,"ph":6.8}}
[2026-05-24T01:53:41.447Z] temperature => 30.1
[2026-05-24T01:53:41.449Z] Topic: aquaponic/device/data
[2026-05-24T01:53:41.449Z] Payload: {"mac_address":"ESP:32:AA:BB:CC:01","sensors":{"temperature":30.1,"humidity":48.4,"ph":6.8}}
[2026-05-24T01:53:41.450Z] Runtime Error: Can't add new command when connection is in closed state
[2026-05-24T01:53:41.458Z] temperature: 30.1 saved
[2026-05-24T01:53:41.459Z] humidity => 48.4
[2026-05-24T01:53:41.476Z] humidity: 48.4 saved
[2026-05-24T01:53:41.476Z] ph => 6.8
[2026-05-24T01:53:41.484Z] ph: 6.8 saved
[2026-05-24T01:57:32.101Z] Heartbeat alive
[2026-05-24T01:58:43.237Z] Topic: aquaponic/device/data
[2026-05-24T01:58:43.238Z] Payload: {"mac_address":"ESP:32:AA:BB:CC:01","sensors":{"temperature":26.1,"humidity":67.7,"ph":5.9}}
[2026-05-24T01:58:43.240Z] temperature => 26.1
[2026-05-24T01:58:43.261Z] Topic: aquaponic/device/data
[2026-05-24T01:58:43.261Z] Payload: {"mac_address":"ESP:32:AA:BB:CC:01","sensors":{"temperature":26.1,"humidity":67.7,"ph":5.9}}
[2026-05-24T01:58:43.262Z] Runtime Error: Can't add new command when connection is in closed state
[2026-05-24T01:58:43.264Z] temperature: 26.1 saved
[2026-05-24T01:58:43.264Z] humidity => 67.7
[2026-05-24T01:58:43.310Z] humidity: 67.7 saved
[2026-05-24T01:58:43.310Z] ph => 5.9
[2026-05-24T01:58:43.341Z] ph: 5.9 saved
[2026-05-24T02:02:32.112Z] Heartbeat alive
[2026-05-24T02:03:44.606Z] Topic: aquaponic/device/data
[2026-05-24T02:03:44.606Z] Payload: {"mac_address":"ESP:32:AA:BB:CC:01","sensors":{"temperature":19.5,"humidity":79.6,"ph":4}}
[2026-05-24T02:03:44.608Z] temperature => 19.5
[2026-05-24T02:03:44.610Z] Topic: aquaponic/device/data
[2026-05-24T02:03:44.610Z] Payload: {"mac_address":"ESP:32:AA:BB:CC:01","sensors":{"temperature":19.5,"humidity":79.6,"ph":4}}
[2026-05-24T02:03:44.611Z] Runtime Error: Can't add new command when connection is in closed state
[2026-05-24T02:03:44.647Z] temperature: 19.5 saved
[2026-05-24T02:03:44.647Z] humidity => 79.6
[2026-05-24T02:03:44.684Z] humidity: 79.6 saved
[2026-05-24T02:03:44.684Z] ph => 4
[2026-05-24T02:03:44.841Z] ph: 4 saved
[2026-05-24T02:03:44.897Z] Notification saved
[2026-05-24T02:07:32.122Z] Heartbeat alive
[2026-05-24T02:08:46.210Z] Topic: aquaponic/device/data
[2026-05-24T02:08:46.210Z] Payload: {"mac_address":"ESP:32:AA:BB:CC:01","sensors":{"temperature":25,"humidity":61.8,"ph":7.5}}
[2026-05-24T02:08:46.210Z] Topic: aquaponic/device/data
[2026-05-24T02:08:46.211Z] Payload: {"mac_address":"ESP:32:AA:BB:CC:01","sensors":{"temperature":25,"humidity":61.8,"ph":7.5}}
[2026-05-24T02:08:46.211Z] Runtime Error: Can't add new command when connection is in closed state
[2026-05-24T02:08:46.213Z] temperature => 25
[2026-05-24T02:08:46.254Z] temperature: 25 saved
[2026-05-24T02:08:46.254Z] humidity => 61.8
[2026-05-24T02:08:46.288Z] humidity: 61.8 saved
[2026-05-24T02:08:46.288Z] ph => 7.5
[2026-05-24T02:08:46.323Z] ph: 7.5 saved
[2026-05-24T02:12:32.131Z] Heartbeat alive
[2026-05-24T02:13:47.557Z] Topic: aquaponic/device/data
[2026-05-24T02:13:47.558Z] Payload: {"mac_address":"ESP:32:AA:BB:CC:01","sensors":{"temperature":23.2,"humidity":56.4,"ph":7.4}}
[2026-05-24T02:13:47.560Z] Topic: aquaponic/device/data
[2026-05-24T02:13:47.560Z] temperature => 23.2
[2026-05-24T02:13:47.560Z] Payload: {"mac_address":"ESP:32:AA:BB:CC:01","sensors":{"temperature":23.2,"humidity":56.4,"ph":7.4}}
[2026-05-24T02:13:47.560Z] Runtime Error: Can't add new command when connection is in closed state
[2026-05-24T02:13:47.633Z] temperature: 23.2 saved
[2026-05-24T02:13:47.633Z] humidity => 56.4
[2026-05-24T02:13:47.677Z] humidity: 56.4 saved
[2026-05-24T02:13:47.677Z] ph => 7.4
[2026-05-24T02:13:47.712Z] ph: 7.4 saved
[2026-05-24T02:17:32.139Z] Heartbeat alive
[2026-05-24T02:18:49.204Z] Topic: aquaponic/device/data
[2026-05-24T02:18:49.204Z] Payload: {"mac_address":"ESP:32:AA:BB:CC:01","sensors":{"temperature":33.1,"humidity":92.3,"ph":7.8}}
[2026-05-24T02:18:49.206Z] temperature => 33.1
[2026-05-24T02:18:49.212Z] Topic: aquaponic/device/data
[2026-05-24T02:18:49.212Z] Payload: {"mac_address":"ESP:32:AA:BB:CC:01","sensors":{"temperature":33.1,"humidity":92.3,"ph":7.8}}
[2026-05-24T02:18:49.213Z] Runtime Error: Can't add new command when connection is in closed state
[2026-05-24T02:18:49.227Z] temperature: 33.1 saved
[2026-05-24T02:18:49.268Z] Notification saved
[2026-05-24T02:18:49.268Z] humidity => 92.3
[2026-05-24T02:18:49.297Z] humidity: 92.3 saved
[2026-05-24T02:18:49.311Z] Notification saved
[2026-05-24T02:18:49.311Z] ph => 7.8
[2026-05-24T02:18:49.347Z] ph: 7.8 saved
[2026-05-24T02:18:49.374Z] Notification saved
[2026-05-24T02:22:32.146Z] Heartbeat alive
[2026-05-24T02:23:52.321Z] Topic: aquaponic/device/data
[2026-05-24T02:23:52.321Z] Payload: {"mac_address":"ESP:32:AA:BB:CC:01","sensors":{"temperature":31.9,"humidity":35.3,"ph":6.6}}
[2026-05-24T02:23:52.322Z] Topic: aquaponic/device/data
[2026-05-24T02:23:52.322Z] Payload: {"mac_address":"ESP:32:AA:BB:CC:01","sensors":{"temperature":31.9,"humidity":35.3,"ph":6.6}}
[2026-05-24T02:23:52.322Z] Runtime Error: Can't add new command when connection is in closed state
[2026-05-24T02:23:52.324Z] temperature => 31.9
[2026-05-24T02:23:52.349Z] temperature: 31.9 saved
[2026-05-24T02:23:52.349Z] humidity => 35.3
[2026-05-24T02:23:52.356Z] humidity: 35.3 saved
[2026-05-24T02:23:52.366Z] Notification saved
[2026-05-24T02:23:52.366Z] ph => 6.6
[2026-05-24T02:23:52.374Z] ph: 6.6 saved
[2026-05-24T02:27:32.152Z] Heartbeat alive
[2026-05-24T02:28:53.691Z] Topic: aquaponic/device/data
[2026-05-24T02:28:53.691Z] Payload: {"mac_address":"ESP:32:AA:BB:CC:01","sensors":{"temperature":18.3,"humidity":71.6,"ph":6.2}}
[2026-05-24T02:28:53.693Z] temperature => 18.3
[2026-05-24T02:28:53.695Z] Topic: aquaponic/device/data
[2026-05-24T02:28:53.695Z] Payload: {"mac_address":"ESP:32:AA:BB:CC:01","sensors":{"temperature":18.3,"humidity":71.6,"ph":6.2}}
[2026-05-24T02:28:53.695Z] Runtime Error: Can't add new command when connection is in closed state
[2026-05-24T02:28:53.710Z] temperature: 18.3 saved
[2026-05-24T02:28:53.710Z] humidity => 71.6
[2026-05-24T02:28:53.720Z] humidity: 71.6 saved
[2026-05-24T02:28:53.720Z] ph => 6.2
[2026-05-24T02:28:53.727Z] ph: 6.2 saved
[2026-05-24T02:32:32.153Z] Heartbeat alive
[2026-05-24T02:33:55.195Z] Topic: aquaponic/device/data
[2026-05-24T02:33:55.196Z] Payload: {"mac_address":"ESP:32:AA:BB:CC:01","sensors":{"temperature":27.7,"humidity":67.7,"ph":8.5}}
[2026-05-24T02:33:55.198Z] temperature => 27.7
[2026-05-24T02:33:55.200Z] Topic: aquaponic/device/data
[2026-05-24T02:33:55.200Z] Payload: {"mac_address":"ESP:32:AA:BB:CC:01","sensors":{"temperature":27.7,"humidity":67.7,"ph":8.5}}
[2026-05-24T02:33:55.201Z] Runtime Error: Can't add new command when connection is in closed state
[2026-05-24T02:33:55.209Z] temperature: 27.7 saved
[2026-05-24T02:33:55.209Z] humidity => 67.7
[2026-05-24T02:33:55.223Z] humidity: 67.7 saved
[2026-05-24T02:33:55.223Z] ph => 8.5
[2026-05-24T02:33:55.245Z] ph: 8.5 saved
[2026-05-24T02:33:55.252Z] Notification saved
[2026-05-24T02:37:32.156Z] Heartbeat alive
[2026-05-24T02:38:57.043Z] Topic: aquaponic/device/data
[2026-05-24T02:38:57.043Z] Payload: {"mac_address":"ESP:32:AA:BB:CC:01","sensors":{"temperature":21.1,"humidity":87,"ph":6.6}}
[2026-05-24T02:38:57.045Z] temperature => 21.1
[2026-05-24T02:38:57.046Z] Topic: aquaponic/device/data
[2026-05-24T02:38:57.046Z] Payload: {"mac_address":"ESP:32:AA:BB:CC:01","sensors":{"temperature":21.1,"humidity":87,"ph":6.6}}
[2026-05-24T02:38:57.047Z] Runtime Error: Can't add new command when connection is in closed state
[2026-05-24T02:38:57.062Z] temperature: 21.1 saved
[2026-05-24T02:38:57.062Z] humidity => 87
[2026-05-24T02:38:57.084Z] humidity: 87 saved
[2026-05-24T02:38:57.100Z] Notification saved
[2026-05-24T02:38:57.100Z] ph => 6.6
[2026-05-24T02:38:57.119Z] ph: 6.6 saved
[2026-05-24T02:42:32.158Z] Heartbeat alive
[2026-05-24T02:43:58.301Z] Topic: aquaponic/device/data
[2026-05-24T02:43:58.302Z] Payload: {"mac_address":"ESP:32:AA:BB:CC:01","sensors":{"temperature":24.9,"humidity":70.4,"ph":7.1}}
[2026-05-24T02:43:58.304Z] temperature => 24.9
[2026-05-24T02:43:58.304Z] Topic: aquaponic/device/data
[2026-05-24T02:43:58.304Z] Payload: {"mac_address":"ESP:32:AA:BB:CC:01","sensors":{"temperature":24.9,"humidity":70.4,"ph":7.1}}
[2026-05-24T02:43:58.305Z] Runtime Error: Can't add new command when connection is in closed state
[2026-05-24T02:43:58.320Z] temperature: 24.9 saved
[2026-05-24T02:43:58.320Z] humidity => 70.4
[2026-05-24T02:43:58.329Z] humidity: 70.4 saved
[2026-05-24T02:43:58.329Z] ph => 7.1
[2026-05-24T02:43:58.337Z] ph: 7.1 saved
[2026-05-24T02:47:32.159Z] Heartbeat alive
[2026-05-24T02:48:59.792Z] Topic: aquaponic/device/data
[2026-05-24T02:48:59.793Z] Payload: {"mac_address":"ESP:32:AA:BB:CC:01","sensors":{"temperature":26.1,"humidity":37.5,"ph":4}}
[2026-05-24T02:48:59.795Z] temperature => 26.1
[2026-05-24T02:48:59.797Z] Topic: aquaponic/device/data
[2026-05-24T02:48:59.797Z] Payload: {"mac_address":"ESP:32:AA:BB:CC:01","sensors":{"temperature":26.1,"humidity":37.5,"ph":4}}
[2026-05-24T02:48:59.797Z] Runtime Error: Can't add new command when connection is in closed state
[2026-05-24T02:48:59.817Z] temperature: 26.1 saved
[2026-05-24T02:48:59.817Z] humidity => 37.5
[2026-05-24T02:48:59.827Z] humidity: 37.5 saved
[2026-05-24T02:48:59.860Z] Notification saved
[2026-05-24T02:48:59.860Z] ph => 4
[2026-05-24T02:48:59.869Z] ph: 4 saved
[2026-05-24T02:48:59.885Z] Notification saved
[2026-05-24T02:52:32.160Z] Heartbeat alive
[2026-05-24T02:54:01.280Z] Topic: aquaponic/device/data
[2026-05-24T02:54:01.280Z] Payload: {"mac_address":"ESP:32:AA:BB:CC:01","sensors":{"temperature":27.7,"humidity":87.9,"ph":5.5}}
[2026-05-24T02:54:01.289Z] temperature => 27.7
[2026-05-24T02:54:01.290Z] Topic: aquaponic/device/data
[2026-05-24T02:54:01.290Z] Payload: {"mac_address":"ESP:32:AA:BB:CC:01","sensors":{"temperature":27.7,"humidity":87.9,"ph":5.5}}
[2026-05-24T02:54:01.291Z] Runtime Error: Can't add new command when connection is in closed state
[2026-05-24T02:54:01.327Z] temperature: 27.7 saved
[2026-05-24T02:54:01.327Z] humidity => 87.9
[2026-05-24T02:54:01.351Z] humidity: 87.9 saved
[2026-05-24T02:54:01.375Z] Notification saved
[2026-05-24T02:54:01.375Z] ph => 5.5
[2026-05-24T02:54:01.414Z] ph: 5.5 saved
[2026-05-24T02:57:32.167Z] Heartbeat alive
[2026-05-24T02:59:02.907Z] Topic: aquaponic/device/data
[2026-05-24T02:59:02.908Z] Payload: {"mac_address":"ESP:32:AA:BB:CC:01","sensors":{"temperature":25.3,"humidity":66.8,"ph":6.8}}
[2026-05-24T02:59:02.910Z] Topic: aquaponic/device/data
[2026-05-24T02:59:02.910Z] Payload: {"mac_address":"ESP:32:AA:BB:CC:01","sensors":{"temperature":25.3,"humidity":66.8,"ph":6.8}}
[2026-05-24T02:59:02.910Z] temperature => 25.3
[2026-05-24T02:59:02.910Z] Runtime Error: Can't add new command when connection is in closed state
[2026-05-24T02:59:02.930Z] temperature: 25.3 saved
[2026-05-24T02:59:02.930Z] humidity => 66.8
[2026-05-24T02:59:02.963Z] humidity: 66.8 saved
[2026-05-24T02:59:02.963Z] ph => 6.8
[2026-05-24T02:59:02.973Z] ph: 6.8 saved
[2026-05-24T03:02:32.194Z] Heartbeat alive
[2026-05-24T03:04:04.486Z] Topic: aquaponic/device/data
[2026-05-24T03:04:04.486Z] Payload: {"mac_address":"ESP:32:AA:BB:CC:01","sensors":{"temperature":27.6,"humidity":64.4,"ph":5.5}}
[2026-05-24T03:04:04.487Z] Topic: aquaponic/device/data
[2026-05-24T03:04:04.488Z] Payload: {"mac_address":"ESP:32:AA:BB:CC:01","sensors":{"temperature":27.6,"humidity":64.4,"ph":5.5}}
[2026-05-24T03:04:04.488Z] Runtime Error: Can't add new command when connection is in closed state
[2026-05-24T03:04:04.489Z] temperature => 27.6
[2026-05-24T03:04:04.515Z] temperature: 27.6 saved
[2026-05-24T03:04:04.515Z] humidity => 64.4
[2026-05-24T03:04:04.537Z] humidity: 64.4 saved
[2026-05-24T03:04:04.537Z] ph => 5.5
[2026-05-24T03:04:04.547Z] ph: 5.5 saved
[2026-05-24T03:07:32.219Z] Heartbeat alive
[2026-05-24T03:09:05.988Z] Topic: aquaponic/device/data
[2026-05-24T03:09:05.988Z] Payload: {"mac_address":"ESP:32:AA:BB:CC:01","sensors":{"temperature":32.5,"humidity":74.7,"ph":8.3}}
[2026-05-24T03:09:05.990Z] Topic: aquaponic/device/data
[2026-05-24T03:09:05.990Z] temperature => 32.5
[2026-05-24T03:09:05.990Z] Payload: {"mac_address":"ESP:32:AA:BB:CC:01","sensors":{"temperature":32.5,"humidity":74.7,"ph":8.3}}
[2026-05-24T03:09:05.991Z] Runtime Error: Can't add new command when connection is in closed state
[2026-05-24T03:09:06.004Z] temperature: 32.5 saved
[2026-05-24T03:09:06.037Z] Notification saved
[2026-05-24T03:09:06.037Z] humidity => 74.7
[2026-05-24T03:09:06.055Z] humidity: 74.7 saved
[2026-05-24T03:09:06.055Z] ph => 8.3
[2026-05-24T03:09:06.074Z] ph: 8.3 saved
[2026-05-24T03:09:06.097Z] Notification saved
[2026-05-24T03:12:32.221Z] Heartbeat alive
[2026-05-24T03:17:32.246Z] Heartbeat alive
[2026-05-24T03:22:32.270Z] Heartbeat alive
[2026-05-24T03:27:32.293Z] Heartbeat alive
[2026-05-24T03:32:32.315Z] Heartbeat alive
[2026-05-24T03:37:32.337Z] Heartbeat alive
[2026-05-24T03:42:32.354Z] Heartbeat alive
[2026-05-24T03:47:32.374Z] Heartbeat alive
[2026-05-24T03:52:32.393Z] Heartbeat alive
[2026-05-24T03:57:32.410Z] Heartbeat alive
[2026-05-24T04:02:32.413Z] Heartbeat alive
[2026-05-24T04:07:32.427Z] Heartbeat alive
[2026-05-24T04:12:32.436Z] Heartbeat alive
[2026-05-24T04:17:32.450Z] Heartbeat alive
[2026-05-24T04:22:32.463Z] Heartbeat alive
[2026-05-24T04:27:32.474Z] Heartbeat alive
[2026-05-24T04:32:32.484Z] Heartbeat alive
[2026-05-24T04:37:32.493Z] Heartbeat alive
[2026-05-24T04:42:32.501Z] Heartbeat alive
[2026-05-24T04:47:32.508Z] Heartbeat alive
[2026-05-24T04:52:32.514Z] Heartbeat alive
[2026-05-24T04:57:32.520Z] Heartbeat alive
[2026-05-24T05:02:32.524Z] Heartbeat alive
[2026-05-24T05:07:32.527Z] Heartbeat alive
[2026-05-24T05:12:32.529Z] Heartbeat alive
[2026-05-24T05:17:32.530Z] Heartbeat alive
[2026-05-24T05:22:32.531Z] Heartbeat alive
[2026-05-24T05:27:32.550Z] Heartbeat alive
[2026-05-24T05:32:32.573Z] Heartbeat alive
[2026-05-24T05:37:32.590Z] Heartbeat alive
[2026-05-24T05:42:32.596Z] Heartbeat alive
[2026-05-24T05:47:32.619Z] Heartbeat alive
[2026-05-24T05:52:32.642Z] Heartbeat alive
[2026-05-24T05:57:32.663Z] Heartbeat alive
[2026-05-24T06:02:32.684Z] Heartbeat alive
[2026-05-24T06:07:32.704Z] Heartbeat alive
[2026-05-24T06:12:32.723Z] Heartbeat alive
[2026-05-24T06:17:32.741Z] Heartbeat alive
[2026-05-24T06:22:32.757Z] Heartbeat alive
[2026-05-24T06:27:32.771Z] Heartbeat alive
[2026-05-24T06:32:32.786Z] Heartbeat alive
[2026-05-24T06:37:32.800Z] Heartbeat alive
[2026-05-24T06:42:32.813Z] Heartbeat alive
[2026-05-24T06:47:32.823Z] Heartbeat alive
[2026-05-24T06:52:32.834Z] Heartbeat alive
[2026-05-24T06:57:32.844Z] Heartbeat alive
[2026-05-24T07:02:32.852Z] Heartbeat alive
[2026-05-24T07:07:32.854Z] Heartbeat alive
[2026-05-24T07:12:32.861Z] Heartbeat alive
[2026-05-24T07:17:32.867Z] Heartbeat alive
[2026-05-24T07:22:32.872Z] Heartbeat alive
[2026-05-24T07:27:32.876Z] Heartbeat alive
[2026-05-24T07:32:32.879Z] Heartbeat alive
[2026-05-24T07:37:32.882Z] Heartbeat alive
[2026-05-24T07:42:32.882Z] Heartbeat alive
[2026-05-24T07:47:32.899Z] Heartbeat alive
[2026-05-24T07:52:32.918Z] Heartbeat alive
[2026-05-24T07:57:32.935Z] Heartbeat alive
[2026-05-24T08:02:32.949Z] Heartbeat alive
[2026-05-24T08:07:32.968Z] Heartbeat alive
[2026-05-24T08:12:32.987Z] Heartbeat alive
[2026-05-24T08:17:33.008Z] Heartbeat alive
[2026-05-24T08:22:33.022Z] Heartbeat alive
[2026-05-24T08:27:33.042Z] Heartbeat alive
[2026-05-24T08:32:33.062Z] Heartbeat alive
[2026-05-24T08:37:33.081Z] Heartbeat alive
[2026-05-24T08:42:33.096Z] Heartbeat alive
[2026-05-24T08:47:33.097Z] Heartbeat alive
[2026-05-24T08:52:33.113Z] Heartbeat alive
[2026-05-24T08:57:33.114Z] Heartbeat alive
[2026-05-24T09:02:33.124Z] Heartbeat alive
[2026-05-24T09:07:33.138Z] Heartbeat alive
[2026-05-24T09:12:33.149Z] Heartbeat alive
[2026-05-24T09:17:33.155Z] Heartbeat alive
[2026-05-24T09:22:33.160Z] Heartbeat alive
[2026-05-24T09:27:33.164Z] Heartbeat alive
[2026-05-24T09:32:33.182Z] Heartbeat alive
[2026-05-24T09:37:33.199Z] Heartbeat alive
[2026-05-24T09:42:33.207Z] Heartbeat alive
[2026-05-24T09:47:33.225Z] Heartbeat alive
[2026-05-24T09:52:33.238Z] Heartbeat alive
[2026-05-24T09:57:33.255Z] Heartbeat alive
[2026-05-24T10:02:33.271Z] Heartbeat alive
[2026-05-24T10:07:33.276Z] Heartbeat alive
[2026-05-24T10:12:33.290Z] Heartbeat alive
[2026-05-24T10:17:33.303Z] Heartbeat alive
[2026-05-24T10:22:33.315Z] Heartbeat alive
[2026-05-24T10:27:33.322Z] Heartbeat alive
[2026-05-24T10:32:33.333Z] Heartbeat alive
[2026-05-24T10:37:33.343Z] Heartbeat alive
[2026-05-24T10:42:33.350Z] Heartbeat alive
[2026-05-24T10:47:33.352Z] Heartbeat alive
[2026-05-24T10:52:33.358Z] Heartbeat alive
[2026-05-24T10:57:33.363Z] Heartbeat alive
[2026-05-24T11:02:33.367Z] Heartbeat alive
[2026-05-24T11:07:33.368Z] Heartbeat alive
[2026-05-24T11:12:33.370Z] Heartbeat alive
[2026-05-24T11:17:33.372Z] Heartbeat alive
[2026-05-24T11:22:33.372Z] Heartbeat alive
[2026-05-24T11:27:33.386Z] Heartbeat alive
[2026-05-24T11:32:33.400Z] Heartbeat alive
[2026-05-24T11:37:33.414Z] Heartbeat alive
[2026-05-24T11:42:33.428Z] Heartbeat alive
[2026-05-24T11:47:33.442Z] Heartbeat alive
[2026-05-24T11:52:33.456Z] Heartbeat alive
[2026-05-24T11:57:33.461Z] Heartbeat alive
[2026-05-24T12:02:33.462Z] Heartbeat alive
[2026-05-24T12:07:33.476Z] Heartbeat alive
[2026-05-24T12:12:33.490Z] Heartbeat alive
[2026-05-24T12:17:33.504Z] Heartbeat alive
[2026-05-24T12:22:33.517Z] Heartbeat alive
[2026-05-24T12:27:33.530Z] Heartbeat alive
[2026-05-24T12:32:33.543Z] Heartbeat alive
[2026-05-24T12:37:33.557Z] Heartbeat alive
[2026-05-24T12:42:33.570Z] Heartbeat alive
[2026-05-24T12:47:33.583Z] Heartbeat alive
[2026-05-24T12:52:33.593Z] Heartbeat alive
[2026-05-24T12:57:33.604Z] Heartbeat alive
[2026-05-24T13:02:33.613Z] Heartbeat alive
[2026-05-24T13:07:33.619Z] Heartbeat alive
[2026-05-24T13:12:33.626Z] Heartbeat alive
[2026-05-24T13:17:33.632Z] Heartbeat alive
[2026-05-24T13:22:33.637Z] Heartbeat alive
[2026-05-24T13:27:33.638Z] Heartbeat alive
[2026-05-24T13:32:33.641Z] Heartbeat alive
[2026-05-24T13:37:33.642Z] Heartbeat alive
[2026-05-24T13:42:33.644Z] Heartbeat alive
[2026-05-24T13:47:33.643Z] Heartbeat alive
[2026-05-24T13:52:33.654Z] Heartbeat alive
[2026-05-24T13:57:33.662Z] Heartbeat alive
[2026-05-24T13:58:37.699Z] Topic: aquaponic/device/data
[2026-05-24T13:58:37.699Z] Payload: {"mac_address":"ESP:32:AA:BB:CC:01","sensors":{"temperature":23.4,"humidity":92.4,"ph":5.6}}
[2026-05-24T13:58:37.703Z] Topic: aquaponic/device/data
[2026-05-24T13:58:37.704Z] Payload: {"mac_address":"ESP:32:AA:BB:CC:01","sensors":{"temperature":23.4,"humidity":92.4,"ph":5.6}}
[2026-05-24T13:58:37.705Z] Runtime Error: Can't add new command when connection is in closed state
[2026-05-24T13:58:37.708Z] temperature => 23.4
[2026-05-24T13:58:37.719Z] temperature: 23.4 saved
[2026-05-24T13:58:37.720Z] humidity => 92.4
[2026-05-24T13:58:37.738Z] humidity: 92.4 saved
[2026-05-24T13:58:37.762Z] Notification saved
[2026-05-24T13:58:37.762Z] ph => 5.6
[2026-05-24T13:58:37.773Z] ph: 5.6 saved
[2026-05-24T14:02:33.673Z] Heartbeat alive
[2026-05-24T14:07:33.674Z] Heartbeat alive
[2026-05-24T14:12:33.678Z] Heartbeat alive
[2026-05-24T14:17:33.687Z] Heartbeat alive
[2026-05-24T14:22:33.697Z] Heartbeat alive
[2026-05-24T14:27:33.707Z] Heartbeat alive
[2026-05-24T14:32:33.713Z] Heartbeat alive
[2026-05-24T14:37:33.723Z] Heartbeat alive
[2026-05-24T14:42:33.733Z] Heartbeat alive
[2026-05-24T14:47:33.735Z] Heartbeat alive
[2026-05-24T14:52:33.744Z] Heartbeat alive
[2026-05-24T14:57:33.748Z] Heartbeat alive
[2026-05-24T15:02:33.757Z] Heartbeat alive
[2026-05-24T15:07:33.766Z] Heartbeat alive
[2026-05-24T15:12:33.774Z] Heartbeat alive
[2026-05-24T15:17:33.784Z] Heartbeat alive
[2026-05-24T15:22:33.793Z] Heartbeat alive
[2026-05-24T15:27:33.802Z] Heartbeat alive
[2026-05-24T15:32:33.810Z] Heartbeat alive
[2026-05-24T15:37:33.817Z] Heartbeat alive
[2026-05-24T15:42:33.822Z] Heartbeat alive
[2026-05-24T15:47:33.824Z] Heartbeat alive
[2026-05-24T15:52:33.828Z] Heartbeat alive
[2026-05-24T15:57:33.831Z] Heartbeat alive
[2026-05-24T16:02:33.833Z] Heartbeat alive
[2026-05-24T16:07:33.834Z] Heartbeat alive
[2026-05-24T16:12:33.834Z] Heartbeat alive
[2026-05-24T16:17:33.839Z] Heartbeat alive
[2026-05-24T16:22:33.840Z] Heartbeat alive
[2026-05-24T16:27:33.845Z] Heartbeat alive
[2026-05-24T16:32:33.852Z] Heartbeat alive
[2026-05-24T16:37:33.858Z] Heartbeat alive
[2026-05-24T16:42:33.864Z] Heartbeat alive
[2026-05-24T16:47:33.867Z] Heartbeat alive
[2026-05-24T16:52:33.872Z] Heartbeat alive
[2026-05-24T16:57:33.878Z] Heartbeat alive
[2026-05-24T17:02:33.879Z] Heartbeat alive
[2026-05-24T17:07:33.884Z] Heartbeat alive
[2026-05-24T17:12:33.888Z] Heartbeat alive
[2026-05-24T17:17:33.893Z] Heartbeat alive
[2026-05-24T17:22:33.898Z] Heartbeat alive
[2026-05-24T17:27:33.904Z] Heartbeat alive
[2026-05-24T17:32:33.910Z] Heartbeat alive
[2026-05-24T17:37:33.915Z] Heartbeat alive
[2026-05-24T17:42:33.921Z] Heartbeat alive
[2026-05-24T17:47:33.926Z] Heartbeat alive
[2026-05-24T17:52:33.931Z] Heartbeat alive
[2026-05-24T17:57:33.937Z] Heartbeat alive
[2026-05-24T18:02:33.942Z] Heartbeat alive
[2026-05-24T18:07:33.947Z] Heartbeat alive
[2026-05-24T18:12:33.949Z] Heartbeat alive
[2026-05-24T18:17:33.952Z] Heartbeat alive
[2026-05-24T18:22:33.954Z] Heartbeat alive
[2026-05-24T18:27:33.956Z] Heartbeat alive
[2026-05-24T18:32:33.957Z] Heartbeat alive
[2026-05-24T18:37:33.961Z] Heartbeat alive
[2026-05-24T18:42:33.962Z] Heartbeat alive
[2026-05-24T18:47:33.964Z] Heartbeat alive
[2026-05-24T18:52:33.967Z] Heartbeat alive
[2026-05-24T18:57:33.970Z] Heartbeat alive
[2026-05-24T19:02:33.972Z] Heartbeat alive
[2026-05-24T19:07:33.975Z] Heartbeat alive
[2026-05-24T19:12:33.978Z] Heartbeat alive
[2026-05-24T19:17:33.980Z] Heartbeat alive
[2026-05-24T19:22:33.982Z] Heartbeat alive
[2026-05-24T19:27:33.984Z] Heartbeat alive
[2026-05-24T19:32:33.987Z] Heartbeat alive
[2026-05-24T19:37:33.989Z] Heartbeat alive
[2026-05-24T19:42:33.991Z] Heartbeat alive
[2026-05-24T19:47:33.992Z] Heartbeat alive
[2026-05-24T19:52:33.993Z] Heartbeat alive
[2026-05-24T19:57:33.994Z] Heartbeat alive
[2026-05-24T20:02:33.996Z] Heartbeat alive
[2026-05-24T20:07:33.997Z] Heartbeat alive
[2026-05-24T20:12:33.998Z] Heartbeat alive
[2026-05-24T20:17:33.999Z] Heartbeat alive
[2026-05-24T20:22:34.000Z] Heartbeat alive
[2026-05-24T20:27:34.001Z] Heartbeat alive
[2026-05-24T20:32:34.002Z] Heartbeat alive
[2026-05-24T20:37:34.003Z] Heartbeat alive
[2026-05-24T20:42:34.004Z] Heartbeat alive
[2026-05-24T20:47:34.005Z] Heartbeat alive
[2026-05-24T20:52:34.006Z] Heartbeat alive
[2026-05-24T20:57:34.006Z] Heartbeat alive
[2026-05-24T21:02:34.006Z] Heartbeat alive
[2026-05-24T21:07:34.006Z] Heartbeat alive
[2026-05-24T21:12:34.033Z] Heartbeat alive
[2026-05-24T21:17:34.057Z] Heartbeat alive
[2026-05-24T21:22:34.081Z] Heartbeat alive
[2026-05-24T21:27:34.105Z] Heartbeat alive
[2026-05-24T21:32:34.127Z] Heartbeat alive
[2026-05-24T21:37:34.149Z] Heartbeat alive
[2026-05-24T21:42:34.170Z] Heartbeat alive
[2026-05-24T21:47:34.181Z] Heartbeat alive
[2026-05-24T21:52:34.193Z] Heartbeat alive
[2026-05-24T21:57:34.211Z] Heartbeat alive
[2026-05-24T22:02:34.228Z] Heartbeat alive
[2026-05-24T22:07:34.236Z] Heartbeat alive
[2026-05-24T22:12:34.239Z] Heartbeat alive
[2026-05-24T22:17:34.249Z] Heartbeat alive
[2026-05-24T22:22:34.263Z] Heartbeat alive
[2026-05-24T22:27:34.275Z] Heartbeat alive
[2026-05-24T22:32:34.285Z] Heartbeat alive
[2026-05-24T22:37:34.295Z] Heartbeat alive
[2026-05-24T22:42:34.304Z] Heartbeat alive
[2026-05-24T22:47:34.311Z] Heartbeat alive
[2026-05-24T22:52:34.318Z] Heartbeat alive
[2026-05-24T22:57:34.323Z] Heartbeat alive
[2026-05-24T23:02:34.327Z] Heartbeat alive
[2026-05-24T23:07:34.330Z] Heartbeat alive
[2026-05-24T23:12:34.332Z] Heartbeat alive
[2026-05-24T23:17:34.333Z] Heartbeat alive
[2026-05-24T23:22:34.360Z] Heartbeat alive
[2026-05-24T23:27:34.367Z] Heartbeat alive
[2026-05-24T23:32:34.394Z] Heartbeat alive
[2026-05-24T23:37:34.421Z] Heartbeat alive
[2026-05-24T23:42:34.446Z] Heartbeat alive
[2026-05-24T23:47:34.471Z] Heartbeat alive
[2026-05-24T23:52:34.494Z] Heartbeat alive
[2026-05-24T23:57:34.516Z] Heartbeat alive
[2026-05-25T00:02:34.533Z] Heartbeat alive
[2026-05-25T00:07:34.553Z] Heartbeat alive
[2026-05-25T00:12:34.573Z] Heartbeat alive
[2026-05-25T00:17:34.592Z] Heartbeat alive
[2026-05-25T00:22:34.594Z] Heartbeat alive
[2026-05-25T00:27:34.611Z] Heartbeat alive
[2026-05-25T00:32:34.627Z] Heartbeat alive
[2026-05-25T00:37:34.642Z] Heartbeat alive
[2026-05-25T00:42:34.656Z] Heartbeat alive
[2026-05-25T00:47:34.669Z] Heartbeat alive
[2026-05-25T00:52:34.681Z] Heartbeat alive
[2026-05-25T00:57:34.692Z] Heartbeat alive
[2026-05-25T01:02:34.701Z] Heartbeat alive
[2026-05-25T01:07:34.710Z] Heartbeat alive
[2026-05-25T01:12:34.716Z] Heartbeat alive
[2026-05-25T01:17:34.723Z] Heartbeat alive
[2026-05-25T01:22:34.727Z] Heartbeat alive
[2026-05-25T01:27:34.731Z] Heartbeat alive
[2026-05-25T01:32:34.732Z] Heartbeat alive
[2026-05-25T01:37:34.733Z] Heartbeat alive
[2026-05-25T01:42:34.734Z] Heartbeat alive
[2026-05-25T01:47:34.734Z] Heartbeat alive
[2026-05-25T01:52:34.757Z] Heartbeat alive
[2026-05-25T01:57:34.779Z] Heartbeat alive
[2026-05-25T02:02:34.802Z] Heartbeat alive
[2026-05-25T02:07:34.825Z] Heartbeat alive
[2026-05-25T02:12:34.848Z] Heartbeat alive
[2026-05-25T02:17:34.872Z] Heartbeat alive
[2026-05-25T02:22:34.891Z] Heartbeat alive
[2026-05-25T02:27:34.913Z] Heartbeat alive
[2026-05-25T02:32:34.934Z] Heartbeat alive
[2026-05-25T02:37:34.953Z] Heartbeat alive
[2026-05-25T02:42:34.971Z] Heartbeat alive
[2026-05-25T02:47:34.988Z] Heartbeat alive
[2026-05-25T02:52:35.004Z] Heartbeat alive
[2026-05-25T02:57:35.020Z] Heartbeat alive
[2026-05-25T03:02:35.035Z] Heartbeat alive
[2026-05-25T03:07:35.049Z] Heartbeat alive
[2026-05-25T03:12:35.058Z] Heartbeat alive
[2026-05-25T03:17:35.070Z] Heartbeat alive
[2026-05-25T03:22:35.081Z] Heartbeat alive
[2026-05-25T03:27:35.091Z] Heartbeat alive
[2026-05-25T03:32:35.098Z] Heartbeat alive
[2026-05-25T03:37:35.106Z] Heartbeat alive
[2026-05-25T03:42:35.113Z] Heartbeat alive
[2026-05-25T03:47:35.119Z] Heartbeat alive
[2026-05-25T03:52:35.123Z] Heartbeat alive
[2026-05-25T03:57:35.126Z] Heartbeat alive
[2026-05-25T04:02:35.129Z] Heartbeat alive
[2026-05-25T04:07:35.131Z] Heartbeat alive
[2026-05-25T04:12:35.131Z] Heartbeat alive
[2026-05-25T04:17:35.151Z] Heartbeat alive
[2026-05-25T04:22:35.171Z] Heartbeat alive
[2026-05-25T04:27:35.183Z] Heartbeat alive
[2026-05-25T04:32:35.194Z] Heartbeat alive
[2026-05-25T04:37:35.214Z] Heartbeat alive
[2026-05-25T04:42:35.234Z] Heartbeat alive
[2026-05-25T04:43:11.487Z] Topic: aquaponic/device/data
[2026-05-25T04:43:11.487Z] Payload: {"mac_address":"ESP:32:AA:BB:CC:01","sensors":{"temperature":22,"humidity":91.5,"ph":6.8}}
[2026-05-25T04:43:11.488Z] Runtime Error: Can't add new command when connection is in closed state
[2026-05-25T04:43:11.489Z] Topic: aquaponic/device/data
[2026-05-25T04:43:11.489Z] Payload: {"mac_address":"ESP:32:AA:BB:CC:01","sensors":{"temperature":22,"humidity":91.5,"ph":6.8}}
[2026-05-25T04:43:11.495Z] temperature => 22
[2026-05-25T04:43:11.519Z] temperature: 22 saved
[2026-05-25T04:43:11.519Z] humidity => 91.5
[2026-05-25T04:43:11.537Z] humidity: 91.5 saved
[2026-05-25T04:43:11.546Z] Notification saved
[2026-05-25T04:43:11.546Z] ph => 6.8
[2026-05-25T04:43:11.556Z] ph: 6.8 saved
[2026-05-25T04:47:35.254Z] Heartbeat alive
[2026-05-25T04:52:35.273Z] Heartbeat alive
[2026-05-25T04:57:35.280Z] Heartbeat alive
[2026-05-25T05:02:35.299Z] Heartbeat alive
[2026-05-25T05:07:35.316Z] Heartbeat alive
[2026-05-25T05:12:35.330Z] Heartbeat alive
[2026-05-25T05:17:35.346Z] Heartbeat alive
[2026-05-25T05:22:35.347Z] Heartbeat alive
[2026-05-25T05:27:35.361Z] Heartbeat alive
[2026-05-25T05:32:35.375Z] Heartbeat alive
[2026-05-25T05:37:35.387Z] Heartbeat alive
[2026-05-25T05:42:35.398Z] Heartbeat alive
[2026-05-25T05:47:35.408Z] Heartbeat alive
[2026-05-25T05:52:35.418Z] Heartbeat alive
[2026-05-25T05:57:35.423Z] Heartbeat alive
[2026-05-25T06:02:35.427Z] Heartbeat alive
[2026-05-25T06:07:35.433Z] Heartbeat alive
[2026-05-25T06:12:35.438Z] Heartbeat alive
[2026-05-25T06:17:35.442Z] Heartbeat alive
[2026-05-25T06:22:35.446Z] Heartbeat alive
[2026-05-25T06:27:35.448Z] Heartbeat alive
[2026-05-25T06:32:35.449Z] Heartbeat alive
[2026-05-25T06:37:35.449Z] Heartbeat alive
[2026-05-25T06:42:35.457Z] Heartbeat alive
[2026-05-25T06:47:35.473Z] Heartbeat alive
[2026-05-25T06:52:35.475Z] Heartbeat alive
[2026-05-25T06:57:35.492Z] Heartbeat alive
[2026-05-25T07:02:35.501Z] Heartbeat alive
[2026-05-25T07:07:35.516Z] Heartbeat alive
[2026-05-25T07:12:35.531Z] Heartbeat alive
[2026-05-25T07:17:35.532Z] Heartbeat alive
[2026-05-25T07:22:35.540Z] Heartbeat alive
[2026-05-25T07:27:35.547Z] Heartbeat alive
[2026-05-25T07:32:35.554Z] Heartbeat alive
[2026-05-25T07:37:35.559Z] Heartbeat alive
[2026-05-25T07:42:35.563Z] Heartbeat alive
[2026-05-25T07:47:35.566Z] Heartbeat alive
[2026-05-25T07:52:35.567Z] Heartbeat alive
[2026-05-25T07:57:35.568Z] Heartbeat alive
[2026-05-25T08:02:35.583Z] Heartbeat alive
[2026-05-25T08:07:35.598Z] Heartbeat alive
[2026-05-25T08:12:35.613Z] Heartbeat alive
[2026-05-25T08:17:35.624Z] Heartbeat alive
[2026-05-25T08:22:35.637Z] Heartbeat alive
[2026-05-25T08:27:35.651Z] Heartbeat alive
[2026-05-25T08:32:35.664Z] Heartbeat alive
[2026-05-25T08:37:35.665Z] Heartbeat alive
[2026-05-25T08:42:35.679Z] Heartbeat alive
[2026-05-25T08:47:35.693Z] Heartbeat alive
[2026-05-25T08:52:35.697Z] Heartbeat alive
[2026-05-25T08:57:35.701Z] Heartbeat alive
[2026-05-25T09:02:35.715Z] Heartbeat alive
[2026-05-25T09:07:35.728Z] Heartbeat alive
[2026-05-25T09:09:05.934Z] Topic: aquaponic/device/data
[2026-05-25T09:09:05.934Z] Payload: {"mac_address":"A4:F0:0F:73:D7:20","site_id":1,"sensors":{"ph":2.56,"temp":-127,"ntu":446.68}}
[2026-05-25T09:09:05.936Z] Topic: aquaponic/device/data
[2026-05-25T09:09:05.937Z] Payload: {"mac_address":"A4:F0:0F:73:D7:20","site_id":1,"sensors":{"ph":2.56,"temp":-127,"ntu":446.68}}
[2026-05-25T09:09:05.937Z] Runtime Error: Can't add new command when connection is in closed state
[2026-05-25T09:09:05.937Z] Device not found
[2026-05-25T09:12:35.743Z] Heartbeat alive
[2026-05-25T09:17:35.748Z] Heartbeat alive
[2026-05-25T09:22:35.761Z] Heartbeat alive
[2026-05-25T09:27:35.770Z] Heartbeat alive
[2026-05-25T09:32:35.781Z] Heartbeat alive
[2026-05-25T09:34:33.854Z] Topic: aquaponic/device/data
[2026-05-25T09:34:33.854Z] Payload: {"mac_address":"A4:F0:0F:73:D7:20","site_id":1,"sensors":{"ph":2.56,"temp":-127,"ntu":3000}}
[2026-05-25T09:34:33.857Z] ph => 2.56
[2026-05-25T09:34:33.859Z] Topic: aquaponic/device/data
[2026-05-25T09:34:33.859Z] Payload: {"mac_address":"A4:F0:0F:73:D7:20","site_id":1,"sensors":{"ph":2.56,"temp":-127,"ntu":3000}}
[2026-05-25T09:34:33.860Z] Runtime Error: Can't add new command when connection is in closed state
[2026-05-25T09:34:33.874Z] ph: 2.56 saved
[2026-05-25T09:34:33.884Z] Notification saved
[2026-05-25T09:34:33.884Z] temperature => undefined
[2026-05-25T09:34:33.884Z] No value for temperature
[2026-05-25T09:36:25.469Z] Topic: aquaponic/device/data
[2026-05-25T09:36:25.469Z] Payload: {"mac_address":"A4:F0:0F:73:D7:20","sensors":{"ph":2.56,"temp":-127,"ntu":3000}}
[2026-05-25T09:36:25.469Z] Topic: aquaponic/device/data
[2026-05-25T09:36:25.469Z] Payload: {"mac_address":"A4:F0:0F:73:D7:20","sensors":{"ph":2.56,"temp":-127,"ntu":3000}}
[2026-05-25T09:36:25.470Z] Runtime Error: Can't add new command when connection is in closed state
[2026-05-25T09:36:25.471Z] ph => 2.56
[2026-05-25T09:36:25.489Z] ph: 2.56 saved
[2026-05-25T09:36:25.499Z] Notification saved
[2026-05-25T09:36:25.499Z] temperature => undefined
[2026-05-25T09:36:25.499Z] No value for temperature
[2026-05-25T09:37:35.784Z] Heartbeat alive
[2026-05-25T09:41:50.146Z] Topic: aquaponic/device/data
[2026-05-25T09:41:50.147Z] Payload: {"mac_address":"A4:F0:0F:73:D7:20","sensors":{"ph":2.56,"temp":-127,"ntu":1074.82}}
[2026-05-25T09:41:50.148Z] ph => 2.56
[2026-05-25T09:41:50.149Z] Topic: aquaponic/device/data
[2026-05-25T09:41:50.150Z] Payload: {"mac_address":"A4:F0:0F:73:D7:20","sensors":{"ph":2.56,"temp":-127,"ntu":1074.82}}
[2026-05-25T09:41:50.150Z] Runtime Error: Can't add new command when connection is in closed state
[2026-05-25T09:41:50.157Z] ph: 2.56 saved
[2026-05-25T09:41:50.172Z] Notification saved
[2026-05-25T09:41:50.173Z] temperature => undefined
[2026-05-25T09:41:50.173Z] No value for temperature
[2026-05-25T09:42:07.924Z] Topic: aquaponic/device/data
[2026-05-25T09:42:07.924Z] Payload: {"mac_address":"A4:F0:0F:73:D7:20","sensors":{"ph":2.56,"temp":-127,"ntu":1075.42}}
[2026-05-25T09:42:07.926Z] ph => 2.56
[2026-05-25T09:42:07.926Z] Topic: aquaponic/device/data
[2026-05-25T09:42:07.926Z] Payload: {"mac_address":"A4:F0:0F:73:D7:20","sensors":{"ph":2.56,"temp":-127,"ntu":1075.42}}
[2026-05-25T09:42:07.926Z] Runtime Error: Can't add new command when connection is in closed state
[2026-05-25T09:42:07.938Z] ph: 2.56 saved
[2026-05-25T09:42:07.958Z] Notification saved
[2026-05-25T09:42:07.958Z] temperature => undefined
[2026-05-25T09:42:07.958Z] No value for temperature
[2026-05-25T09:42:35.787Z] Heartbeat alive
[2026-05-25T09:46:13.848Z] Topic: aquaponic/device/data
[2026-05-25T09:46:13.849Z] Payload: {"mac_address":"A4:F0:0F:73:D7:20","sensors":{"ph":2.56,"temp":-127,"ntu":1064.38}}
[2026-05-25T09:46:13.851Z] ph => 2.56
[2026-05-25T09:46:13.852Z] Topic: aquaponic/device/data
[2026-05-25T09:46:13.852Z] Payload: {"mac_address":"A4:F0:0F:73:D7:20","sensors":{"ph":2.56,"temp":-127,"ntu":1064.38}}
[2026-05-25T09:46:13.853Z] Runtime Error: Can't add new command when connection is in closed state
[2026-05-25T09:46:13.873Z] ph: 2.56 saved
[2026-05-25T09:46:13.881Z] Notification saved
[2026-05-25T09:46:13.881Z] temperature => undefined
[2026-05-25T09:46:13.881Z] No value for temperature
[2026-05-25T09:46:56.886Z] Topic: aquaponic/device/data
[2026-05-25T09:46:56.886Z] Payload: {"mac_address":"A4:F0:0F:73:D7:20","sensors":{"ph":2.56,"temp":-127,"ntu":1058.67}}
[2026-05-25T09:46:56.888Z] ph => 2.56
[2026-05-25T09:46:56.888Z] Topic: aquaponic/device/data
[2026-05-25T09:46:56.888Z] Payload: {"mac_address":"A4:F0:0F:73:D7:20","sensors":{"ph":2.56,"temp":-127,"ntu":1058.67}}
[2026-05-25T09:46:56.889Z] Runtime Error: Can't add new command when connection is in closed state
[2026-05-25T09:46:56.903Z] ph: 2.56 saved
[2026-05-25T09:46:56.912Z] Notification saved
[2026-05-25T09:46:56.913Z] temperature => undefined
[2026-05-25T09:46:56.913Z] No value for temperature
[2026-05-25T09:47:35.794Z] Heartbeat alive
[2026-05-25T09:52:35.801Z] Heartbeat alive
[2026-05-25T09:57:35.807Z] Heartbeat alive
[2026-05-25T10:02:35.813Z] Heartbeat alive
[2026-05-25T10:07:35.816Z] Heartbeat alive
[2026-05-25T10:12:35.818Z] Heartbeat alive
[2026-05-25T10:17:35.820Z] Heartbeat alive
[2026-05-25T10:22:35.821Z] Heartbeat alive
[2026-05-25T10:27:35.831Z] Heartbeat alive
[2026-05-25T10:32:35.842Z] Heartbeat alive
[2026-05-25T10:32:44.954Z] Topic: aquaponic/device/data
[2026-05-25T10:32:44.955Z] Payload: {"mac_address":"A4:F0:0F:76:1F:88","sensors":{"ph":20.89,"temp":-127,"ntu":3000}}
[2026-05-25T10:32:44.955Z] Runtime Error: Can't add new command when connection is in closed state
[2026-05-25T10:32:44.979Z] Topic: aquaponic/device/data
[2026-05-25T10:32:44.979Z] Payload: {"mac_address":"A4:F0:0F:76:1F:88","sensors":{"ph":20.89,"temp":-127,"ntu":3000}}
[2026-05-25T10:32:44.981Z] Device not found
[2026-05-25T10:37:35.853Z] Heartbeat alive
[2026-05-25T10:37:51.366Z] Topic: aquaponic/device/data
[2026-05-25T10:37:51.367Z] Payload: {"mac_address":"A4:F0:0F:76:1F:88","sensors":{"ph":20.89,"temp":-127,"ntu":3000}}
[2026-05-25T10:37:51.368Z] Device not found
[2026-05-25T10:37:51.368Z] Topic: aquaponic/device/data
[2026-05-25T10:37:51.368Z] Payload: {"mac_address":"A4:F0:0F:76:1F:88","sensors":{"ph":20.89,"temp":-127,"ntu":3000}}
[2026-05-25T10:37:51.369Z] Runtime Error: Can't add new command when connection is in closed state
[2026-05-25T10:38:54.001Z] Topic: aquaponic/device/data
[2026-05-25T10:38:54.001Z] Payload: {"mac_address":"A4:F0:0F:76:1F:88","sensors":{"ph":20.28,"temp":-127,"ntu":3000}}
[2026-05-25T10:38:54.002Z] Device not found
[2026-05-25T10:38:54.004Z] Topic: aquaponic/device/data
[2026-05-25T10:38:54.004Z] Payload: {"mac_address":"A4:F0:0F:76:1F:88","sensors":{"ph":20.28,"temp":-127,"ntu":3000}}
[2026-05-25T10:38:54.005Z] Runtime Error: Can't add new command when connection is in closed state
[2026-05-25T10:42:35.862Z] Heartbeat alive
[2026-05-25T10:47:35.873Z] Heartbeat alive
[2026-05-25T10:52:35.884Z] Heartbeat alive
[2026-05-25T10:57:35.895Z] Heartbeat alive
[2026-05-25T11:02:35.906Z] Heartbeat alive
[2026-05-25T11:07:35.911Z] Heartbeat alive
[2026-05-25T11:12:35.921Z] Heartbeat alive
[2026-05-25T11:17:35.931Z] Heartbeat alive
[2026-05-25T11:22:35.942Z] Heartbeat alive
[2026-05-25T11:27:35.951Z] Heartbeat alive
[2026-05-25T11:32:35.961Z] Heartbeat alive
[2026-05-25T11:37:35.971Z] Heartbeat alive
[2026-05-25T11:42:35.980Z] Heartbeat alive
[2026-05-25T11:47:35.990Z] Heartbeat alive
[2026-05-25T11:52:36.000Z] Heartbeat alive
[2026-05-25T11:57:36.010Z] Heartbeat alive
[2026-05-25T12:02:36.019Z] Heartbeat alive
[2026-05-25T12:07:36.026Z] Heartbeat alive
[2026-05-25T12:12:36.034Z] Heartbeat alive
[2026-05-25T12:17:36.039Z] Heartbeat alive
[2026-05-25T12:22:36.044Z] Heartbeat alive
[2026-05-25T12:27:36.049Z] Heartbeat alive
[2026-05-25T12:29:42.695Z] Topic: aquaponic/device/data
[2026-05-25T12:29:42.695Z] Payload: {"mac_address":"A4:F0:0F:73:D7:20","sensors":{"ph":20.89,"temp":-127,"ntu":3000}}
[2026-05-25T12:29:42.700Z] ph => 20.89
[2026-05-25T12:29:42.701Z] Topic: aquaponic/device/data
[2026-05-25T12:29:42.701Z] Payload: {"mac_address":"A4:F0:0F:73:D7:20","sensors":{"ph":20.89,"temp":-127,"ntu":3000}}
[2026-05-25T12:29:42.701Z] Runtime Error: Can't add new command when connection is in closed state
[2026-05-25T12:29:42.723Z] ph: 20.89 saved
[2026-05-25T12:29:42.738Z] Notification saved
[2026-05-25T12:29:42.738Z] temperature => undefined
[2026-05-25T12:29:42.738Z] No value for temperature
[2026-05-25T12:30:15.467Z] Topic: aquaponic/device/data
[2026-05-25T12:30:15.468Z] Payload: {"mac_address":"A4:F0:0F:73:D7:20","sensors":{"ph":20.89,"temp":36.31,"ntu":3000}}
[2026-05-25T12:30:15.468Z] Topic: aquaponic/device/data
[2026-05-25T12:30:15.468Z] Runtime Error: Can't add new command when connection is in closed state
[2026-05-25T12:30:15.468Z] Payload: {"mac_address":"A4:F0:0F:73:D7:20","sensors":{"ph":20.89,"temp":36.31,"ntu":3000}}
[2026-05-25T12:30:15.470Z] ph => 20.89
[2026-05-25T12:30:15.511Z] ph: 20.89 saved
[2026-05-25T12:30:15.535Z] Notification saved
[2026-05-25T12:30:15.535Z] temperature => undefined
[2026-05-25T12:30:15.535Z] No value for temperature
[2026-05-25T12:30:28.355Z] Topic: aquaponic/device/data
[2026-05-25T12:30:28.355Z] Payload: {"mac_address":"A4:F0:0F:73:D7:20","sensors":{"ph":20.89,"temp":36.31,"ntu":3000}}
[2026-05-25T12:30:28.356Z] Runtime Error: Can't add new command when connection is in closed state
[2026-05-25T12:30:28.356Z] Topic: aquaponic/device/data
[2026-05-25T12:30:28.356Z] Payload: {"mac_address":"A4:F0:0F:73:D7:20","sensors":{"ph":20.89,"temp":36.31,"ntu":3000}}
[2026-05-25T12:30:28.358Z] ph => 20.89
[2026-05-25T12:30:28.375Z] ph: 20.89 saved
[2026-05-25T12:30:28.390Z] Notification saved
[2026-05-25T12:30:28.390Z] temperature => undefined
[2026-05-25T12:30:28.390Z] No value for temperature
[2026-05-25T12:30:41.883Z] Topic: aquaponic/device/data
[2026-05-25T12:30:41.883Z] Payload: {"mac_address":"A4:F0:0F:73:D7:20","sensors":{"ph":20.89,"temp":36.31,"ntu":3000}}
[2026-05-25T12:30:41.883Z] Topic: aquaponic/device/data
[2026-05-25T12:30:41.883Z] Payload: {"mac_address":"A4:F0:0F:73:D7:20","sensors":{"ph":20.89,"temp":36.31,"ntu":3000}}
[2026-05-25T12:30:41.884Z] Runtime Error: Can't add new command when connection is in closed state
[2026-05-25T12:30:41.885Z] ph => 20.89
[2026-05-25T12:30:41.897Z] ph: 20.89 saved
[2026-05-25T12:30:41.905Z] Notification saved
[2026-05-25T12:30:41.905Z] temperature => undefined
[2026-05-25T12:30:41.905Z] No value for temperature
[2026-05-25T12:32:36.053Z] Heartbeat alive
[2026-05-25T12:37:30.447Z] Topic: aquaponic/device/data
[2026-05-25T12:37:30.447Z] Payload: {"mac_address":"A4:F0:0F:73:D7:20","sensors":{"ph":20.89,"temp":-127,"ntu":3000}}
[2026-05-25T12:37:30.449Z] ph => 20.89
[2026-05-25T12:37:30.453Z] Topic: aquaponic/device/data
[2026-05-25T12:37:30.454Z] Payload: {"mac_address":"A4:F0:0F:73:D7:20","sensors":{"ph":20.89,"temp":-127,"ntu":3000}}
[2026-05-25T12:37:30.454Z] Runtime Error: Can't add new command when connection is in closed state
[2026-05-25T12:37:30.472Z] ph: 20.89 saved
[2026-05-25T12:37:30.485Z] Notification saved
[2026-05-25T12:37:30.486Z] temperature => undefined
[2026-05-25T12:37:30.486Z] No value for temperature
[2026-05-25T12:37:36.055Z] Heartbeat alive
[2026-05-25T12:42:36.057Z] Heartbeat alive
[2026-05-25T12:47:36.058Z] Heartbeat alive
[2026-05-25T12:52:36.066Z] Heartbeat alive
[2026-05-25T12:57:36.072Z] Heartbeat alive
[2026-05-25T13:02:36.076Z] Heartbeat alive
[2026-05-25T13:07:36.084Z] Heartbeat alive
[2026-05-25T13:12:36.088Z] Heartbeat alive
[2026-05-25T13:17:36.096Z] Heartbeat alive
[2026-05-25T13:22:36.103Z] Heartbeat alive
[2026-05-25T13:27:36.108Z] Heartbeat alive
[2026-05-25T13:32:36.113Z] Heartbeat alive
[2026-05-25T13:37:36.117Z] Heartbeat alive
[2026-05-25T13:42:36.124Z] Heartbeat alive
[2026-05-25T13:47:36.128Z] Heartbeat alive
[2026-05-25T13:52:36.132Z] Heartbeat alive
[2026-05-25T13:57:36.139Z] Heartbeat alive
[2026-05-25T14:02:36.146Z] Heartbeat alive
[2026-05-25T14:07:36.149Z] Heartbeat alive
[2026-05-25T14:12:36.156Z] Heartbeat alive
[2026-05-25T14:17:36.161Z] Heartbeat alive
[2026-05-25T14:18:20.266Z] Topic: aquaponic/device/data
[2026-05-25T14:18:20.267Z] Payload: {"mac_address":"ESP:32:AA:BB:CC:01","sensors":{"temperature":29.1,"humidity":53.4,"ph":7.3}}
[2026-05-25T14:18:20.269Z] temperature => 29.1
[2026-05-25T14:18:20.273Z] Topic: aquaponic/device/data
[2026-05-25T14:18:20.273Z] Payload: {"mac_address":"ESP:32:AA:BB:CC:01","sensors":{"temperature":29.1,"humidity":53.4,"ph":7.3}}
[2026-05-25T14:18:20.274Z] Runtime Error: Can't add new command when connection is in closed state
[2026-05-25T14:18:20.281Z] temperature: 29.1 saved
[2026-05-25T14:18:20.281Z] humidity => 53.4
[2026-05-25T14:18:20.298Z] humidity: 53.4 saved
[2026-05-25T14:18:20.298Z] ph => 7.3
[2026-05-25T14:18:20.310Z] ph: 7.3 saved
[2026-05-25T14:22:36.168Z] Heartbeat alive
[2026-05-25T14:23:22.455Z] Topic: aquaponic/device/data
[2026-05-25T14:23:22.456Z] Payload: {"mac_address":"ESP:32:AA:BB:CC:01","sensors":{"temperature":20.3,"humidity":85.7,"ph":8.5}}
[2026-05-25T14:23:22.457Z] temperature => 20.3
[2026-05-25T14:23:22.460Z] Topic: aquaponic/device/data
[2026-05-25T14:23:22.460Z] Payload: {"mac_address":"ESP:32:AA:BB:CC:01","sensors":{"temperature":20.3,"humidity":85.7,"ph":8.5}}
[2026-05-25T14:23:22.460Z] Runtime Error: Can't add new command when connection is in closed state
[2026-05-25T14:23:22.476Z] temperature: 20.3 saved
[2026-05-25T14:23:22.476Z] humidity => 85.7
[2026-05-25T14:23:22.496Z] humidity: 85.7 saved
[2026-05-25T14:23:22.507Z] Notification saved
[2026-05-25T14:23:22.508Z] ph => 8.5
[2026-05-25T14:23:22.516Z] ph: 8.5 saved
[2026-05-25T14:23:22.527Z] Notification saved
[2026-05-25T14:27:36.174Z] Heartbeat alive
[2026-05-25T14:28:24.275Z] Topic: aquaponic/device/data
[2026-05-25T14:28:24.275Z] Payload: {"mac_address":"ESP:32:AA:BB:CC:01","sensors":{"temperature":22.1,"humidity":68.4,"ph":6.7}}
[2026-05-25T14:28:24.277Z] temperature => 22.1
[2026-05-25T14:28:24.278Z] Topic: aquaponic/device/data
[2026-05-25T14:28:24.278Z] Payload: {"mac_address":"ESP:32:AA:BB:CC:01","sensors":{"temperature":22.1,"humidity":68.4,"ph":6.7}}
[2026-05-25T14:28:24.279Z] Runtime Error: Can't add new command when connection is in closed state
[2026-05-25T14:28:24.294Z] temperature: 22.1 saved
[2026-05-25T14:28:24.294Z] humidity => 68.4
[2026-05-25T14:28:24.303Z] humidity: 68.4 saved
[2026-05-25T14:28:24.304Z] ph => 6.7
[2026-05-25T14:28:24.321Z] ph: 6.7 saved
[2026-05-25T14:32:36.180Z] Heartbeat alive
[2026-05-25T14:33:26.302Z] Topic: aquaponic/device/data
[2026-05-25T14:33:26.302Z] Payload: {"mac_address":"ESP:32:AA:BB:CC:01","sensors":{"temperature":22.3,"humidity":63.7,"ph":8.8}}
[2026-05-25T14:33:26.304Z] temperature => 22.3
[2026-05-25T14:33:26.304Z] Topic: aquaponic/device/data
[2026-05-25T14:33:26.304Z] Payload: {"mac_address":"ESP:32:AA:BB:CC:01","sensors":{"temperature":22.3,"humidity":63.7,"ph":8.8}}
[2026-05-25T14:33:26.305Z] Runtime Error: Can't add new command when connection is in closed state
[2026-05-25T14:33:26.313Z] temperature: 22.3 saved
[2026-05-25T14:33:26.313Z] humidity => 63.7
[2026-05-25T14:33:26.323Z] humidity: 63.7 saved
[2026-05-25T14:33:26.323Z] ph => 8.8
[2026-05-25T14:33:26.342Z] ph: 8.8 saved
[2026-05-25T14:33:26.352Z] Notification saved
[2026-05-25T14:37:36.183Z] Heartbeat alive
[2026-05-25T14:38:28.585Z] Topic: aquaponic/device/data
[2026-05-25T14:38:28.585Z] Payload: {"mac_address":"ESP:32:AA:BB:CC:01","sensors":{"temperature":20.3,"humidity":77.5,"ph":8.1}}
[2026-05-25T14:38:28.587Z] temperature => 20.3
[2026-05-25T14:38:28.589Z] Topic: aquaponic/device/data
[2026-05-25T14:38:28.589Z] Payload: {"mac_address":"ESP:32:AA:BB:CC:01","sensors":{"temperature":20.3,"humidity":77.5,"ph":8.1}}
[2026-05-25T14:38:28.590Z] Runtime Error: Can't add new command when connection is in closed state
[2026-05-25T14:38:28.600Z] temperature: 20.3 saved
[2026-05-25T14:38:28.600Z] humidity => 77.5
[2026-05-25T14:38:28.617Z] humidity: 77.5 saved
[2026-05-25T14:38:28.618Z] ph => 8.1
[2026-05-25T14:38:28.629Z] ph: 8.1 saved
[2026-05-25T14:38:28.643Z] Notification saved
[2026-05-25T14:40:12.413Z] Topic: aquaponic/device/data
[2026-05-25T14:40:12.414Z] Payload: {"mac_address":"ESP:32:AA:BB:CC:01","sensors":{"temperature":21.9,"humidity":36.1,"ph":5.4}}
[2026-05-25T14:40:12.416Z] temperature => 21.9
[2026-05-25T14:40:12.417Z] Topic: aquaponic/device/data
[2026-05-25T14:40:12.417Z] Payload: {"mac_address":"ESP:32:AA:BB:CC:01","sensors":{"temperature":21.9,"humidity":36.1,"ph":5.4}}
[2026-05-25T14:40:12.418Z] Runtime Error: Can't add new command when connection is in closed state
[2026-05-25T14:40:12.431Z] temperature: 21.9 saved
[2026-05-25T14:40:12.431Z] humidity => 36.1
[2026-05-25T14:40:12.447Z] humidity: 36.1 saved
[2026-05-25T14:40:12.469Z] Notification saved
[2026-05-25T14:40:12.469Z] ph => 5.4
[2026-05-25T14:40:12.479Z] ph: 5.4 saved
[2026-05-25T14:40:12.493Z] Notification saved
[2026-05-25T14:42:36.186Z] Heartbeat alive
[2026-05-25T14:43:51.932Z] === APP STARTED ===
[2026-05-25T14:43:52.009Z] HTTP Running:
undefined
[2026-05-25T14:43:52.061Z] Database Connected
[2026-05-25T14:43:52.747Z] MQTT Connected
[2026-05-25T14:43:52.934Z] Subscribed:
aquaponic/device/data
[2026-05-25T14:45:14.511Z] Topic: aquaponic/device/data
[2026-05-25T14:45:14.511Z] Payload: {"mac_address":"ESP:32:AA:BB:CC:01","sensors":{"temperature":34.8,"humidity":81.4,"ph":5}}
[2026-05-25T14:45:14.512Z] Runtime Error: Can't add new command when connection is in closed state
[2026-05-25T14:45:14.510Z] Topic:
aquaponic/device/data
[2026-05-25T14:45:14.510Z] {"mac_address":"ESP:32:AA:BB:CC:01","sensors":{"temperature":34.8,"humidity":81.4,"ph":5}}
[2026-05-25T14:45:14.524Z] Runtime Error:
Unknown column 'json_key' in 'field list'
[2026-05-25T14:48:51.946Z] Heartbeat alive
[2026-05-25T14:53:51.947Z] Heartbeat alive
[2026-05-25T14:58:51.973Z] Heartbeat alive
[2026-05-25T15:03:51.994Z] Heartbeat alive
[2026-05-25T15:08:52.017Z] Heartbeat alive
[2026-05-25T15:13:52.041Z] Heartbeat alive
[2026-05-25T15:18:52.064Z] Heartbeat alive
[2026-05-25T15:23:52.086Z] Heartbeat alive
[2026-05-25T15:28:52.104Z] Heartbeat alive
[2026-05-25T15:33:52.111Z] Heartbeat alive
[2026-05-25T15:38:52.115Z] Heartbeat alive
[2026-05-25T15:43:52.123Z] Heartbeat alive
[2026-05-25T15:48:52.135Z] Heartbeat alive
[2026-05-25T15:53:52.148Z] Heartbeat alive
[2026-05-25T15:58:52.156Z] Heartbeat alive
[2026-05-25T16:03:52.169Z] Heartbeat alive
[2026-05-25T16:08:52.181Z] Heartbeat alive
[2026-05-25T16:13:52.193Z] Heartbeat alive
[2026-05-25T16:18:52.201Z] Heartbeat alive
[2026-05-25T16:23:52.210Z] Heartbeat alive
[2026-05-25T16:28:52.218Z] Heartbeat alive
[2026-05-25T16:33:52.226Z] Heartbeat alive
[2026-05-25T16:38:52.233Z] Heartbeat alive
[2026-05-25T16:43:52.239Z] Heartbeat alive
[2026-05-25T16:48:52.243Z] Heartbeat alive
[2026-05-25T16:53:52.246Z] Heartbeat alive
[2026-05-25T16:58:52.248Z] Heartbeat alive
[2026-05-25T17:03:52.249Z] Heartbeat alive
[2026-05-25T17:08:52.249Z] Heartbeat alive
[2026-05-25T17:13:52.275Z] Heartbeat alive
[2026-05-25T17:18:52.301Z] Heartbeat alive
[2026-05-25T17:23:52.304Z] Heartbeat alive
[2026-05-25T17:28:52.328Z] Heartbeat alive
[2026-05-25T17:33:52.353Z] Heartbeat alive
[2026-05-25T17:38:52.354Z] Heartbeat alive
[2026-05-25T17:43:52.367Z] Heartbeat alive
[2026-05-25T17:48:52.383Z] Heartbeat alive
[2026-05-25T17:53:52.404Z] Heartbeat alive
[2026-05-25T17:58:52.416Z] Heartbeat alive
[2026-05-25T18:03:52.433Z] Heartbeat alive
[2026-05-25T18:08:52.451Z] Heartbeat alive
[2026-05-25T18:13:52.468Z] Heartbeat alive
[2026-05-25T18:18:52.485Z] Heartbeat alive
[2026-05-25T18:23:52.501Z] Heartbeat alive
[2026-05-25T18:28:52.516Z] Heartbeat alive
[2026-05-25T18:33:52.531Z] Heartbeat alive
[2026-05-25T18:38:52.544Z] Heartbeat alive
[2026-05-25T18:43:52.556Z] Heartbeat alive
[2026-05-25T18:48:52.568Z] Heartbeat alive
[2026-05-25T18:53:52.572Z] Heartbeat alive
[2026-05-25T18:58:52.581Z] Heartbeat alive
[2026-05-25T19:03:52.588Z] Heartbeat alive
[2026-05-25T19:08:52.591Z] Heartbeat alive
[2026-05-25T19:13:52.595Z] Heartbeat alive
[2026-05-25T19:18:52.597Z] Heartbeat alive
[2026-05-25T19:23:52.601Z] Heartbeat alive
[2026-05-25T19:28:52.604Z] Heartbeat alive
[2026-05-25T19:33:52.607Z] Heartbeat alive
[2026-05-25T19:38:52.607Z] Heartbeat alive
[2026-05-25T19:43:52.613Z] Heartbeat alive
[2026-05-25T19:48:52.637Z] Heartbeat alive
[2026-05-25T19:53:52.656Z] Heartbeat alive
[2026-05-25T19:58:52.680Z] Heartbeat alive
[2026-05-25T20:03:52.692Z] Heartbeat alive
[2026-05-25T20:08:52.716Z] Heartbeat alive
[2026-05-25T20:13:52.738Z] Heartbeat alive
[2026-05-25T20:18:52.752Z] Heartbeat alive
[2026-05-25T20:23:52.773Z] Heartbeat alive
[2026-05-25T20:28:52.790Z] Heartbeat alive
[2026-05-25T20:33:52.810Z] Heartbeat alive
[2026-05-25T20:38:52.828Z] Heartbeat alive
[2026-05-25T20:43:52.845Z] Heartbeat alive
[2026-05-25T20:48:52.862Z] Heartbeat alive
[2026-05-25T20:53:52.877Z] Heartbeat alive
[2026-05-25T20:58:52.891Z] Heartbeat alive
[2026-05-25T21:03:52.902Z] Heartbeat alive
[2026-05-25T21:08:52.913Z] Heartbeat alive
[2026-05-25T21:13:52.924Z] Heartbeat alive
[2026-05-25T21:18:52.935Z] Heartbeat alive
[2026-05-25T21:23:52.942Z] Heartbeat alive
[2026-05-25T21:28:52.944Z] Heartbeat alive
[2026-05-25T21:33:52.951Z] Heartbeat alive
[2026-05-25T21:38:52.958Z] Heartbeat alive
[2026-05-25T21:43:52.960Z] Heartbeat alive
[2026-05-25T21:48:52.965Z] Heartbeat alive
[2026-05-25T21:53:52.968Z] Heartbeat alive
[2026-05-25T21:58:52.970Z] Heartbeat alive
[2026-05-25T22:03:52.971Z] Heartbeat alive
[2026-05-25T22:08:52.972Z] Heartbeat alive
[2026-05-25T22:13:52.991Z] Heartbeat alive
[2026-05-25T22:18:53.010Z] Heartbeat alive
[2026-05-25T22:23:53.024Z] Heartbeat alive
[2026-05-25T22:28:53.028Z] Heartbeat alive
[2026-05-25T22:33:53.047Z] Heartbeat alive
[2026-05-25T22:38:53.066Z] Heartbeat alive
[2026-05-25T22:43:53.068Z] Heartbeat alive
[2026-05-25T22:48:53.087Z] Heartbeat alive
[2026-05-25T22:53:53.106Z] Heartbeat alive
[2026-05-25T22:58:53.120Z] Heartbeat alive
[2026-05-25T23:03:53.134Z] Heartbeat alive
[2026-05-25T23:08:53.151Z] Heartbeat alive
[2026-05-25T23:13:53.167Z] Heartbeat alive
[2026-05-25T23:18:53.182Z] Heartbeat alive
[2026-05-25T23:23:53.193Z] Heartbeat alive
[2026-05-25T23:28:53.203Z] Heartbeat alive
[2026-05-25T23:33:53.216Z] Heartbeat alive
[2026-05-25T23:38:53.226Z] Heartbeat alive
[2026-05-25T23:43:53.236Z] Heartbeat alive
[2026-05-25T23:48:53.245Z] Heartbeat alive
[2026-05-25T23:53:53.254Z] Heartbeat alive
[2026-05-25T23:58:53.262Z] Heartbeat alive
[2026-05-26T00:03:53.268Z] Heartbeat alive
[2026-05-26T00:08:53.273Z] Heartbeat alive
[2026-05-26T00:13:53.278Z] Heartbeat alive
[2026-05-26T00:18:53.281Z] Heartbeat alive
[2026-05-26T00:23:53.284Z] Heartbeat alive
[2026-05-26T00:28:53.285Z] Heartbeat alive
[2026-05-26T00:33:53.286Z] Heartbeat alive
[2026-05-26T00:38:53.302Z] Heartbeat alive
[2026-05-26T00:43:53.317Z] Heartbeat alive
[2026-05-26T00:48:53.332Z] Heartbeat alive
[2026-05-26T00:53:53.347Z] Heartbeat alive
[2026-05-26T00:58:53.362Z] Heartbeat alive
[2026-05-26T01:03:53.377Z] Heartbeat alive
[2026-05-26T01:08:53.382Z] Heartbeat alive
[2026-05-26T01:13:53.395Z] Heartbeat alive
[2026-05-26T01:18:53.410Z] Heartbeat alive
[2026-05-26T01:23:53.420Z] Heartbeat alive
[2026-05-26T01:28:53.435Z] Heartbeat alive
[2026-05-26T01:33:53.435Z] Heartbeat alive
[2026-05-26T01:38:53.451Z] Heartbeat alive
[2026-05-26T01:43:53.455Z] Heartbeat alive
[2026-05-26T01:48:53.456Z] Heartbeat alive
[2026-05-26T01:53:53.470Z] Heartbeat alive
[2026-05-26T01:58:53.481Z] Heartbeat alive
[2026-05-26T02:03:53.493Z] Heartbeat alive
[2026-05-26T02:08:53.496Z] Heartbeat alive
[2026-05-26T02:13:53.506Z] Heartbeat alive
[2026-05-26T02:18:53.515Z] Heartbeat alive
[2026-05-26T02:23:53.523Z] Heartbeat alive
[2026-05-26T02:28:53.525Z] Heartbeat alive
[2026-05-26T02:33:53.532Z] Heartbeat alive
[2026-05-26T02:38:53.533Z] Heartbeat alive
[2026-05-26T02:43:53.538Z] Heartbeat alive
[2026-05-26T02:48:53.542Z] Heartbeat alive
[2026-05-26T02:53:53.545Z] Heartbeat alive
[2026-05-26T02:58:53.545Z] Heartbeat alive
[2026-05-26T03:03:53.546Z] Heartbeat alive
[2026-05-26T03:08:53.559Z] Heartbeat alive
[2026-05-26T03:13:53.571Z] Heartbeat alive
[2026-05-26T03:18:53.577Z] Heartbeat alive
[2026-05-26T03:19:27.680Z] Topic:
aquaponic/device/data
[2026-05-26T03:19:27.680Z] {"mac_address":"ESP:32:AA:BB:CC:01","sensors":{"temperature":22.6,"humidity":78.9,"ph":5.9}}
[2026-05-26T03:19:27.682Z] Topic: aquaponic/device/data
[2026-05-26T03:19:27.683Z] Payload: {"mac_address":"ESP:32:AA:BB:CC:01","sensors":{"temperature":22.6,"humidity":78.9,"ph":5.9}}
[2026-05-26T03:19:27.683Z] Runtime Error: Can't add new command when connection is in closed state
[2026-05-26T03:19:27.687Z] Runtime Error:
Unknown column 'json_key' in 'field list'
[2026-05-26T03:20:05.956Z] Topic: aquaponic/device/data
[2026-05-26T03:20:05.956Z] Payload: {"mac_address":"ESP:32:AA:BB:CC:01","sensors":{"temperature":23.7,"humidity":35.5,"ph":7.8}}
[2026-05-26T03:20:05.956Z] Runtime Error: Can't add new command when connection is in closed state
[2026-05-26T03:20:05.955Z] Topic:
aquaponic/device/data
[2026-05-26T03:20:05.955Z] {"mac_address":"ESP:32:AA:BB:CC:01","sensors":{"temperature":23.7,"humidity":35.5,"ph":7.8}}
[2026-05-26T03:20:05.960Z] Runtime Error:
Unknown column 'json_key' in 'field list'
[2026-05-26T03:23:53.586Z] Heartbeat alive
[2026-05-26T03:25:07.577Z] Topic:
aquaponic/device/data
[2026-05-26T03:25:07.577Z] {"mac_address":"ESP:32:AA:BB:CC:01","sensors":{"temperature":17.7,"humidity":43.8,"ph":6.3}}
[2026-05-26T03:25:07.579Z] Topic: aquaponic/device/data
[2026-05-26T03:25:07.579Z] Payload: {"mac_address":"ESP:32:AA:BB:CC:01","sensors":{"temperature":17.7,"humidity":43.8,"ph":6.3}}
[2026-05-26T03:25:07.580Z] Runtime Error: Can't add new command when connection is in closed state
[2026-05-26T03:25:07.581Z] Runtime Error:
Unknown column 'json_key' in 'field list'
[2026-05-26T03:28:53.597Z] Heartbeat alive
[2026-05-26T03:30:09.314Z] Topic: aquaponic/device/data
[2026-05-26T03:30:09.314Z] Payload: {"mac_address":"ESP:32:AA:BB:CC:01","sensors":{"temperature":18.1,"humidity":48.5,"ph":6.3}}
[2026-05-26T03:30:09.315Z] Runtime Error: Can't add new command when connection is in closed state
[2026-05-26T03:30:09.315Z] Topic:
aquaponic/device/data
[2026-05-26T03:30:09.315Z] {"mac_address":"ESP:32:AA:BB:CC:01","sensors":{"temperature":18.1,"humidity":48.5,"ph":6.3}}
[2026-05-26T03:30:09.319Z] Runtime Error:
Unknown column 'json_key' in 'field list'
[2026-05-26T03:32:32.379Z] Topic: aquaponic/device/data
[2026-05-26T03:32:32.379Z] Payload: {"mac_address":"ESP:32:AA:BB:CC:01","sensors":{"temperature":18,"humidity":42.3,"ph":6.3}}
[2026-05-26T03:32:32.379Z] Runtime Error: Can't add new command when connection is in closed state
[2026-05-26T03:32:32.379Z] Topic:
aquaponic/device/data
[2026-05-26T03:32:32.379Z] {"mac_address":"ESP:32:AA:BB:CC:01","sensors":{"temperature":18,"humidity":42.3,"ph":6.3}}
[2026-05-26T03:32:32.382Z] Runtime Error:
Unknown column 'json_key' in 'field list'
[2026-05-26T03:33:25.111Z] Topic:
aquaponic/device/data
[2026-05-26T03:33:25.111Z] {"mac_address":"ESP:32:AA:BB:CC:01","sensors":{"temperature":19.8,"humidity":48.2,"ph":7.6}}
[2026-05-26T03:33:25.113Z] Topic: aquaponic/device/data
[2026-05-26T03:33:25.113Z] Payload: {"mac_address":"ESP:32:AA:BB:CC:01","sensors":{"temperature":19.8,"humidity":48.2,"ph":7.6}}
[2026-05-26T03:33:25.113Z] Runtime Error: Can't add new command when connection is in closed state
[2026-05-26T03:33:25.114Z] Runtime Error:
Unknown column 'json_key' in 'field list'
[2026-05-26T03:33:53.608Z] Heartbeat alive
[2026-05-26T03:34:09.012Z] === APP STARTED ===
[2026-05-26T03:34:09.028Z] HTTP Running:
undefined
[2026-05-26T03:34:09.062Z] Database Connected
[2026-05-26T03:34:09.831Z] MQTT Connected
[2026-05-26T03:34:10.029Z] Subscribed:
aquaponic/device/data
[2026-05-26T03:34:24.703Z] Topic: aquaponic/device/data
[2026-05-26T03:34:24.704Z] {"mac_address":"ESP:32:AA:BB:CC:01","sensors":{"temperature":32.3,"humidity":40.4,"ph":5.4}}
[2026-05-26T03:34:24.711Z] Topic: aquaponic/device/data
[2026-05-26T03:34:24.711Z] Payload: {"mac_address":"ESP:32:AA:BB:CC:01","sensors":{"temperature":32.3,"humidity":40.4,"ph":5.4}}
[2026-05-26T03:34:24.712Z] Runtime Error: Can't add new command when connection is in closed state
[2026-05-26T03:39:09.045Z] Heartbeat alive
[2026-05-26T03:39:26.268Z] Topic: aquaponic/device/data
[2026-05-26T03:39:26.269Z] {"mac_address":"ESP:32:AA:BB:CC:01","sensors":{"temperature":26.7,"humidity":63.5,"ph":5.9}}
[2026-05-26T03:39:26.270Z] Topic: aquaponic/device/data
[2026-05-26T03:39:26.270Z] Payload: {"mac_address":"ESP:32:AA:BB:CC:01","sensors":{"temperature":26.7,"humidity":63.5,"ph":5.9}}
[2026-05-26T03:39:26.271Z] Runtime Error: Can't add new command when connection is in closed state
[2026-05-26T03:49:34.016Z] === APP STARTED ===
[2026-05-26T03:49:34.035Z] HTTP Running:
    undefined
[2026-05-26T03:49:34.067Z] Database Connected
[2026-05-26T03:49:34.770Z] MQTT Connected
[2026-05-26T03:49:34.958Z] Subscribed:
aquaponic/device/data
[2026-05-26T03:49:37.423Z] === APP STARTED ===
[2026-05-26T03:49:37.444Z] HTTP Running:
    undefined
[2026-05-26T03:49:37.530Z] Database Connected
[2026-05-26T03:49:38.207Z] MQTT Connected
[2026-05-26T03:49:38.398Z] Subscribed:
aquaponic/device/data
[2026-05-26T03:49:52.135Z] Topic: aquaponic/device/data
[2026-05-26T03:49:52.136Z] Payload: {"mac_address":"ESP:32:AA:BB:CC:01","sensors":{"temperature":21.3,"humidity":62,"ph":4.4}}
[2026-05-26T03:49:52.136Z] Runtime Error: Can't add new command when connection is in closed state
[2026-05-26T03:49:52.135Z] Topic: aquaponic/device/data
[2026-05-26T03:49:52.136Z] {"mac_address":"ESP:32:AA:BB:CC:01","sensors":{"temperature":21.3,"humidity":62,"ph":4.4}}
[2026-05-26T03:53:47.620Z] === APP STARTED ===
[2026-05-26T03:53:47.635Z] HTTP Running:
    undefined
[2026-05-26T03:53:47.716Z] Database Connected
[2026-05-26T03:53:48.412Z] MQTT Connected
[2026-05-26T03:53:48.611Z] Subscribed:
aquaponic/device/data
[2026-05-26T03:54:08.037Z] Topic: aquaponic/device/data
[2026-05-26T03:54:08.037Z] Payload: {"mac_address":"ESP:32:AA:BB:CC:01","sensors":{"temperature":17,"humidity":82.4,"ph":4.6}}
[2026-05-26T03:54:08.037Z] Runtime Error: Can't add new command when connection is in closed state
[2026-05-26T03:54:08.047Z] Topic: aquaponic/device/data
[2026-05-26T03:54:08.048Z] {"mac_address":"ESP:32:AA:BB:CC:01","sensors":{"temperature":17,"humidity":82.4,"ph":4.6}}
[2026-05-26T03:58:47.653Z] Heartbeat alive
[2026-05-26T03:59:09.621Z] Topic: aquaponic/device/data
[2026-05-26T03:59:09.622Z] {"mac_address":"ESP:32:AA:BB:CC:01","sensors":{"temperature":23.6,"humidity":80.5,"ph":7.1}}
[2026-05-26T03:59:09.627Z] Topic: aquaponic/device/data
[2026-05-26T03:59:09.627Z] Payload: {"mac_address":"ESP:32:AA:BB:CC:01","sensors":{"temperature":23.6,"humidity":80.5,"ph":7.1}}
[2026-05-26T03:59:09.628Z] Runtime Error: Can't add new command when connection is in closed state
[2026-05-26T04:03:47.680Z] Heartbeat alive
[2026-05-26T04:04:10.965Z] Topic: aquaponic/device/data
[2026-05-26T04:04:10.966Z] Payload: {"mac_address":"ESP:32:AA:BB:CC:01","sensors":{"temperature":24.7,"humidity":40.4,"ph":7}}
[2026-05-26T04:04:10.966Z] Runtime Error: Can't add new command when connection is in closed state
[2026-05-26T04:04:10.974Z] Topic: aquaponic/device/data
[2026-05-26T04:04:10.974Z] {"mac_address":"ESP:32:AA:BB:CC:01","sensors":{"temperature":24.7,"humidity":40.4,"ph":7}}
[2026-05-26T04:06:25.827Z] === APP STARTED ===
[2026-05-26T04:06:25.905Z] HTTP Running:
    undefined
[2026-05-26T04:06:25.937Z] Database Connected
[2026-05-26T04:06:26.639Z] MQTT Connected
[2026-05-26T04:06:26.822Z] Subscribed:
aquaponic/device/data
[2026-05-26T04:06:39.971Z] Topic: aquaponic/device/data
[2026-05-26T04:06:39.971Z] Payload: {"mac_address":"ESP:32:AA:BB:CC:01","sensors":{"temperature":17,"humidity":85.5,"ph":4.1}}
[2026-05-26T04:06:39.968Z] Topic: aquaponic/device/data
[2026-05-26T04:06:39.968Z] {"mac_address":"ESP:32:AA:BB:CC:01","sensors":{"temperature":17,"humidity":85.5,"ph":4.1}}
[2026-05-26T04:06:39.971Z] Runtime Error: Can't add new command when connection is in closed state
[2026-05-26T04:06:39.986Z] Runtime Error:
sensorType is not defined
[2026-05-26T04:08:39.512Z] === APP STARTED ===
[2026-05-26T04:08:39.528Z] HTTP Running:
    undefined
[2026-05-26T04:08:39.558Z] Database Connected
[2026-05-26T04:08:40.269Z] MQTT Connected
[2026-05-26T04:08:40.456Z] Subscribed:
aquaponic/device/data
[2026-05-26T04:08:43.006Z] === APP STARTED ===
[2026-05-26T04:08:43.025Z] HTTP Running:
    undefined
[2026-05-26T04:08:43.056Z] Database Connected
[2026-05-26T04:08:43.760Z] MQTT Connected
[2026-05-26T04:08:43.946Z] Subscribed:
aquaponic/device/data
[2026-05-26T04:08:57.605Z] Topic: aquaponic/device/data
[2026-05-26T04:08:57.605Z] Payload: {"mac_address":"ESP:32:AA:BB:CC:01","sensors":{"temperature":17.4,"humidity":54.9,"ph":7.2}}
[2026-05-26T04:08:57.605Z] Runtime Error: Can't add new command when connection is in closed state
[2026-05-26T04:08:57.606Z] Topic: aquaponic/device/data
[2026-05-26T04:08:57.606Z] {"mac_address":"ESP:32:AA:BB:CC:01","sensors":{"temperature":17.4,"humidity":54.9,"ph":7.2}}
[2026-05-26T04:08:57.623Z] temperature
=> 17.4
[2026-05-26T04:08:57.626Z] DHT22 Suhu Udara
saved
[2026-05-26T04:08:57.626Z] Alert queued:
DHT22 Suhu Udara
abnormal
(17.4°C)
[2026-05-26T04:08:57.627Z] humidity
=> 54.9
[2026-05-26T04:08:57.628Z] DHT22 Kelembapan Udara
saved
[2026-05-26T04:08:57.628Z] ph
=> 7.2
[2026-05-26T04:08:57.629Z] Sensor pH Air
saved
[2026-05-26T04:08:57.870Z] Fonnte token missing
[2026-05-26T04:08:57.870Z] WhatsApp sent:
082145678901
[2026-05-26T04:09:59.989Z] Topic: aquaponic/device/data
[2026-05-26T04:09:59.989Z] Payload: {"mac_address":"ESP:32:AA:BB:CC:01","sensors":{"temperature":15.6,"humidity":49.1,"ph":5.9}}
[2026-05-26T04:09:59.990Z] Runtime Error: Can't add new command when connection is in closed state
[2026-05-26T04:09:59.995Z] Topic: aquaponic/device/data
[2026-05-26T04:09:59.995Z] {"mac_address":"ESP:32:AA:BB:CC:01","sensors":{"temperature":15.6,"humidity":49.1,"ph":5.9}}
[2026-05-26T04:10:00.000Z] temperature
=> 15.6
[2026-05-26T04:10:00.001Z] DHT22 Suhu Udara
saved
[2026-05-26T04:10:00.001Z] Alert queued:
DHT22 Suhu Udara
abnormal
(15.6°C)
[2026-05-26T04:10:00.001Z] humidity
=> 49.1
[2026-05-26T04:10:00.002Z] DHT22 Kelembapan Udara
saved
[2026-05-26T04:10:00.002Z] ph
=> 5.9
[2026-05-26T04:10:00.002Z] Sensor pH Air
saved
[2026-05-26T04:10:00.186Z] Fonnte token missing
[2026-05-26T04:10:00.186Z] WhatsApp sent:
082145678901
[2026-05-26T04:11:41.412Z] === APP STARTED ===
[2026-05-26T04:11:41.429Z] HTTP Running:
    undefined
[2026-05-26T04:11:41.459Z] Database Connected
[2026-05-26T04:11:42.167Z] MQTT Connected
[2026-05-26T04:11:42.351Z] Subscribed:
aquaponic/device/data
[2026-05-26T04:11:54.037Z] Topic: aquaponic/device/data
[2026-05-26T04:11:54.037Z] Payload: {"mac_address":"ESP:32:AA:BB:CC:01","sensors":{"temperature":19.5,"humidity":36.7,"ph":6}}
[2026-05-26T04:11:54.037Z] Runtime Error: Can't add new command when connection is in closed state
[2026-05-26T04:11:54.039Z] Topic: aquaponic/device/data
[2026-05-26T04:11:54.039Z] {"mac_address":"ESP:32:AA:BB:CC:01","sensors":{"temperature":19.5,"humidity":36.7,"ph":6}}
[2026-05-26T04:11:54.060Z] temperature
=> 19.5
[2026-05-26T04:11:54.062Z] DHT22 Suhu Udara
saved
[2026-05-26T04:11:54.062Z] humidity
=> 36.7
[2026-05-26T04:11:54.064Z] DHT22 Kelembapan Udara
saved
[2026-05-26T04:11:54.064Z] Alert queued:
DHT22 Kelembapan Udara
abnormal
(36.7%)
[2026-05-26T04:11:54.064Z] ph
=> 6
[2026-05-26T04:11:54.065Z] Sensor pH Air
saved
[2026-05-26T04:11:54.342Z] Fonnte Response:
            {"detail":"success! message in queue","id":[158809671],"process":"pending","quota":{"6285866864749":{"details":"deduced from total quota","quota":1000,"remaining":999,"used":1}},"requestid":504468626,"status":true,"target":["6282145678901"]}
[2026-05-26T04:11:54.343Z] WhatsApp sent:
082145678901
[2026-05-26T04:12:54.781Z] Topic: aquaponic/device/data
[2026-05-26T04:12:54.781Z] Payload: {"mac_address":"ESP:32:AA:BB:CC:01","sensors":{"temperature":21.3,"humidity":42.5,"ph":7.4}}
[2026-05-26T04:12:54.782Z] Runtime Error: Can't add new command when connection is in closed state
[2026-05-26T04:12:54.781Z] Topic: aquaponic/device/data
[2026-05-26T04:12:54.782Z] {"mac_address":"ESP:32:AA:BB:CC:01","sensors":{"temperature":21.3,"humidity":42.5,"ph":7.4}}
[2026-05-26T04:12:54.785Z] temperature
=> 21.3
[2026-05-26T04:12:54.786Z] humidity
=> 42.5
[2026-05-26T04:12:54.786Z] DHT22 Suhu Udara
saved
[2026-05-26T04:12:54.787Z] DHT22 Kelembapan Udara
saved
[2026-05-26T04:12:54.787Z] ph
=> 7.4
[2026-05-26T04:12:54.787Z] Sensor pH Air
saved
[2026-05-26T04:13:41.982Z] Topic: aquaponic/device/data
[2026-05-26T04:13:41.982Z] {"mac_address":"ESP:32:AA:BB:CC:01","sensors":{"temperature":29.2,"humidity":50.1,"ph":7.7}}
[2026-05-26T04:13:41.984Z] Topic: aquaponic/device/data
[2026-05-26T04:13:41.984Z] Payload: {"mac_address":"ESP:32:AA:BB:CC:01","sensors":{"temperature":29.2,"humidity":50.1,"ph":7.7}}
[2026-05-26T04:13:41.985Z] Runtime Error: Can't add new command when connection is in closed state
[2026-05-26T04:13:41.985Z] temperature
=> 29.2
[2026-05-26T04:13:41.986Z] DHT22 Suhu Udara
saved
[2026-05-26T04:13:41.986Z] humidity
=> 50.1
[2026-05-26T04:13:41.987Z] DHT22 Kelembapan Udara
saved
[2026-05-26T04:13:41.987Z] ph
=> 7.7
[2026-05-26T04:13:41.987Z] Sensor pH Air
saved
[2026-05-26T04:13:41.988Z] Alert queued:
Sensor pH Air
abnormal
(7.7pH)
[2026-05-26T04:13:42.205Z] Fonnte Response:
            {"reason":"request invalid on disconnected device","requestid":504471220,"status":false}
[2026-05-26T04:13:42.206Z] WhatsApp API Error:
            request invalid on disconnected device
[2026-05-26T04:13:42.206Z] WhatsApp sent:
085713211581
[2026-05-26T04:14:01.762Z] Topic: aquaponic/device/data
[2026-05-26T04:14:01.762Z] Payload: {"mac_address":"ESP:32:AA:BB:CC:01","sensors":{"temperature":19.6,"humidity":69.5,"ph":6}}
[2026-05-26T04:14:01.763Z] Runtime Error: Can't add new command when connection is in closed state
[2026-05-26T04:14:01.771Z] {"mac_address":"ESP:32:AA:BB:CC:01","sensors":{"temperature":19.6,"humidity":69.5,"ph":6}}
[2026-05-26T04:14:01.771Z] Topic: aquaponic/device/data
[2026-05-26T04:14:01.774Z] temperature
=> 19.6
[2026-05-26T04:14:01.775Z] DHT22 Suhu Udara
saved
[2026-05-26T04:14:01.775Z] humidity
=> 69.5
[2026-05-26T04:14:01.775Z] DHT22 Kelembapan Udara
saved
[2026-05-26T04:14:01.775Z] ph
=> 6
[2026-05-26T04:14:01.776Z] Sensor pH Air
saved
[2026-05-26T04:14:22.838Z] Topic: aquaponic/device/data
[2026-05-26T04:14:22.838Z] Payload: {"mac_address":"ESP:32:AA:BB:CC:01","sensors":{"temperature":17.8,"humidity":47.3,"ph":7.1}}
[2026-05-26T04:14:22.839Z] Runtime Error: Can't add new command when connection is in closed state
[2026-05-26T04:14:22.842Z] Topic: aquaponic/device/data
[2026-05-26T04:14:22.842Z] {"mac_address":"ESP:32:AA:BB:CC:01","sensors":{"temperature":17.8,"humidity":47.3,"ph":7.1}}
[2026-05-26T04:14:22.845Z] temperature
=> 17.8
[2026-05-26T04:14:22.845Z] DHT22 Suhu Udara
saved
[2026-05-26T04:14:22.845Z] Alert queued:
DHT22 Suhu Udara
abnormal
(17.8°C)
[2026-05-26T04:14:22.846Z] humidity
=> 47.3
[2026-05-26T04:14:22.846Z] DHT22 Kelembapan Udara
saved
[2026-05-26T04:14:22.847Z] ph
=> 7.1
[2026-05-26T04:14:22.847Z] Sensor pH Air
saved
[2026-05-26T04:14:23.048Z] Fonnte Response:
            {"reason":"request invalid on disconnected device","requestid":504472557,"status":false}
[2026-05-26T04:14:23.049Z] WhatsApp API Error:
            request invalid on disconnected device
[2026-05-26T04:14:23.049Z] WhatsApp sent:
085713211581
[2026-05-26T04:16:41.419Z] Heartbeat alive
[2026-05-26T04:19:24.213Z] Topic: aquaponic/device/data
[2026-05-26T04:19:24.213Z] {"mac_address":"ESP:32:AA:BB:CC:01","sensors":{"temperature":33.1,"humidity":87.3,"ph":7}}
[2026-05-26T04:19:24.214Z] Topic: aquaponic/device/data
[2026-05-26T04:19:24.215Z] Payload: {"mac_address":"ESP:32:AA:BB:CC:01","sensors":{"temperature":33.1,"humidity":87.3,"ph":7}}
[2026-05-26T04:19:24.215Z] Runtime Error: Can't add new command when connection is in closed state
[2026-05-26T04:19:24.216Z] temperature
=> 33.1
[2026-05-26T04:19:24.217Z] DHT22 Suhu Udara
saved
[2026-05-26T04:19:24.217Z] Alert queued:
DHT22 Suhu Udara
abnormal
(33.1°C)
[2026-05-26T04:19:24.217Z] humidity
=> 87.3
[2026-05-26T04:19:24.218Z] DHT22 Kelembapan Udara
saved
[2026-05-26T04:19:24.218Z] Alert queued:
DHT22 Kelembapan Udara
abnormal
(87.3%)
[2026-05-26T04:19:24.218Z] ph
=> 7
[2026-05-26T04:19:24.218Z] Sensor pH Air
saved
[2026-05-26T04:19:24.465Z] Fonnte Response:
            {"reason":"request invalid on disconnected device","requestid":504483500,"status":false}
[2026-05-26T04:19:24.465Z] WhatsApp API Error:
            request invalid on disconnected device
[2026-05-26T04:19:24.465Z] WhatsApp sent:
085713211581
[2026-05-26T04:19:24.625Z] Fonnte Response:
            {"reason":"request invalid on disconnected device","requestid":504483506,"status":false}
[2026-05-26T04:19:24.625Z] WhatsApp API Error:
            request invalid on disconnected device
[2026-05-26T04:19:24.625Z] WhatsApp sent:
085713211581
[2026-05-26T04:21:41.447Z] Heartbeat alive
[2026-05-26T04:24:25.876Z] Topic: aquaponic/device/data
[2026-05-26T04:24:25.876Z] Payload: {"mac_address":"ESP:32:AA:BB:CC:01","sensors":{"temperature":30.7,"humidity":72.9,"ph":7.8}}
[2026-05-26T04:24:25.877Z] Runtime Error: Can't add new command when connection is in closed state
[2026-05-26T04:24:25.877Z] Topic: aquaponic/device/data
[2026-05-26T04:24:25.877Z] {"mac_address":"ESP:32:AA:BB:CC:01","sensors":{"temperature":30.7,"humidity":72.9,"ph":7.8}}
[2026-05-26T04:24:25.880Z] temperature
=> 30.7
[2026-05-26T04:24:25.881Z] DHT22 Suhu Udara
saved
[2026-05-26T04:24:25.881Z] humidity
=> 72.9
[2026-05-26T04:24:25.882Z] DHT22 Kelembapan Udara
saved
[2026-05-26T04:24:25.882Z] ph
=> 7.8
[2026-05-26T04:24:25.882Z] Sensor pH Air
saved
[2026-05-26T04:24:25.882Z] Alert queued:
Sensor pH Air
abnormal
(7.8pH)
[2026-05-26T04:24:26.141Z] Fonnte Response:
            {"reason":"request invalid on disconnected device","requestid":504494997,"status":false}
[2026-05-26T04:24:26.141Z] WhatsApp API Error:
            request invalid on disconnected device
[2026-05-26T04:24:26.141Z] WhatsApp sent:
085713211581
[2026-05-26T04:26:41.473Z] Heartbeat alive
[2026-05-26T04:29:27.482Z] Topic: aquaponic/device/data
[2026-05-26T04:29:27.483Z] Payload: {"mac_address":"ESP:32:AA:BB:CC:01","sensors":{"temperature":16.4,"humidity":57.7,"ph":5}}
[2026-05-26T04:29:27.483Z] Runtime Error: Can't add new command when connection is in closed state
[2026-05-26T04:29:27.485Z] Topic: aquaponic/device/data
[2026-05-26T04:29:27.485Z] {"mac_address":"ESP:32:AA:BB:CC:01","sensors":{"temperature":16.4,"humidity":57.7,"ph":5}}
[2026-05-26T04:29:27.488Z] temperature
=> 16.4
[2026-05-26T04:29:27.489Z] DHT22 Suhu Udara
saved
[2026-05-26T04:29:27.489Z] Alert queued:
DHT22 Suhu Udara
abnormal
(16.4°C)
[2026-05-26T04:29:27.489Z] humidity
=> 57.7
[2026-05-26T04:29:27.490Z] DHT22 Kelembapan Udara
saved
[2026-05-26T04:29:27.490Z] ph
=> 5
[2026-05-26T04:29:27.490Z] Sensor pH Air
saved
[2026-05-26T04:29:27.490Z] Alert queued:
Sensor pH Air
abnormal
(5pH)
[2026-05-26T04:29:27.716Z] Fonnte Response:
            {"reason":"request invalid on disconnected device","requestid":504505201,"status":false}
[2026-05-26T04:29:27.716Z] WhatsApp API Error:
            request invalid on disconnected device
[2026-05-26T04:29:27.716Z] WhatsApp sent:
085713211581
[2026-05-26T04:29:27.920Z] Fonnte Response:
            {"reason":"request invalid on disconnected device","requestid":504505211,"status":false}
[2026-05-26T04:29:27.920Z] WhatsApp API Error:
            request invalid on disconnected device
[2026-05-26T04:29:27.920Z] WhatsApp sent:
085713211581
[2026-05-26T04:30:46.937Z] Topic: aquaponic/device/data
[2026-05-26T04:30:46.937Z] {"mac_address":"A4:F0:0F:73:D7:20","sensors":{"temperature":33.1,"humidity":86.3,"ph":5.3}}
[2026-05-26T04:30:46.939Z] Topic: aquaponic/device/data
[2026-05-26T04:30:46.939Z] Payload: {"mac_address":"A4:F0:0F:73:D7:20","sensors":{"temperature":33.1,"humidity":86.3,"ph":5.3}}
[2026-05-26T04:30:46.940Z] Runtime Error: Can't add new command when connection is in closed state
[2026-05-26T04:30:46.940Z] ph
=> 5.3
[2026-05-26T04:30:46.941Z] PH Sensor Baru
saved
[2026-05-26T04:30:46.941Z] Alert queued:
PH Sensor Baru
abnormal
(5.3pH)
[2026-05-26T04:30:46.941Z] temperature
=> 33.1
[2026-05-26T04:30:46.941Z] Temperature Sensor Baru
saved
[2026-05-26T04:30:47.149Z] Fonnte Response:
            {"reason":"request invalid on disconnected device","requestid":504510553,"status":false}
[2026-05-26T04:30:47.149Z] WhatsApp API Error:
            request invalid on disconnected device
[2026-05-26T04:30:47.150Z] WhatsApp sent:
6285713211581
[2026-05-26T04:31:41.497Z] Heartbeat alive
[2026-05-26T04:35:48.364Z] Topic: aquaponic/device/data
[2026-05-26T04:35:48.364Z] Payload: {"mac_address":"A4:F0:0F:73:D7:20","sensors":{"temperature":29.8,"humidity":33.4,"ph":5.9}}
[2026-05-26T04:35:48.364Z] Runtime Error: Can't add new command when connection is in closed state
[2026-05-26T04:35:48.365Z] Topic: aquaponic/device/data
[2026-05-26T04:35:48.365Z] {"mac_address":"A4:F0:0F:73:D7:20","sensors":{"temperature":29.8,"humidity":33.4,"ph":5.9}}
[2026-05-26T04:35:48.368Z] ph
=> 5.9
[2026-05-26T04:35:48.368Z] PH Sensor Baru
saved
[2026-05-26T04:35:48.368Z] Alert queued:
PH Sensor Baru
abnormal
(5.9pH)
[2026-05-26T04:35:48.369Z] temperature
=> 29.8
[2026-05-26T04:35:48.369Z] Temperature Sensor Baru
saved
[2026-05-26T04:35:48.607Z] Fonnte Response:
            {"reason":"request invalid on disconnected device","requestid":504518666,"status":false}
[2026-05-26T04:35:48.608Z] WhatsApp API Error:
            request invalid on disconnected device
[2026-05-26T04:35:48.608Z] WhatsApp sent:
6285713211581
[2026-05-26T04:36:41.509Z] Heartbeat alive
[2026-05-26T04:40:49.938Z] Topic: aquaponic/device/data
[2026-05-26T04:40:49.938Z] Payload: {"mac_address":"A4:F0:0F:73:D7:20","sensors":{"temperature":22.6,"humidity":72,"ph":7.7}}
[2026-05-26T04:40:49.939Z] Runtime Error: Can't add new command when connection is in closed state
[2026-05-26T04:40:49.944Z] Topic: aquaponic/device/data
[2026-05-26T04:40:49.944Z] {"mac_address":"A4:F0:0F:73:D7:20","sensors":{"temperature":22.6,"humidity":72,"ph":7.7}}
[2026-05-26T04:40:49.947Z] ph
=> 7.7
[2026-05-26T04:40:49.948Z] PH Sensor Baru
saved
[2026-05-26T04:40:49.948Z] temperature
=> 22.6
[2026-05-26T04:40:49.948Z] Temperature Sensor Baru
saved
[2026-05-26T04:41:41.532Z] Heartbeat alive
[2026-05-26T04:45:51.225Z] Topic: aquaponic/device/data
[2026-05-26T04:45:51.226Z] Payload: {"mac_address":"A4:F0:0F:73:D7:20","sensors":{"temperature":34.9,"humidity":33.3,"ph":4.7}}
[2026-05-26T04:45:51.226Z] Runtime Error: Can't add new command when connection is in closed state
[2026-05-26T04:45:51.240Z] Topic: aquaponic/device/data
[2026-05-26T04:45:51.240Z] {"mac_address":"A4:F0:0F:73:D7:20","sensors":{"temperature":34.9,"humidity":33.3,"ph":4.7}}
[2026-05-26T04:45:51.242Z] ph
=> 4.7
[2026-05-26T04:45:51.243Z] PH Sensor Baru
saved
[2026-05-26T04:45:51.243Z] Alert queued:
PH Sensor Baru
abnormal
(4.7pH)
[2026-05-26T04:45:51.243Z] temperature
=> 34.9
[2026-05-26T04:45:51.244Z] Temperature Sensor Baru
saved
[2026-05-26T04:45:51.504Z] Fonnte Response:
            {"reason":"request invalid on disconnected device","requestid":504529689,"status":false}
[2026-05-26T04:45:51.504Z] WhatsApp API Error:
            request invalid on disconnected device
[2026-05-26T04:45:51.504Z] WhatsApp sent:
6285713211581
[2026-05-26T04:46:41.545Z] Heartbeat alive
[2026-05-26T04:50:52.797Z] Topic: aquaponic/device/data
[2026-05-26T04:50:52.797Z] Payload: {"mac_address":"A4:F0:0F:73:D7:20","sensors":{"temperature":21.4,"humidity":58.8,"ph":5.2}}
[2026-05-26T04:50:52.798Z] Runtime Error: Can't add new command when connection is in closed state
[2026-05-26T04:50:52.797Z] Topic: aquaponic/device/data
[2026-05-26T04:50:52.798Z] {"mac_address":"A4:F0:0F:73:D7:20","sensors":{"temperature":21.4,"humidity":58.8,"ph":5.2}}
[2026-05-26T04:50:52.801Z] ph
=> 5.2
[2026-05-26T04:50:52.802Z] PH Sensor Baru
saved
[2026-05-26T04:50:52.802Z] Alert queued:
PH Sensor Baru
abnormal
(5.2pH)
[2026-05-26T04:50:52.802Z] temperature
=> 21.4
[2026-05-26T04:50:52.802Z] Temperature Sensor Baru
saved
[2026-05-26T04:50:53.027Z] Fonnte Response:
            {"reason":"request invalid on disconnected device","requestid":504537841,"status":false}
[2026-05-26T04:50:53.027Z] WhatsApp API Error:
            request invalid on disconnected device
[2026-05-26T04:50:53.028Z] WhatsApp sent:
6285713211581
[2026-05-26T04:51:41.552Z] Heartbeat alive
[2026-05-26T04:51:50.318Z] === APP STARTED ===
[2026-05-26T04:51:50.336Z] HTTP Running:
    undefined
[2026-05-26T04:51:50.417Z] Database Connected
[2026-05-26T04:51:51.064Z] MQTT Connected
[2026-05-26T04:51:51.252Z] Subscribed:
aquaponic/device/data
[2026-05-26T04:52:31.478Z] Topic: aquaponic/device/data
[2026-05-26T04:52:31.478Z] Payload: {"mac_address":"A4:F0:0F:73:D7:20","sensors":{"temperature":30.9,"humidity":91.4,"ph":8.7}}
[2026-05-26T04:52:31.478Z] Runtime Error: Can't add new command when connection is in closed state
[2026-05-26T04:52:31.482Z] Topic: aquaponic/device/data
[2026-05-26T04:52:31.483Z] {"mac_address":"A4:F0:0F:73:D7:20","sensors":{"temperature":30.9,"humidity":91.4,"ph":8.7}}
[2026-05-26T04:52:31.497Z] ph
=> 8.7
[2026-05-26T04:52:31.499Z] PH Sensor Baru
saved
[2026-05-26T04:52:31.499Z] temperature
=> 30.9
[2026-05-26T04:52:31.501Z] Temperature Sensor Baru
saved
[2026-05-26T04:53:20.554Z] Topic: aquaponic/device/data
[2026-05-26T04:53:20.554Z] Payload: {"mac_address":"A4:F0:0F:73:D7:20","sensors":{"temperature":27.3,"humidity":31.2,"ph":8.3}}
[2026-05-26T04:53:20.555Z] Runtime Error: Can't add new command when connection is in closed state
[2026-05-26T04:53:20.558Z] Topic: aquaponic/device/data
[2026-05-26T04:53:20.558Z] {"mac_address":"A4:F0:0F:73:D7:20","sensors":{"temperature":27.3,"humidity":31.2,"ph":8.3}}
[2026-05-26T04:53:20.561Z] ph
=> 8.3
[2026-05-26T04:53:20.562Z] PH Sensor Baru
saved
[2026-05-26T04:53:20.562Z] Alert queued:
PH Sensor Baru
abnormal
(8.3pH)
[2026-05-26T04:53:20.562Z] temperature
=> 27.3
[2026-05-26T04:53:20.563Z] Temperature Sensor Baru
saved
[2026-05-26T04:53:20.583Z] Sending Alert:
{"site_id":9,"message":"PH Sensor Baru\nabnormal\n(8.3pH)","type":"warning"}
[2026-05-26T04:53:20.779Z] Sensor Alert Response:
{"message":"Notification saved, but email failed","created":true,"notification_id":1730}
[2026-05-26T04:53:20.779Z] Notification created:
1730
[2026-05-26T04:53:20.805Z] Fonnte Response:
            {"reason":"request invalid on disconnected device","requestid":504542223,"status":false}
[2026-05-26T04:53:20.806Z] WhatsApp API Error:
            request invalid on disconnected device
[2026-05-26T04:53:20.806Z] WhatsApp sent:
6285713211581
[2026-05-26T04:56:50.354Z] Heartbeat alive
[2026-05-26T04:58:21.922Z] Topic: aquaponic/device/data
[2026-05-26T04:58:21.922Z] Payload: {"mac_address":"A4:F0:0F:73:D7:20","sensors":{"temperature":19.8,"humidity":39.7,"ph":5.6}}
[2026-05-26T04:58:21.922Z] Runtime Error: Can't add new command when connection is in closed state
[2026-05-26T04:58:21.921Z] Topic: aquaponic/device/data
[2026-05-26T04:58:21.921Z] {"mac_address":"A4:F0:0F:73:D7:20","sensors":{"temperature":19.8,"humidity":39.7,"ph":5.6}}
[2026-05-26T04:58:21.926Z] ph
=> 5.6
[2026-05-26T04:58:21.927Z] PH Sensor Baru
saved
[2026-05-26T04:58:21.927Z] Alert queued:
PH Sensor Baru
abnormal
(5.6pH)
[2026-05-26T04:58:21.927Z] temperature
=> 19.8
[2026-05-26T04:58:21.928Z] Temperature Sensor Baru
saved
[2026-05-26T04:58:21.928Z] Alert queued:
Temperature Sensor Baru
abnormal
(19.8Celcius)
[2026-05-26T04:58:21.939Z] Sending Alert:
{"site_id":9,"message":"PH Sensor Baru\nabnormal\n(5.6pH)","type":"warning"}
[2026-05-26T04:58:22.151Z] Sensor Alert Response:
{"message":"Notification saved, but email failed","created":true,"notification_id":1731,"error":"Mailer [SMTP] is not defined.","file":"MailManager.php","line":117}
[2026-05-26T04:58:22.151Z] Notification created:
1731
[2026-05-26T04:58:22.184Z] Fonnte Response:
            {"reason":"request invalid on disconnected device","requestid":504550255,"status":false}
[2026-05-26T04:58:22.184Z] WhatsApp API Error:
            request invalid on disconnected device
[2026-05-26T04:58:22.185Z] WhatsApp sent:
6285713211581
[2026-05-26T04:58:22.185Z] Sending Alert:
{"site_id":9,"message":"Temperature Sensor Baru\nabnormal\n(19.8Celcius)","type":"warning"}
[2026-05-26T04:58:22.318Z] Sensor Alert Response:
{"message":"Notification saved, but email failed","created":true,"notification_id":1732,"error":"Mailer [SMTP] is not defined.","file":"MailManager.php","line":117}
[2026-05-26T04:58:22.319Z] Notification created:
1732
[2026-05-26T04:58:22.326Z] Fonnte Response:
            {"reason":"request invalid on disconnected device","requestid":504550262,"status":false}
[2026-05-26T04:58:22.326Z] WhatsApp API Error:
            request invalid on disconnected device
[2026-05-26T04:58:22.326Z] WhatsApp sent:
6285713211581
[2026-05-26T04:59:27.534Z] === APP STARTED ===
[2026-05-26T04:59:27.605Z] HTTP Running:
    undefined
[2026-05-26T04:59:27.633Z] Database Connected
[2026-05-26T04:59:28.818Z] === APP STARTED ===
[2026-05-26T04:59:28.833Z] HTTP Running:
    undefined
[2026-05-26T04:59:28.911Z] Database Connected
[2026-05-26T04:59:29.562Z] MQTT Connected
[2026-05-26T04:59:29.748Z] Subscribed:
aquaponic/device/data
[2026-05-26T04:59:35.218Z] Topic: aquaponic/device/data
[2026-05-26T04:59:35.218Z] Payload: {"mac_address":"A4:F0:0F:73:D7:20","sensors":{"temperature":27.3,"humidity":31.2,"ph":8.3}}
[2026-05-26T04:59:35.218Z] Runtime Error: Can't add new command when connection is in closed state
[2026-05-26T04:59:35.217Z] Topic: aquaponic/device/data
[2026-05-26T04:59:35.217Z] {"mac_address":"A4:F0:0F:73:D7:20","sensors":{"temperature":27.3,"humidity":31.2,"ph":8.3}}
[2026-05-26T04:59:35.233Z] ph
=> 8.3
[2026-05-26T04:59:35.235Z] PH Sensor Baru
saved
[2026-05-26T04:59:35.235Z] Alert queued:
PH Sensor Baru
abnormal
(8.3pH)
[2026-05-26T04:59:35.236Z] temperature
=> 27.3
[2026-05-26T04:59:35.237Z] Temperature Sensor Baru
saved
[2026-05-26T04:59:35.247Z] Sending Alert:
{"site_id":9,"message":"PH Sensor Baru\nabnormal\n(8.3pH)","type":"warning"}
[2026-05-26T04:59:35.409Z] Sensor Alert Response:
{"message":"Notification sent","created":false,"notification_id":null}
[2026-05-26T04:59:35.409Z] Duplicate notification skipped
[2026-05-26T05:04:37.182Z] Topic: aquaponic/device/data
[2026-05-26T05:04:37.182Z] Payload: {"mac_address":"A4:F0:0F:73:D7:20","sensors":{"temperature":19.8,"humidity":39.7,"ph":5.6}}
[2026-05-26T05:04:37.183Z] Runtime Error: Can't add new command when connection is in closed state
[2026-05-26T05:05:05.621Z] === APP STARTED ===
[2026-05-26T05:05:05.638Z] HTTP Running:
    undefined
[2026-05-26T05:05:05.718Z] Database Connected
[2026-05-26T05:05:06.424Z] MQTT Connected
[2026-05-26T05:05:06.624Z] Subscribed:
aquaponic/device/data
[2026-05-26T05:05:08.864Z] Topic: aquaponic/device/data
[2026-05-26T05:05:08.864Z] Payload: {"mac_address":"A4:F0:0F:73:D7:20","sensors":{"temperature":33,"humidity":40.8,"ph":7.5}}
[2026-05-26T05:05:08.865Z] Runtime Error: Can't add new command when connection is in closed state
[2026-05-26T05:05:08.877Z] Topic: aquaponic/device/data
[2026-05-26T05:05:08.877Z] {"mac_address":"A4:F0:0F:73:D7:20","sensors":{"temperature":33,"humidity":40.8,"ph":7.5}}
[2026-05-26T05:05:08.891Z] ph
=> 7.5
[2026-05-26T05:05:08.893Z] PH Sensor Baru
saved
[2026-05-26T05:05:08.894Z] temperature
=> 33
[2026-05-26T05:05:08.895Z] Temperature Sensor Baru
saved
[2026-05-26T05:05:08.895Z] Alert queued:
Temperature Sensor Baru
abnormal
(33Celcius)
[2026-05-26T05:05:08.907Z] Sending Alert:
{"site_id":9,"message":"Temperature Sensor Baru\nabnormal\n(33Celcius)","type":"warning"}
[2026-05-26T05:05:17.171Z] Sensor Alert Response:
{"message":"Notification saved, but email failed","created":true,"notification_id":1733,"error":"Failed to authenticate on SMTP server with username \"noreply@smartaquaponic.my.id\" using the following authenticators: \"LOGIN\", \"PLAIN\". Authenticator \"LOGIN\" returned \"Expected response code \"235\" but got code \"535\", with message \"535 Incorrect authentication data\".\". Authenticator \"PLAIN\" returned \"Expected response code \"235\" but got code \"535\", with message \"535 Incorrect authentication data\".\".","file":"EsmtpTransport.php","line":269}
[2026-05-26T05:05:17.171Z] Notification created:
1733
[2026-05-26T05:05:17.198Z] Fonnte Response:
            {"reason":"request invalid on disconnected device","requestid":504565228,"status":false}
[2026-05-26T05:05:17.198Z] WhatsApp API Error:
            request invalid on disconnected device
[2026-05-26T05:05:17.198Z] WhatsApp sent:
6285713211581
[2026-05-26T05:06:41.344Z] Topic: aquaponic/device/data
[2026-05-26T05:06:41.344Z] Payload: {"mac_address":"A4:F0:0F:73:D7:20","sensors":{"temperature":30.9,"humidity":42.8,"ph":6.3}}
[2026-05-26T05:06:41.345Z] Runtime Error: Can't add new command when connection is in closed state
[2026-05-26T05:06:41.351Z] Topic: aquaponic/device/data
[2026-05-26T05:06:41.351Z] {"mac_address":"A4:F0:0F:73:D7:20","sensors":{"temperature":30.9,"humidity":42.8,"ph":6.3}}
[2026-05-26T05:06:41.355Z] ph
=> 6.3
[2026-05-26T05:06:41.356Z] PH Sensor Baru
saved
[2026-05-26T05:06:41.356Z] temperature
=> 30.9
[2026-05-26T05:06:41.357Z] Temperature Sensor Baru
saved
[2026-05-26T05:06:41.357Z] Alert queued:
Temperature Sensor Baru
abnormal
(30.9Celcius)
[2026-05-26T05:06:41.364Z] Sending Alert:
{"site_id":9,"message":"Temperature Sensor Baru\nabnormal\n(30.9Celcius)","type":"warning"}
[2026-05-26T05:06:49.109Z] Sensor Alert Response:
{"message":"Notification saved, but email failed","created":true,"notification_id":1734,"error":"Failed to authenticate on SMTP server with username \"noreply@smartaquaponic.my.id\" using the following authenticators: \"LOGIN\", \"PLAIN\". Authenticator \"LOGIN\" returned \"Expected response code \"235\" but got code \"535\", with message \"535 Incorrect authentication data\".\". Authenticator \"PLAIN\" returned \"Expected response code \"235\" but got code \"535\", with message \"535 Incorrect authentication data\".\".","file":"EsmtpTransport.php","line":269}
[2026-05-26T05:06:49.109Z] Notification created:
1734
[2026-05-26T05:06:49.130Z] Fonnte Response:
            {"reason":"request invalid on disconnected device","requestid":504568322,"status":false}
[2026-05-26T05:06:49.130Z] WhatsApp API Error:
            request invalid on disconnected device
[2026-05-26T05:06:49.130Z] WhatsApp sent:
6285713211581
[2026-05-26T05:09:09.314Z] Topic: aquaponic/device/data
[2026-05-26T05:09:09.314Z] Payload: {"mac_address":"A4:F0:0F:73:D7:20","sensors":{"temperature":31.2,"humidity":35.2,"ph":5.9}}
[2026-05-26T05:09:09.315Z] Runtime Error: Can't add new command when connection is in closed state
[2026-05-26T05:09:09.330Z] Topic: aquaponic/device/data
[2026-05-26T05:09:09.330Z] {"mac_address":"A4:F0:0F:73:D7:20","sensors":{"temperature":31.2,"humidity":35.2,"ph":5.9}}
[2026-05-26T05:09:09.334Z] ph
=> 5.9
[2026-05-26T05:09:09.335Z] PH Sensor Baru
saved
[2026-05-26T05:09:09.335Z] Alert queued:
PH Sensor Baru
abnormal
(5.9pH)
[2026-05-26T05:09:09.335Z] temperature
=> 31.2
[2026-05-26T05:09:09.336Z] Temperature Sensor Baru
saved
[2026-05-26T05:09:09.336Z] Alert queued:
Temperature Sensor Baru
abnormal
(31.2Celcius)
[2026-05-26T05:09:09.354Z] Sending Alert:
{"site_id":9,"message":"PH Sensor Baru\nabnormal\n(5.9pH)","type":"warning"}
[2026-05-26T05:09:09.817Z] Sensor Alert Response:
{"message":"Notification sent","created":true,"notification_id":1735}
[2026-05-26T05:09:09.817Z] Notification created:
1735
[2026-05-26T05:09:09.836Z] Fonnte Response:
            {"reason":"request invalid on disconnected device","requestid":504573467,"status":false}
[2026-05-26T05:09:09.837Z] WhatsApp API Error:
            request invalid on disconnected device
[2026-05-26T05:09:09.837Z] WhatsApp sent:
6285713211581
[2026-05-26T05:09:09.837Z] Sending Alert:
{"site_id":9,"message":"Temperature Sensor Baru\nabnormal\n(31.2Celcius)","type":"warning"}
[2026-05-26T05:09:10.118Z] Sensor Alert Response:
{"message":"Notification sent","created":true,"notification_id":1736}
[2026-05-26T05:09:10.118Z] Notification created:
1736
[2026-05-26T05:09:10.126Z] Fonnte Response:
            {"reason":"request invalid on disconnected device","requestid":504573474,"status":false}
[2026-05-26T05:09:10.127Z] WhatsApp API Error:
            request invalid on disconnected device
[2026-05-26T05:09:10.127Z] WhatsApp sent:
6285713211581
[2026-05-26T05:09:50.347Z] === APP STARTED ===
[2026-05-26T05:09:50.412Z] HTTP Running:
    undefined
[2026-05-26T05:09:50.443Z] Database Connected
[2026-05-26T05:09:51.201Z] MQTT Connected
[2026-05-26T05:09:51.400Z] Subscribed:
aquaponic/device/data
[2026-05-26T05:10:06.648Z] Topic: aquaponic/device/data
[2026-05-26T05:10:06.648Z] Payload: {"mac_address":"A4:F0:0F:73:D7:20","sensors":{"temperature":32.7,"humidity":32.2,"ph":5.2}}
[2026-05-26T05:10:06.649Z] Runtime Error: Can't add new command when connection is in closed state
[2026-05-26T05:10:06.661Z] Topic: aquaponic/device/data
[2026-05-26T05:10:06.661Z] {"mac_address":"A4:F0:0F:73:D7:20","sensors":{"temperature":32.7,"humidity":32.2,"ph":5.2}}
[2026-05-26T05:10:06.679Z] ph
=> 5.2
[2026-05-26T05:10:06.682Z] PH Sensor Baru
saved
[2026-05-26T05:10:06.682Z] Alert queued:
PH Sensor Baru
abnormal
(5.2pH)
[2026-05-26T05:10:06.682Z] temperature
=> 32.7
[2026-05-26T05:10:06.684Z] Temperature Sensor Baru
saved
[2026-05-26T05:10:06.684Z] Alert queued:
Temperature Sensor Baru
abnormal
(32.7Celcius)
[2026-05-26T05:10:06.705Z] Sending Alert:
{"site_id":9,"message":"PH Sensor Baru\nabnormal\n(5.2pH)","type":"warning"}
[2026-05-26T05:10:06.854Z] Sensor Alert Response:
{"message":"Notification sent","created":false,"notification_id":null}
[2026-05-26T05:10:06.854Z] Duplicate notification skipped
[2026-05-26T05:10:06.854Z] Sending Alert:
{"site_id":9,"message":"Temperature Sensor Baru\nabnormal\n(32.7Celcius)","type":"warning"}
[2026-05-26T05:10:07.153Z] Sensor Alert Response:
{"message":"Notification sent","created":true,"notification_id":1737}
[2026-05-26T05:10:07.154Z] Notification created:
1737
[2026-05-26T05:10:07.210Z] Fonnte Response:
            {"reason":"request invalid on disconnected device","requestid":504576593,"status":false}
[2026-05-26T05:10:07.211Z] WhatsApp API Error:
            request invalid on disconnected device
[2026-05-26T05:10:07.211Z] WhatsApp sent:
6285713211581
[2026-05-26T09:07:07.308Z] === APP STARTED ===
[2026-05-26T09:07:07.324Z] HTTP Running on port 5000
[2026-05-26T09:07:07.374Z] DB Error: Access denied for user 'smartaqu_skripsi_user'@'localhost' (using password: YES)
[2026-05-26T09:07:08.339Z] MQTT Connected
[2026-05-26T09:07:08.544Z] Subscribed to topics: aquaponic/device/data and aquaponic/device/+/actuator
[2026-05-26T09:07:28.663Z] Berhasil publish konfigurasi ke MQTT topik aquaponic/device/ESP:32:AA:BB:CC:03/config
[2026-05-26T09:12:07.330Z] Heartbeat alive
